{
	"format_version": "1.9.0",
	"credit": "Made with Blockbench",
	"textures": {
		"0": "f_model/camouflage_jacket",
		"1": "f_model/metal_sheet",
		"2": "f_model/thread",
		"particle": "f_model/camouflage_jacket"
	},
	"elements": [
		{
			"from": [1.5, 7.25, 0.625],
			"to": [10.5, 8, 13.375],
			"rotation": {"angle": 0, "axis": "y", "origin": [5, 7.25, 7.875]},
			"faces": {
				"north": {"uv": [9, 14.875, 0, 15.625], "texture": "#0"},
				"east": {"uv": [12.75, 0, 0, 0.75], "texture": "#0"},
				"south": {"uv": [9, 0, 0, 0.75], "texture": "#0"},
				"west": {"uv": [12.75, 0, 0, 0.75], "texture": "#0"},
				"up": {"uv": [0, 12.75, 9, 0], "texture": "#0"},
				"down": {"uv": [6, 12.75, 15, 0], "texture": "#0"}
			}
		},
		{
			"from": [9.125, 8, 2.35],
			"to": [9.175, 8.185, 2.6],
			"rotation": {"angle": 0, "axis": "x", "origin": [15.3, 8.06498, 1.73999]},
			"faces": {
				"north": {"uv": [1.975, 1, 2.025, 1.185], "rotation": 180, "texture": "#2"},
				"east": {"uv": [1, 0, 1.185, 0.25], "rotation": 270, "texture": "#2"},
				"south": {"uv": [0.975, 1, 1.025, 1.185], "texture": "#2"},
				"west": {"uv": [5, 1, 5.25, 1.185], "rotation": 180, "texture": "#2"},
				"up": {"uv": [6.025, 3.75, 5.975, 3.5], "texture": "#2"}
			}
		},
		{
			"from": [6.85, 8, 2.35],
			"to": [6.9, 8.185, 2.6],
			"rotation": {"angle": 0, "axis": "y", "origin": [13.025, 8.06498, 1.73999]},
			"faces": {
				"north": {"uv": [1.975, 1, 2.025, 1.185], "rotation": 180, "texture": "#2"},
				"east": {"uv": [1, 0, 1.185, 0.25], "rotation": 270, "texture": "#2"},
				"south": {"uv": [0.975, 1, 1.025, 1.185], "texture": "#2"},
				"west": {"uv": [5, 1, 5.25, 1.185], "rotation": 180, "texture": "#2"},
				"up": {"uv": [6.025, 3.75, 5.975, 3.5], "texture": "#2"}
			}
		},
		{
			"from": [2.925, 8, 12.15],
			"to": [2.975, 8.185, 12.4],
			"rotation": {"angle": 0, "axis": "y", "origin": [9.1, 8.06498, 11.53999]},
			"faces": {
				"north": {"uv": [1.975, 1, 2.025, 1.185], "rotation": 180, "texture": "#2"},
				"east": {"uv": [1, 0, 1.185, 0.25], "rotation": 270, "texture": "#2"},
				"south": {"uv": [0.975, 1, 1.025, 1.185], "texture": "#2"},
				"west": {"uv": [5, 1, 5.25, 1.185], "rotation": 180, "texture": "#2"},
				"up": {"uv": [6.025, 3.75, 5.975, 3.5], "texture": "#2"}
			}
		},
		{
			"from": [5.1, 8, 12.15],
			"to": [5.15, 8.185, 12.4],
			"rotation": {"angle": 0, "axis": "y", "origin": [11.275, 8.06498, 11.53999]},
			"faces": {
				"north": {"uv": [1.975, 1, 2.025, 1.185], "rotation": 180, "texture": "#2"},
				"east": {"uv": [1, 0, 1.185, 0.25], "rotation": 270, "texture": "#2"},
				"south": {"uv": [0.975, 1, 1.025, 1.185], "texture": "#2"},
				"west": {"uv": [5, 1, 5.25, 1.185], "rotation": 180, "texture": "#2"},
				"up": {"uv": [6.025, 3.75, 5.975, 3.5], "texture": "#2"}
			}
		},
		{
			"from": [2.875, 8, 7.15],
			"to": [2.925, 8.185, 7.6],
			"rotation": {"angle": 0, "axis": "y", "origin": [9.05, 8.06498, 6.53999]},
			"faces": {
				"north": {"uv": [1.975, 1, 2.025, 1.185], "rotation": 180, "texture": "#2"},
				"east": {"uv": [1, 0, 1.185, 0.45], "rotation": 270, "texture": "#2"},
				"south": {"uv": [0.975, 1, 1.025, 1.185], "texture": "#2"},
				"west": {"uv": [5, 1, 5.45, 1.185], "rotation": 180, "texture": "#2"},
				"up": {"uv": [6.025, 3.95, 5.975, 3.5], "texture": "#2"}
			}
		},
		{
			"from": [5.025, 8, 7.15],
			"to": [5.075, 8.185, 7.6],
			"rotation": {"angle": 0, "axis": "y", "origin": [11.2, 8.06498, 6.53999]},
			"faces": {
				"north": {"uv": [1.975, 1, 2.025, 1.185], "rotation": 180, "texture": "#2"},
				"east": {"uv": [1, 0, 1.185, 0.45], "rotation": 270, "texture": "#2"},
				"south": {"uv": [0.975, 1, 1.025, 1.185], "texture": "#2"},
				"west": {"uv": [5, 1, 5.45, 1.185], "rotation": 180, "texture": "#2"},
				"up": {"uv": [6.025, 3.95, 5.975, 3.5], "texture": "#2"}
			}
		},
		{
			"from": [5.075, 8, 2.35],
			"to": [5.125, 8.185, 2.6],
			"rotation": {"angle": 0, "axis": "y", "origin": [11.25, 8.06498, 1.73999]},
			"faces": {
				"north": {"uv": [1.975, 1, 2.025, 1.185], "rotation": 180, "texture": "#2"},
				"east": {"uv": [1, 0, 1.185, 0.25], "rotation": 270, "texture": "#2"},
				"south": {"uv": [0.975, 1, 1.025, 1.185], "texture": "#2"},
				"west": {"uv": [5, 1, 5.25, 1.185], "rotation": 180, "texture": "#2"},
				"up": {"uv": [6.025, 3.75, 5.975, 3.5], "texture": "#2"}
			}
		},
		{
			"from": [2.825, 8, 2.35],
			"to": [2.875, 8.185, 2.6],
			"rotation": {"angle": 0, "axis": "y", "origin": [9, 8.06498, 1.73999]},
			"faces": {
				"north": {"uv": [1.975, 1, 2.025, 1.185], "rotation": 180, "texture": "#2"},
				"east": {"uv": [1, 0, 1.185, 0.25], "rotation": 270, "texture": "#2"},
				"south": {"uv": [0.975, 1, 1.025, 1.185], "texture": "#2"},
				"west": {"uv": [5, 1, 5.25, 1.185], "rotation": 180, "texture": "#2"},
				"up": {"uv": [6.025, 3.75, 5.975, 3.5], "texture": "#2"}
			}
		},
		{
			"from": [3.4, 7.066, 12.15],
			"to": [3.45, 7.251, 12.4],
			"rotation": {"angle": 0, "axis": "y", "origin": [9.55, 7.18602, 11.56499]},
			"faces": {
				"north": {"uv": [1.975, 1.185, 2.025, 1], "rotation": 180, "texture": "#2"},
				"east": {"uv": [1.185, 0, 1, 0.25], "rotation": 270, "texture": "#2"},
				"south": {"uv": [0.975, 1.185, 1.025, 1], "texture": "#2"},
				"west": {"uv": [5, 1.185, 5.25, 1], "rotation": 180, "texture": "#2"},
				"down": {"uv": [6.025, 7.5, 5.975, 7.75], "texture": "#2"}
			}
		},
		{
			"from": [8.575, 7.066, 12.15],
			"to": [8.625, 7.251, 12.4],
			"rotation": {"angle": 0, "axis": "y", "origin": [14.725, 7.18602, 11.56499]},
			"faces": {
				"north": {"uv": [1.975, 1.185, 2.025, 1], "rotation": 180, "texture": "#2"},
				"east": {"uv": [1.185, 0, 1, 0.25], "rotation": 270, "texture": "#2"},
				"south": {"uv": [0.975, 1.185, 1.025, 1], "texture": "#2"},
				"west": {"uv": [5, 1.185, 5.25, 1], "rotation": 180, "texture": "#2"},
				"down": {"uv": [6.025, 7.5, 5.975, 7.75], "texture": "#2"}
			}
		},
		{
			"from": [3.35, 7.066, 7.15],
			"to": [3.4, 7.251, 7.6],
			"rotation": {"angle": 0, "axis": "y", "origin": [9.5, 7.18602, 6.56499]},
			"faces": {
				"north": {"uv": [1.975, 1.185, 2.025, 1], "rotation": 180, "texture": "#2"},
				"east": {"uv": [1.185, 0, 1, 0.45], "rotation": 270, "texture": "#2"},
				"south": {"uv": [0.975, 1.185, 1.025, 1], "texture": "#2"},
				"west": {"uv": [5, 1.185, 5.45, 1], "rotation": 180, "texture": "#2"},
				"down": {"uv": [6.025, 7.5, 5.975, 7.95], "texture": "#2"}
			}
		},
		{
			"from": [8.625, 7.066, 7.15],
			"to": [8.675, 7.251, 7.6],
			"rotation": {"angle": 0, "axis": "y", "origin": [14.775, 7.18602, 6.56499]},
			"faces": {
				"north": {"uv": [1.975, 1.185, 2.025, 1], "rotation": 180, "texture": "#2"},
				"east": {"uv": [1.185, 0, 1, 0.45], "rotation": 270, "texture": "#2"},
				"south": {"uv": [0.975, 1.185, 1.025, 1], "texture": "#2"},
				"west": {"uv": [5, 1.185, 5.45, 1], "rotation": 180, "texture": "#2"},
				"down": {"uv": [6.025, 7.5, 5.975, 7.95], "texture": "#2"}
			}
		},
		{
			"from": [8.625, 7.066, 2.35],
			"to": [8.675, 7.251, 2.6],
			"rotation": {"angle": 0, "axis": "y", "origin": [14.775, 7.18602, 1.76499]},
			"faces": {
				"north": {"uv": [1.975, 1.185, 2.025, 1], "rotation": 180, "texture": "#2"},
				"east": {"uv": [1.185, 0, 1, 0.25], "rotation": 270, "texture": "#2"},
				"south": {"uv": [0.975, 1.185, 1.025, 1], "texture": "#2"},
				"west": {"uv": [5, 1.185, 5.25, 1], "rotation": 180, "texture": "#2"},
				"down": {"uv": [6.025, 7.5, 5.975, 7.75], "texture": "#2"}
			}
		},
		{
			"from": [3.375, 7.066, 2.35],
			"to": [3.425, 7.251, 2.6],
			"rotation": {"angle": 0, "axis": "y", "origin": [9.525, 7.18602, 1.76499]},
			"faces": {
				"north": {"uv": [1.975, 1.185, 2.025, 1], "rotation": 180, "texture": "#2"},
				"east": {"uv": [1.185, 0, 1, 0.25], "rotation": 270, "texture": "#2"},
				"south": {"uv": [0.975, 1.185, 1.025, 1], "texture": "#2"},
				"west": {"uv": [5, 1.185, 5.25, 1], "rotation": 180, "texture": "#2"},
				"down": {"uv": [6.025, 7.5, 5.975, 7.75], "texture": "#2"}
			}
		},
		{
			"from": [9.025, 8, 12.15],
			"to": [9.075, 8.185, 12.4],
			"rotation": {"angle": 0, "axis": "y", "origin": [15.2, 8.06498, 11.53999]},
			"faces": {
				"north": {"uv": [1.975, 1, 2.025, 1.185], "rotation": 180, "texture": "#2"},
				"east": {"uv": [1, 0, 1.185, 0.25], "rotation": 270, "texture": "#2"},
				"south": {"uv": [0.975, 1, 1.025, 1.185], "texture": "#2"},
				"west": {"uv": [5, 1, 5.25, 1.185], "rotation": 180, "texture": "#2"},
				"up": {"uv": [6.025, 3.75, 5.975, 3.5], "texture": "#2"}
			}
		},
		{
			"from": [9.075, 8, 7.15],
			"to": [9.125, 8.185, 7.6],
			"rotation": {"angle": 0, "axis": "y", "origin": [15.25, 8.06498, 6.53999]},
			"faces": {
				"north": {"uv": [1.975, 1, 2.025, 1.185], "rotation": 180, "texture": "#2"},
				"east": {"uv": [1, 0, 1.185, 0.45], "rotation": 270, "texture": "#2"},
				"south": {"uv": [0.975, 1, 1.025, 1.185], "texture": "#2"},
				"west": {"uv": [5, 1, 5.45, 1.185], "rotation": 180, "texture": "#2"},
				"up": {"uv": [6.025, 3.95, 5.975, 3.5], "texture": "#2"}
			}
		},
		{
			"from": [6.825, 8, 7.15],
			"to": [6.875, 8.185, 7.6],
			"rotation": {"angle": 0, "axis": "y", "origin": [13, 8.06498, 6.53999]},
			"faces": {
				"north": {"uv": [1.975, 1, 2.025, 1.185], "rotation": 180, "texture": "#2"},
				"east": {"uv": [1, 0, 1.185, 0.45], "rotation": 270, "texture": "#2"},
				"south": {"uv": [0.975, 1, 1.025, 1.185], "texture": "#2"},
				"west": {"uv": [5, 1, 5.45, 1.185], "rotation": 180, "texture": "#2"},
				"up": {"uv": [6.025, 3.95, 5.975, 3.5], "texture": "#2"}
			}
		},
		{
			"from": [6.9, 8, 12.15],
			"to": [6.95, 8.185, 12.4],
			"rotation": {"angle": 0, "axis": "y", "origin": [13.075, 8.06498, 11.53999]},
			"faces": {
				"north": {"uv": [1.975, 1, 2.025, 1.185], "rotation": 180, "texture": "#2"},
				"east": {"uv": [1, 0, 1.185, 0.25], "rotation": 270, "texture": "#2"},
				"south": {"uv": [0.975, 1, 1.025, 1.185], "texture": "#2"},
				"west": {"uv": [5, 1, 5.25, 1.185], "rotation": 180, "texture": "#2"},
				"up": {"uv": [6.025, 3.75, 5.975, 3.5], "texture": "#2"}
			}
		},
		{
			"from": [5.925, 8, 0.625],
			"to": [6.075, 8.005, 16.625],
			"rotation": {"angle": 0, "axis": "y", "origin": [6, 7.50976, 15.93642]},
			"faces": {
				"north": {"uv": [0, 0, 0.005, 0.15], "rotation": 90, "texture": "#0"},
				"east": {"uv": [15.755, 0, 15.75, 16], "rotation": 90, "texture": "#0"},
				"south": {"uv": [15.75, 0, 15.755, 0.15], "rotation": 270, "texture": "#0"},
				"west": {"uv": [15.755, 16, 15.75, 0], "rotation": 90, "texture": "#0"},
				"up": {"uv": [15.85, 0, 16, 16], "rotation": 180, "texture": "#0"}
			}
		},
		{
			"from": [5.9875, 8.03, 16.51766],
			"to": [6.0125, 8.055, 16.59266],
			"rotation": {"angle": 0, "axis": "y", "origin": [6, 7.51476, 16.03641]},
			"faces": {
				"north": {"uv": [15.6, 7.6, 15.625, 7.625], "rotation": 90, "texture": "#0"},
				"east": {"uv": [15.625, 7.6, 15.6, 7.675], "rotation": 90, "texture": "#0"},
				"south": {"uv": [15.6, 7.6, 15.625, 7.625], "rotation": 270, "texture": "#0"},
				"west": {"uv": [15.725, 7.925, 15.7, 7.85], "rotation": 90, "texture": "#0"},
				"up": {"uv": [15.6, 7.6, 15.675, 7.625], "rotation": 270, "texture": "#0"}
			}
		},
		{
			"from": [5.95, 8.005, 16.49266],
			"to": [6.05, 8.03, 16.61766],
			"rotation": {"angle": 0, "axis": "y", "origin": [6, 7.51476, 16.03641]},
			"faces": {
				"north": {"uv": [15.6, 7.6, 15.625, 7.7], "rotation": 90, "texture": "#0"},
				"east": {"uv": [15.625, 7.6, 15.6, 7.725], "rotation": 90, "texture": "#0"},
				"south": {"uv": [15.6, 7.6, 15.625, 7.7], "rotation": 270, "texture": "#0"},
				"west": {"uv": [15.625, 7.725, 15.6, 7.6], "rotation": 90, "texture": "#0"},
				"up": {"uv": [15.6, 7.6, 15.725, 7.7], "rotation": 270, "texture": "#0"}
			}
		},
		{
			"from": [5.9875, 8.03, 0.66766],
			"to": [6.0125, 8.055, 0.74266],
			"rotation": {"angle": 0, "axis": "y", "origin": [6, 7.51476, 0.18641]},
			"faces": {
				"north": {"uv": [15.6, 7.6, 15.625, 7.625], "rotation": 90, "texture": "#0"},
				"east": {"uv": [15.625, 7.6, 15.6, 7.675], "rotation": 90, "texture": "#0"},
				"south": {"uv": [15.6, 7.6, 15.625, 7.625], "rotation": 270, "texture": "#0"},
				"west": {"uv": [15.725, 7.925, 15.7, 7.85], "rotation": 90, "texture": "#0"},
				"up": {"uv": [15.6, 7.6, 15.675, 7.625], "rotation": 270, "texture": "#0"}
			}
		},
		{
			"from": [5.95, 8.005, 0.64266],
			"to": [6.05, 8.03, 0.76766],
			"rotation": {"angle": 0, "axis": "y", "origin": [6, 7.51476, 0.18641]},
			"faces": {
				"north": {"uv": [15.6, 7.6, 15.625, 7.7], "rotation": 90, "texture": "#0"},
				"east": {"uv": [15.625, 7.6, 15.6, 7.725], "rotation": 90, "texture": "#0"},
				"south": {"uv": [15.6, 7.6, 15.625, 7.7], "rotation": 270, "texture": "#0"},
				"west": {"uv": [15.625, 7.725, 15.6, 7.6], "rotation": 90, "texture": "#0"},
				"up": {"uv": [15.6, 7.6, 15.725, 7.7], "rotation": 270, "texture": "#0"}
			}
		},
		{
			"from": [4.25, 7.25, 13.375],
			"to": [7.75, 8, 16.625],
			"rotation": {"angle": 0, "axis": "y", "origin": [5, 7.25, 20.625]},
			"faces": {
				"east": {"uv": [3.25, 0, 0, 0.75], "texture": "#0"},
				"south": {"uv": [12.5, 14.875, 9, 15.625], "texture": "#0"},
				"west": {"uv": [3.25, 0, 0, 0.75], "texture": "#0"},
				"up": {"uv": [0, 3.25, 3.5, 0], "texture": "#0"},
				"down": {"uv": [0, 3.25, 3.5, 0], "texture": "#0"}
			}
		},
		{
			"from": [4.27164, 7.001, 11.75],
			"to": [7.72836, 7.251, 14.52305],
			"rotation": {"angle": 0, "axis": "y", "origin": [5, 7.25, 20.25]},
			"faces": {
				"south": {"uv": [4.95672, 2.5, 1.5, 2.75], "texture": "#0"},
				"down": {"uv": [1.5, 5.27305, 4.95672, 2.5], "texture": "#0"}
			}
		},
		{
			"from": [9.8717, 6.999, 11.29835],
			"to": [11.3717, 7.249, 13.79835],
			"rotation": {"angle": 22.5, "axis": "y", "origin": [10.6217, 7.25, 19.54835]},
			"faces": {
				"east": {"uv": [4, 2.5, 1.5, 2.75], "texture": "#0"},
				"south": {"uv": [13.5, 13.5, 15, 13.75], "texture": "#0"},
				"down": {"uv": [9.5, 12.5, 7, 14], "rotation": 90, "texture": "#0"}
			}
		},
		{
			"from": [0.6283, 6.998, 11.29835],
			"to": [2.1283, 7.248, 13.79835],
			"rotation": {"angle": -22.5, "axis": "y", "origin": [1.3783, 7.25, 19.54835]},
			"faces": {
				"south": {"uv": [15, 13.5, 13.5, 13.75], "texture": "#0"},
				"west": {"uv": [4, 2.5, 1.5, 2.75], "texture": "#0"},
				"down": {"uv": [14, 14, 11.5, 12.5], "rotation": 90, "texture": "#0"}
			}
		},
		{
			"from": [4.56723, 6.999, 13.78267],
			"to": [6.39075, 7.249, 14.88267],
			"rotation": {"angle": 22.5, "axis": "y", "origin": [-1.18277, 7.25, 14.53267]},
			"faces": {
				"north": {"uv": [3.32352, 2.5, 1.5, 2.75], "texture": "#0"},
				"down": {"uv": [9.32352, 13.9, 7.5, 12.8], "texture": "#0"}
			}
		},
		{
			"from": [3.13432, 6.998, 10.14126],
			"to": [4.63432, 7.248, 11.69126],
			"rotation": {"angle": -22.5, "axis": "y", "origin": [4.10363, 7.254, 17.54126]},
			"faces": {
				"north": {"uv": [3, 2.5, 1.5, 2.75], "texture": "#0"},
				"down": {"uv": [9, 14, 7.5, 12.45], "texture": "#0"}
			}
		},
		{
			"from": [0.5318, 7, 8.84545],
			"to": [1.2818, 7.25, 10.35049],
			"rotation": {"angle": -45, "axis": "y", "origin": [1.48951, 7.25, 16.02381]},
			"faces": {
				"west": {"uv": [3.00504, 2.5, 1.5, 2.75], "texture": "#0"},
				"down": {"uv": [12.625, 11.45504, 11.875, 9.95], "texture": "#0"}
			}
		},
		{
			"from": [8.71585, 7, 6.29313],
			"to": [9.75062, 7.25, 7.59313],
			"rotation": {"angle": -45, "axis": "y", "origin": [2.50062, 7.25, 7.04313]},
			"faces": {
				"north": {"uv": [2.53477, 2.5, 1.5, 2.75], "texture": "#0"},
				"down": {"uv": [10, 13.875, 11.03477, 12.575], "texture": "#0"}
			}
		},
		{
			"from": [-0.08782, 7.251, 12.25753],
			"to": [2.91218, 8.001, 13.35753],
			"rotation": {"angle": -22.5, "axis": "y", "origin": [0.66218, 7.25, 17.35753]},
			"faces": {
				"south": {"uv": [6.75, 14, 7.5, 11], "rotation": 90, "texture": "#0"},
				"up": {"uv": [0, 1.1, 3, 0], "texture": "#0"},
				"down": {"uv": [0, 1.1, 3, 0], "texture": "#0"}
			}
		},
		{
			"from": [9.202, 7.251, 12.83156],
			"to": [12.202, 8.001, 13.93156],
			"rotation": {"angle": 22.5, "axis": "y", "origin": [9.952, 7.25, 17.93156]},
			"faces": {
				"south": {"uv": [14.25, 11, 13.5, 14], "rotation": 90, "texture": "#0"},
				"up": {"uv": [0, 1.1, 3, 0], "texture": "#0"},
				"down": {"uv": [0, 1.1, 3, 0], "texture": "#0"}
			}
		},
		{
			"from": [12.5, 7.35, 2.09683],
			"to": [16, 7.9, 11.09683],
			"rotation": {"angle": -45, "axis": "y", "origin": [10.5, 7.25, 5.59683]},
			"faces": {
				"north": {"uv": [3.5, 0, 0, 0.55], "texture": "#0"},
				"east": {"uv": [9, 0, 0, 0.55], "texture": "#0"},
				"south": {"uv": [3.5, 0, 0, 0.55], "texture": "#0"},
				"west": {"uv": [9, 0, 0, 0.55], "texture": "#0"},
				"up": {"uv": [0, 9, 3.5, 0], "texture": "#0"},
				"down": {"uv": [9.5, 12, 13, 3], "texture": "#0"}
			}
		},
		{
			"from": [6.87835, 7.89998, 4.40914],
			"to": [8.87835, 8.64998, 5.40914],
			"rotation": {"angle": -45, "axis": "y", "origin": [7.07835, 8.37498, 6.15914]},
			"faces": {
				"north": {"uv": [6.25, 13.375, 4.25, 14.125], "texture": "#0"},
				"east": {"uv": [0.75, 14.5, 1.5, 13.5], "rotation": 90, "texture": "#0"},
				"south": {"uv": [4, 13.5, 2, 14.25], "texture": "#0"},
				"west": {"uv": [0.625, 14.5, 1.375, 13.5], "rotation": 90, "texture": "#0"},
				"up": {"uv": [1.875, 14.5, 3.875, 13.5], "texture": "#0"}
			}
		},
		{
			"from": [5.6819, 7.99998, 5.86624],
			"to": [9.1819, 8.54998, 13.36624],
			"rotation": {"angle": -45, "axis": "y", "origin": [7.4319, 8.27498, 6.86624]},
			"faces": {
				"north": {"uv": [7, 0, 3.5, 0.55], "texture": "#0"},
				"east": {"uv": [14.5, 0, 7, 0.55], "texture": "#0"},
				"west": {"uv": [14.5, 0, 7, 0.55], "texture": "#0"},
				"up": {"uv": [7, 7.5, 10.5, 0], "texture": "#0"}
			}
		},
		{
			"from": [1.59827, 8.001, 9.875],
			"to": [2.44333, 8.551, 13.37497],
			"rotation": {"angle": 0, "axis": "y", "origin": [7.39573, 8.27498, 9.07943]},
			"faces": {
				"north": {"uv": [7.84506, 0, 7, 0.55], "texture": "#0"},
				"south": {"uv": [7.84506, 0, 7, 0.55], "texture": "#0"},
				"up": {"uv": [9.49997, 5, 6, 5.84506], "rotation": 270, "texture": "#0"}
			}
		},
		{
			"from": [-1.93792, 7.999, 9.79008],
			"to": [-0.17382, 8.549, 11.94008],
			"rotation": {"angle": 22.5, "axis": "y", "origin": [3.85954, 8.27498, 1.6445]},
			"faces": {
				"south": {"uv": [8.7641, 0, 7, 0.55], "texture": "#0"},
				"up": {"uv": [12.5, 11.5, 14.65, 13.2641], "rotation": 270, "texture": "#0"}
			}
		},
		{
			"from": [0.7137, 7.278, 9.874],
			"to": [1.2637, 8.37403, 13.375],
			"rotation": {"angle": 22.5, "axis": "z", "origin": [0.9887, 9.303, 11.625]},
			"faces": {
				"north": {"uv": [7, 0.55, 8.09603, 0], "rotation": 90, "texture": "#0"},
				"south": {"uv": [7, 0.55, 8.09603, 0], "rotation": 270, "texture": "#0"},
				"west": {"uv": [10.001, 8, 6.5, 9.09603], "rotation": 180, "texture": "#0"},
				"up": {"uv": [7.001, 0, 3.5, 0.55], "rotation": 90, "texture": "#0"}
			}
		},
		{
			"from": [19.61396, 7.25, 3.73286],
			"to": [21.61396, 8, 4.73286],
			"rotation": {"angle": -45, "axis": "y", "origin": [16.86396, 7.25, -0.76714]},
			"faces": {
				"north": {"uv": [6.25, 13.375, 4.25, 14.125], "texture": "#0"},
				"east": {"uv": [2.125, 14.5, 2.875, 13.5], "rotation": 90, "texture": "#0"},
				"south": {"uv": [2, 13.5, 0, 14.25], "texture": "#0"},
				"west": {"uv": [1.25, 14.5, 2, 13.5], "rotation": 90, "texture": "#0"},
				"up": {"uv": [0.125, 14.5, 2.125, 13.5], "texture": "#0"},
				"down": {"uv": [0.75, 14.5, 2.75, 13.5], "texture": "#0"}
			}
		},
		{
			"from": [6.5, 8, 11.975],
			"to": [6.8, 8.16, 12.175],
			"rotation": {"angle": 0, "axis": "y", "origin": [5.8, 8, 10.875]},
			"faces": {
				"east": {"uv": [4.7, 9.5, 4.5, 9.66], "texture": "#1"},
				"west": {"uv": [2.2, 3, 2, 3.16], "texture": "#1"},
				"up": {"uv": [7.5, 1.28224, 7.2, 1.48224], "texture": "#1"},
				"down": {"uv": [3.8, 4, 3.5, 4.2], "texture": "#1"}
			}
		},
		{
			"from": [6.5, 8, 2.775],
			"to": [9.5, 8.16, 6.975],
			"rotation": {"angle": 0, "axis": "y", "origin": [8.5, 8, 3.875]},
			"faces": {
				"north": {"uv": [4.5, 8, 7.5, 8.16], "texture": "#1"},
				"east": {"uv": [4.5, 9.5, 8.7, 9.66], "texture": "#1"},
				"south": {"uv": [2, 3, 5, 3.16], "texture": "#1"},
				"west": {"uv": [2, 3, 6.2, 3.16], "texture": "#1"},
				"up": {"uv": [10.5, 10.18224, 7.5, 5.98224], "texture": "#1"},
				"down": {"uv": [6.5, 8.2, 3.5, 4], "texture": "#1"}
			}
		},
		{
			"from": [7, 8, 2.575],
			"to": [9, 8.16, 2.775],
			"rotation": {"angle": 0, "axis": "y", "origin": [6.3, 8, 3.875]},
			"faces": {
				"east": {"uv": [4.5, 9.5, 4.7, 9.66], "texture": "#1"},
				"west": {"uv": [2, 3, 2.2, 3.16], "texture": "#1"},
				"up": {"uv": [10, 10.38224, 8, 10.18224], "texture": "#1"},
				"down": {"uv": [5.5, 4.2, 3.5, 4], "texture": "#1"}
			}
		},
		{
			"from": [6.5, 8, 2.575],
			"to": [6.8, 8.16, 2.775],
			"rotation": {"angle": 0, "axis": "y", "origin": [5.8, 8, 3.875]},
			"faces": {
				"east": {"uv": [4.5, 9.5, 4.7, 9.66], "texture": "#1"},
				"west": {"uv": [2, 3, 2.2, 3.16], "texture": "#1"},
				"up": {"uv": [4.8, 2.28224, 4.5, 2.08224], "texture": "#1"},
				"down": {"uv": [3.8, 4.2, 3.5, 4], "texture": "#1"}
			}
		},
		{
			"from": [9.2, 8, 2.575],
			"to": [9.5, 8.16, 2.775],
			"rotation": {"angle": 0, "axis": "y", "origin": [8.5, 8, 3.875]},
			"faces": {
				"east": {"uv": [4.5, 9.5, 4.7, 9.66], "texture": "#1"},
				"west": {"uv": [2, 3, 2.2, 3.16], "texture": "#1"},
				"up": {"uv": [4.8, 2.28224, 4.5, 2.08224], "texture": "#1"},
				"down": {"uv": [3.8, 4.2, 3.5, 4], "texture": "#1"}
			}
		},
		{
			"from": [9.2, 8, 6.975],
			"to": [9.5, 8.16, 7.775],
			"rotation": {"angle": 0, "axis": "y", "origin": [8.5, 8, 5.875]},
			"faces": {
				"east": {"uv": [5.3, 9.5, 4.5, 9.66], "texture": "#1"},
				"west": {"uv": [2.8, 3, 2, 3.16], "texture": "#1"},
				"up": {"uv": [7.8, 0.98224, 7.5, 1.78224], "texture": "#1"},
				"down": {"uv": [3.8, 4, 3.5, 4.8], "texture": "#1"}
			}
		},
		{
			"from": [9, 8, 7.175],
			"to": [9.2, 8.16, 7.575],
			"rotation": {"angle": 0, "axis": "y", "origin": [10.7, 8, 8.875]},
			"faces": {
				"north": {"uv": [4.5, 8, 4.7, 8.16], "texture": "#1"},
				"south": {"uv": [2, 3, 2.2, 3.16], "texture": "#1"},
				"up": {"uv": [4.7, 2.38224, 4.5, 1.98224], "texture": "#1"},
				"down": {"uv": [3.7, 4.4, 3.5, 4], "texture": "#1"}
			}
		},
		{
			"from": [7, 8, 6.975],
			"to": [9, 8.16, 7.775],
			"rotation": {"angle": 0, "axis": "y", "origin": [6.3, 8, 5.875]},
			"faces": {
				"east": {"uv": [5.3, 9.5, 4.5, 9.66], "texture": "#1"},
				"west": {"uv": [2.8, 3, 2, 3.16], "texture": "#1"},
				"up": {"uv": [10, 5.18224, 8, 5.98224], "texture": "#1"},
				"down": {"uv": [5.5, 4, 3.5, 4.8], "texture": "#1"}
			}
		},
		{
			"from": [6.8, 8, 7.175],
			"to": [7, 8.16, 7.575],
			"rotation": {"angle": 0, "axis": "y", "origin": [8.5, 8, 8.875]},
			"faces": {
				"north": {"uv": [4.5, 8, 4.7, 8.16], "texture": "#1"},
				"south": {"uv": [2, 3, 2.2, 3.16], "texture": "#1"},
				"up": {"uv": [4.7, 2.38224, 4.5, 1.98224], "texture": "#1"},
				"down": {"uv": [3.7, 4.4, 3.5, 4], "texture": "#1"}
			}
		},
		{
			"from": [6.5, 8, 6.975],
			"to": [6.8, 8.16, 7.775],
			"rotation": {"angle": 0, "axis": "y", "origin": [5.8, 8, 5.875]},
			"faces": {
				"east": {"uv": [5.3, 9.5, 4.5, 9.66], "texture": "#1"},
				"west": {"uv": [2.8, 3, 2, 3.16], "texture": "#1"},
				"up": {"uv": [7.8, 0.98224, 7.5, 1.78224], "texture": "#1"},
				"down": {"uv": [3.8, 4, 3.5, 4.8], "texture": "#1"}
			}
		},
		{
			"from": [6.5, 8, 7.775],
			"to": [9.5, 8.16, 11.975],
			"rotation": {"angle": 0, "axis": "y", "origin": [8.5, 8, 8.875]},
			"faces": {
				"north": {"uv": [4.5, 8, 7.5, 8.16], "texture": "#1"},
				"east": {"uv": [4.5, 9.5, 8.7, 9.66], "texture": "#1"},
				"south": {"uv": [2, 3, 5, 3.16], "texture": "#1"},
				"west": {"uv": [2, 3, 6.2, 3.16], "texture": "#1"},
				"up": {"uv": [10.5, 5.18224, 7.5, 0.98224], "texture": "#1"},
				"down": {"uv": [6.5, 8.2, 3.5, 4], "texture": "#1"}
			}
		},
		{
			"from": [6.5, 8, 12.175],
			"to": [9.5, 8.16, 12.375],
			"rotation": {"angle": 0, "axis": "y", "origin": [8.5, 8, 10.875]},
			"faces": {
				"north": {"uv": [5, 3, 2, 3.16], "texture": "#1"},
				"east": {"uv": [4.7, 9.5, 4.5, 9.66], "texture": "#1"},
				"south": {"uv": [7.5, 8, 4.5, 8.16], "texture": "#1"},
				"west": {"uv": [2.2, 3, 2, 3.16], "texture": "#1"},
				"up": {"uv": [10.5, 0.58224, 7.5, 0.78224], "texture": "#1"},
				"down": {"uv": [6.5, 4, 3.5, 4.2], "texture": "#1"}
			}
		},
		{
			"from": [7, 8, 11.975],
			"to": [9, 8.16, 12.175],
			"rotation": {"angle": 0, "axis": "y", "origin": [6.3, 8, 10.875]},
			"faces": {
				"east": {"uv": [4.7, 9.5, 4.5, 9.66], "texture": "#1"},
				"west": {"uv": [2.2, 3, 2, 3.16], "texture": "#1"},
				"up": {"uv": [10, 0.78224, 8, 0.98224], "texture": "#1"},
				"down": {"uv": [5.5, 4, 3.5, 4.2], "texture": "#1"}
			}
		},
		{
			"from": [9.2, 8, 11.975],
			"to": [9.5, 8.16, 12.175],
			"rotation": {"angle": 0, "axis": "y", "origin": [8.5, 8, 10.875]},
			"faces": {
				"east": {"uv": [4.7, 9.5, 4.5, 9.66], "texture": "#1"},
				"west": {"uv": [2.2, 3, 2, 3.16], "texture": "#1"},
				"up": {"uv": [7.5, 1.28224, 7.2, 1.48224], "texture": "#1"},
				"down": {"uv": [3.8, 4, 3.5, 4.2], "texture": "#1"}
			}
		},
		{
			"from": [6.5, 8, 2.375],
			"to": [9.5, 8.16, 2.575],
			"rotation": {"angle": 0, "axis": "y", "origin": [8.5, 8, 3.875]},
			"faces": {
				"north": {"uv": [4.5, 8, 7.5, 8.16], "texture": "#1"},
				"east": {"uv": [4.5, 9.5, 4.7, 9.66], "texture": "#1"},
				"south": {"uv": [2, 3, 5, 3.16], "texture": "#1"},
				"west": {"uv": [2, 3, 2.2, 3.16], "texture": "#1"},
				"up": {"uv": [10.5, 10.58224, 7.5, 10.38224], "texture": "#1"},
				"down": {"uv": [6.5, 4.2, 3.5, 4], "texture": "#1"}
			}
		},
		{
			"from": [5.975, 8.18404, 0.25456],
			"to": [6.025, 8.19654, 0.45456],
			"rotation": {"angle": 22.5, "axis": "x", "origin": [6, 7.51476, 0.18641]},
			"faces": {
				"north": {"uv": [15.6, 7.6, 15.6125, 7.65], "rotation": 90, "texture": "#0"},
				"east": {"uv": [15.6125, 7.6, 15.6, 7.8], "rotation": 90, "texture": "#0"},
				"south": {"uv": [15.6, 7.6, 15.6125, 7.65], "rotation": 270, "texture": "#0"},
				"west": {"uv": [15.6125, 7.8, 15.6, 7.6], "rotation": 90, "texture": "#0"},
				"up": {"uv": [15.6, 7.6, 15.8, 7.65], "rotation": 270, "texture": "#0"},
				"down": {"uv": [15.6, 7.6, 15.8, 7.65], "rotation": 270, "texture": "#0"}
			}
		},
		{
			"from": [5.975, 8.18404, 16.10456],
			"to": [6.025, 8.19654, 16.30456],
			"rotation": {"angle": 22.5, "axis": "x", "origin": [6, 7.51476, 16.03641]},
			"faces": {
				"north": {"uv": [15.6, 7.6, 15.6125, 7.65], "rotation": 90, "texture": "#0"},
				"east": {"uv": [15.6125, 7.6, 15.6, 7.8], "rotation": 90, "texture": "#0"},
				"south": {"uv": [15.6, 7.6, 15.6125, 7.65], "rotation": 270, "texture": "#0"},
				"west": {"uv": [15.6125, 7.8, 15.6, 7.6], "rotation": 90, "texture": "#0"},
				"up": {"uv": [15.6, 7.6, 15.8, 7.65], "rotation": 270, "texture": "#0"},
				"down": {"uv": [15.6, 7.6, 15.8, 7.65], "rotation": 270, "texture": "#0"}
			}
		},
		{
			"from": [2.5, 8, 6.975],
			"to": [2.8, 8.16, 7.775],
			"rotation": {"angle": 0, "axis": "y", "origin": [1.8, 8, 5.875]},
			"faces": {
				"east": {"uv": [5.3, 9.5, 4.5, 9.66], "texture": "#1"},
				"west": {"uv": [2.8, 3, 2, 3.16], "texture": "#1"},
				"up": {"uv": [3.3, 6.18224, 3, 6.98224], "texture": "#1"},
				"down": {"uv": [3.8, 4, 3.5, 4.8], "texture": "#1"}
			}
		},
		{
			"from": [2.8, 8, 7.175],
			"to": [3, 8.16, 7.575],
			"rotation": {"angle": 0, "axis": "y", "origin": [4.5, 8, 8.875]},
			"faces": {
				"north": {"uv": [4.5, 8, 4.7, 8.16], "texture": "#1"},
				"south": {"uv": [2, 3, 2.2, 3.16], "texture": "#1"},
				"up": {"uv": [4.7, 2.38224, 4.5, 1.98224], "texture": "#1"},
				"down": {"uv": [3.7, 4.4, 3.5, 4], "texture": "#1"}
			}
		},
		{
			"from": [3, 8, 6.975],
			"to": [5, 8.16, 7.775],
			"rotation": {"angle": 0, "axis": "y", "origin": [2.3, 8, 5.875]},
			"faces": {
				"east": {"uv": [5.3, 9.5, 4.5, 9.66], "texture": "#1"},
				"west": {"uv": [2.8, 3, 2, 3.16], "texture": "#1"},
				"up": {"uv": [3, 6.18224, 1, 6.98224], "texture": "#1"},
				"down": {"uv": [5.5, 4, 3.5, 4.8], "texture": "#1"}
			}
		},
		{
			"from": [5, 8, 7.175],
			"to": [5.2, 8.16, 7.575],
			"rotation": {"angle": 0, "axis": "y", "origin": [6.7, 8, 8.875]},
			"faces": {
				"north": {"uv": [4.5, 8, 4.7, 8.16], "texture": "#1"},
				"south": {"uv": [2, 3, 2.2, 3.16], "texture": "#1"},
				"up": {"uv": [4.7, 2.38224, 4.5, 1.98224], "texture": "#1"},
				"down": {"uv": [3.7, 4.4, 3.5, 4], "texture": "#1"}
			}
		},
		{
			"from": [5.2, 8, 6.975],
			"to": [5.5, 8.16, 7.775],
			"rotation": {"angle": 0, "axis": "y", "origin": [4.5, 8, 5.875]},
			"faces": {
				"east": {"uv": [5.3, 9.5, 4.5, 9.66], "texture": "#1"},
				"west": {"uv": [2.8, 3, 2, 3.16], "texture": "#1"},
				"up": {"uv": [1, 6.18224, 0.7, 6.98224], "texture": "#1"},
				"down": {"uv": [3.8, 4, 3.5, 4.8], "texture": "#1"}
			}
		},
		{
			"from": [5.2, 8, 11.975],
			"to": [5.5, 8.16, 12.175],
			"rotation": {"angle": 0, "axis": "y", "origin": [4.5, 8, 10.875]},
			"faces": {
				"east": {"uv": [4.7, 9.5, 4.5, 9.66], "texture": "#1"},
				"west": {"uv": [2.2, 3, 2, 3.16], "texture": "#1"},
				"up": {"uv": [16, 8.28224, 15.7, 8.48224], "texture": "#1"},
				"down": {"uv": [3.8, 4, 3.5, 4.2], "texture": "#1"}
			}
		},
		{
			"from": [3, 8, 11.975],
			"to": [5, 8.16, 12.175],
			"rotation": {"angle": 0, "axis": "y", "origin": [2.3, 8, 10.875]},
			"faces": {
				"east": {"uv": [4.7, 9.5, 4.5, 9.66], "texture": "#1"},
				"west": {"uv": [2.2, 3, 2, 3.16], "texture": "#1"},
				"up": {"uv": [3, 1.78224, 1, 1.98224], "texture": "#1"},
				"down": {"uv": [5.5, 4, 3.5, 4.2], "texture": "#1"}
			}
		},
		{
			"from": [2.5, 8, 12.175],
			"to": [5.5, 8.16, 12.375],
			"rotation": {"angle": 0, "axis": "y", "origin": [4.5, 8, 10.875]},
			"faces": {
				"north": {"uv": [5, 3, 2, 3.16], "texture": "#1"},
				"east": {"uv": [4.7, 9.5, 4.5, 9.66], "texture": "#1"},
				"south": {"uv": [7.5, 8, 4.5, 8.16], "texture": "#1"},
				"west": {"uv": [2.2, 3, 2, 3.16], "texture": "#1"},
				"up": {"uv": [3.5, 1.58224, 0.5, 1.78224], "texture": "#1"},
				"down": {"uv": [6.5, 4, 3.5, 4.2], "texture": "#1"}
			}
		},
		{
			"from": [2.5, 8, 11.975],
			"to": [2.8, 8.16, 12.175],
			"rotation": {"angle": 0, "axis": "y", "origin": [1.8, 8, 10.875]},
			"faces": {
				"east": {"uv": [4.7, 9.5, 4.5, 9.66], "texture": "#1"},
				"west": {"uv": [2.2, 3, 2, 3.16], "texture": "#1"},
				"up": {"uv": [1.5, 9.28224, 1.2, 9.48224], "texture": "#1"},
				"down": {"uv": [3.8, 4, 3.5, 4.2], "texture": "#1"}
			}
		},
		{
			"from": [2.5, 8, 7.775],
			"to": [5.5, 8.16, 11.975],
			"rotation": {"angle": 0, "axis": "y", "origin": [4.5, 8, 8.875]},
			"faces": {
				"north": {"uv": [4.5, 8, 7.5, 8.16], "texture": "#1"},
				"east": {"uv": [4.5, 9.5, 8.7, 9.66], "texture": "#1"},
				"south": {"uv": [2, 3, 5, 3.16], "texture": "#1"},
				"west": {"uv": [2, 3, 6.2, 3.16], "texture": "#1"},
				"up": {"uv": [3.5, 6.18224, 0.5, 1.98224], "texture": "#1"},
				"down": {"uv": [6.5, 8.2, 3.5, 4], "texture": "#1"}
			}
		},
		{
			"from": [3, 8, 2.575],
			"to": [5, 8.16, 2.775],
			"rotation": {"angle": 0, "axis": "y", "origin": [2.3, 8, 3.875]},
			"faces": {
				"east": {"uv": [4.5, 9.5, 4.7, 9.66], "texture": "#1"},
				"west": {"uv": [2, 3, 2.2, 3.16], "texture": "#1"},
				"up": {"uv": [3, 11.38224, 1, 11.18224], "texture": "#1"},
				"down": {"uv": [5.5, 4.2, 3.5, 4], "texture": "#1"}
			}
		},
		{
			"from": [2.5, 8, 2.575],
			"to": [2.8, 8.16, 2.775],
			"rotation": {"angle": 0, "axis": "y", "origin": [1.8, 8, 3.875]},
			"faces": {
				"east": {"uv": [4.5, 9.5, 4.7, 9.66], "texture": "#1"},
				"west": {"uv": [2, 3, 2.2, 3.16], "texture": "#1"},
				"up": {"uv": [4.8, 2.28224, 4.5, 2.08224], "texture": "#1"},
				"down": {"uv": [3.8, 4.2, 3.5, 4], "texture": "#1"}
			}
		},
		{
			"from": [5.2, 8, 2.575],
			"to": [5.5, 8.16, 2.775],
			"rotation": {"angle": 0, "axis": "y", "origin": [4.5, 8, 3.875]},
			"faces": {
				"east": {"uv": [4.5, 9.5, 4.7, 9.66], "texture": "#1"},
				"west": {"uv": [2, 3, 2.2, 3.16], "texture": "#1"},
				"up": {"uv": [0.8, 10.28224, 0.5, 10.08224], "texture": "#1"},
				"down": {"uv": [3.8, 4.2, 3.5, 4], "texture": "#1"}
			}
		},
		{
			"from": [2.5, 8, 2.775],
			"to": [5.5, 8.16, 6.975],
			"rotation": {"angle": 0, "axis": "y", "origin": [4.5, 8, 3.875]},
			"faces": {
				"north": {"uv": [4.5, 8, 7.5, 8.16], "texture": "#1"},
				"east": {"uv": [4.5, 9.5, 8.7, 9.66], "texture": "#1"},
				"south": {"uv": [2, 3, 5, 3.16], "texture": "#1"},
				"west": {"uv": [2, 3, 6.2, 3.16], "texture": "#1"},
				"up": {"uv": [3.5, 11.18224, 0.5, 6.98224], "texture": "#1"},
				"down": {"uv": [6.5, 8.2, 3.5, 4], "texture": "#1"}
			}
		},
		{
			"from": [2.5, 8, 2.375],
			"to": [5.5, 8.16, 2.575],
			"rotation": {"angle": 0, "axis": "y", "origin": [4.5, 8, 3.875]},
			"faces": {
				"north": {"uv": [4.5, 8, 7.5, 8.16], "texture": "#1"},
				"east": {"uv": [4.5, 9.5, 4.7, 9.66], "texture": "#1"},
				"south": {"uv": [2, 3, 5, 3.16], "texture": "#1"},
				"west": {"uv": [2, 3, 2.2, 3.16], "texture": "#1"},
				"up": {"uv": [3.5, 11.58224, 0.5, 11.38224], "texture": "#1"},
				"down": {"uv": [6.5, 4.2, 3.5, 4], "texture": "#1"}
			}
		},
		{
			"from": [8.5, 7.091, 7.175],
			"to": [8.7, 7.251, 7.575],
			"rotation": {"angle": 0, "axis": "y", "origin": [10.2, 7.091, 8.875]},
			"faces": {
				"north": {"uv": [4.5, 8, 4.7, 8.16], "texture": "#1"},
				"south": {"uv": [2, 3, 2.2, 3.16], "texture": "#1"},
				"up": {"uv": [4.7, 2.38224, 4.5, 1.98224], "texture": "#1"},
				"down": {"uv": [3.7, 4.4, 3.5, 4], "texture": "#1"}
			}
		},
		{
			"from": [8.7, 7.091, 11.975],
			"to": [9, 7.251, 12.175],
			"rotation": {"angle": 0, "axis": "y", "origin": [8, 7.091, 10.875]},
			"faces": {
				"east": {"uv": [4.7, 9.5, 4.5, 9.66], "texture": "#1"},
				"west": {"uv": [2.2, 3, 2, 3.16], "texture": "#1"},
				"up": {"uv": [4.8, 1.98224, 4.5, 2.18224], "texture": "#1"},
				"down": {"uv": [3.8, 4, 3.5, 4.2], "texture": "#1"}
			}
		},
		{
			"from": [3.5, 7.091, 11.975],
			"to": [8.5, 7.251, 12.175],
			"rotation": {"angle": 0, "axis": "y", "origin": [2.8, 7.091, 10.875]},
			"faces": {
				"east": {"uv": [4.7, 9.5, 4.5, 9.66], "texture": "#1"},
				"west": {"uv": [2.2, 3, 2, 3.16], "texture": "#1"},
				"up": {"uv": [9.5, 1.98224, 4.5, 2.18224], "texture": "#1"},
				"down": {"uv": [7.5, 11, 2.5, 11.2], "texture": "#1"}
			}
		},
		{
			"from": [3, 7.091, 12.175],
			"to": [9, 7.251, 12.375],
			"rotation": {"angle": 0, "axis": "y", "origin": [5, 7.091, 10.875]},
			"faces": {
				"north": {"uv": [8, 3, 2, 3.16], "texture": "#1"},
				"east": {"uv": [4.7, 9.5, 4.5, 9.66], "texture": "#1"},
				"south": {"uv": [10.5, 8, 4.5, 8.16], "texture": "#1"},
				"west": {"uv": [2.2, 3, 2, 3.16], "texture": "#1"},
				"up": {"uv": [10.5, 1.98224, 4.5, 2.18224], "texture": "#1"},
				"down": {"uv": [8.5, 11, 2.5, 11.2], "texture": "#1"}
			}
		},
		{
			"from": [3, 7.091, 11.975],
			"to": [3.3, 7.251, 12.175],
			"rotation": {"angle": 0, "axis": "y", "origin": [2.3, 7.091, 10.875]},
			"faces": {
				"east": {"uv": [4.7, 9.5, 4.5, 9.66], "texture": "#1"},
				"west": {"uv": [2.2, 3, 2, 3.16], "texture": "#1"},
				"up": {"uv": [4.8, 1.98224, 4.5, 2.18224], "texture": "#1"},
				"down": {"uv": [3.8, 4, 3.5, 4.2], "texture": "#1"}
			}
		},
		{
			"from": [3, 7.091, 7.775],
			"to": [9, 7.251, 11.975],
			"rotation": {"angle": 0, "axis": "y", "origin": [5, 7.091, 8.875]},
			"faces": {
				"north": {"uv": [4.5, 8, 10.5, 8.16], "texture": "#1"},
				"east": {"uv": [4.5, 9.5, 8.7, 9.66], "texture": "#1"},
				"south": {"uv": [2, 3, 8, 3.16], "texture": "#1"},
				"west": {"uv": [2, 3, 6.2, 3.16], "texture": "#1"},
				"up": {"uv": [10.5, 6.18224, 4.5, 1.98224], "texture": "#1"},
				"down": {"uv": [9.5, 13.2, 3.5, 9], "texture": "#1"}
			}
		},
		{
			"from": [3.3, 7.091, 7.175],
			"to": [3.5, 7.251, 7.575],
			"rotation": {"angle": 0, "axis": "y", "origin": [5, 7.091, 8.875]},
			"faces": {
				"north": {"uv": [4.5, 8, 4.7, 8.16], "texture": "#1"},
				"south": {"uv": [2, 3, 2.2, 3.16], "texture": "#1"},
				"up": {"uv": [4.7, 2.38224, 4.5, 1.98224], "texture": "#1"},
				"down": {"uv": [3.7, 4.4, 3.5, 4], "texture": "#1"}
			}
		},
		{
			"from": [8.7, 7.091, 6.975],
			"to": [9, 7.251, 7.775],
			"rotation": {"angle": 0, "axis": "y", "origin": [8, 7.091, 5.875]},
			"faces": {
				"east": {"uv": [5.3, 9.5, 4.5, 9.66], "texture": "#1"},
				"west": {"uv": [2.8, 3, 2, 3.16], "texture": "#1"},
				"up": {"uv": [4.8, 1.98224, 4.5, 2.78224], "texture": "#1"},
				"down": {"uv": [3.8, 4, 3.5, 4.8], "texture": "#1"}
			}
		},
		{
			"from": [3.5, 7.091, 6.975],
			"to": [8.5, 7.251, 7.775],
			"rotation": {"angle": 0, "axis": "y", "origin": [2.8, 7.091, 5.875]},
			"faces": {
				"east": {"uv": [5.3, 9.5, 4.5, 9.66], "texture": "#1"},
				"west": {"uv": [2.8, 3, 2, 3.16], "texture": "#1"},
				"up": {"uv": [9.5, 1.98224, 4.5, 2.78224], "texture": "#1"},
				"down": {"uv": [9, 8.2, 4, 9], "texture": "#1"}
			}
		},
		{
			"from": [3, 7.091, 6.975],
			"to": [3.3, 7.251, 7.775],
			"rotation": {"angle": 0, "axis": "y", "origin": [2.3, 7.091, 5.875]},
			"faces": {
				"east": {"uv": [5.3, 9.5, 4.5, 9.66], "texture": "#1"},
				"west": {"uv": [2.8, 3, 2, 3.16], "texture": "#1"},
				"up": {"uv": [4.8, 1.98224, 4.5, 2.78224], "texture": "#1"},
				"down": {"uv": [3.8, 4, 3.5, 4.8], "texture": "#1"}
			}
		},
		{
			"from": [3.5, 7.091, 2.575],
			"to": [8.5, 7.251, 2.775],
			"rotation": {"angle": 0, "axis": "y", "origin": [2.8, 7.091, 3.875]},
			"faces": {
				"east": {"uv": [4.5, 9.5, 4.7, 9.66], "texture": "#1"},
				"west": {"uv": [2, 3, 2.2, 3.16], "texture": "#1"},
				"up": {"uv": [9.5, 2.18224, 4.5, 1.98224], "texture": "#1"},
				"down": {"uv": [9, 4, 4, 3.8], "texture": "#1"}
			}
		},
		{
			"from": [3, 7.091, 2.575],
			"to": [3.3, 7.251, 2.775],
			"rotation": {"angle": 0, "axis": "y", "origin": [2.3, 7.091, 3.875]},
			"faces": {
				"east": {"uv": [4.5, 9.5, 4.7, 9.66], "texture": "#1"},
				"west": {"uv": [2, 3, 2.2, 3.16], "texture": "#1"},
				"up": {"uv": [4.8, 2.18224, 4.5, 1.98224], "texture": "#1"},
				"down": {"uv": [3.8, 4.2, 3.5, 4], "texture": "#1"}
			}
		},
		{
			"from": [8.7, 7.091, 2.575],
			"to": [9, 7.251, 2.775],
			"rotation": {"angle": 0, "axis": "y", "origin": [8, 7.091, 3.875]},
			"faces": {
				"east": {"uv": [4.5, 9.5, 4.7, 9.66], "texture": "#1"},
				"west": {"uv": [2, 3, 2.2, 3.16], "texture": "#1"},
				"up": {"uv": [4.8, 2.18224, 4.5, 1.98224], "texture": "#1"},
				"down": {"uv": [3.8, 4.2, 3.5, 4], "texture": "#1"}
			}
		},
		{
			"from": [3, 7.091, 2.775],
			"to": [9, 7.251, 6.975],
			"rotation": {"angle": 0, "axis": "y", "origin": [5, 7.091, 3.875]},
			"faces": {
				"north": {"uv": [4.5, 8, 10.5, 8.16], "texture": "#1"},
				"east": {"uv": [4.5, 9.5, 8.7, 9.66], "texture": "#1"},
				"south": {"uv": [2, 3, 8, 3.16], "texture": "#1"},
				"west": {"uv": [2, 3, 6.2, 3.16], "texture": "#1"},
				"up": {"uv": [10.5, 6.18224, 4.5, 1.98224], "texture": "#1"},
				"down": {"uv": [9.5, 8.2, 3.5, 4], "texture": "#1"}
			}
		},
		{
			"from": [3, 7.091, 2.375],
			"to": [9, 7.251, 2.575],
			"rotation": {"angle": 0, "axis": "y", "origin": [5, 7.091, 3.875]},
			"faces": {
				"north": {"uv": [4.5, 8, 10.5, 8.16], "texture": "#1"},
				"east": {"uv": [4.5, 9.5, 4.7, 9.66], "texture": "#1"},
				"south": {"uv": [2, 3, 8, 3.16], "texture": "#1"},
				"west": {"uv": [2, 3, 2.2, 3.16], "texture": "#1"},
				"up": {"uv": [10.5, 2.18224, 4.5, 1.98224], "texture": "#1"},
				"down": {"uv": [9.5, 3.8, 3.5, 3.6], "texture": "#1"}
			}
		}
	],
	"display": {
		"thirdperson_righthand": {
			"rotation": [-31.09, 11.34, 63.17],
			"translation": [0.25, -0.25, -4.5]
		},
		"thirdperson_lefthand": {
			"rotation": [-31.09, 11.34, 63.17],
			"translation": [0.25, -0.25, -4.5]
		},
		"firstperson_righthand": {
			"rotation": [-98.81, -5.6, 107.79],
			"translation": [-1.75, 0.5, -1.25]
		},
		"firstperson_lefthand": {
			"rotation": [-98.81, -5.6, 107.79],
			"translation": [-1.75, 0.5, -1.25]
		},
		"ground": {
			"translation": [0, -2, 0]
		},
		"gui": {
			"rotation": [-113.43, 12.88, 162.7],
			"translation": [0.25, -0.25, 0],
			"scale": [0.9, 0.9, 0.9]
		}
	}
}