{
	"credit": "Made with Blockbench",
	"textures": {
		"0": "f_model/camouflage_jacket",
		"particle": "f_model/camouflage_jacket"
	},
	"elements": [
		{
			"from": [1.5, 7.25, 0.625],
			"to": [10.5, 8, 13.375],
			"rotation": {"angle": 0, "axis": "y", "origin": [5, 7.25, 7.875]},
			"faces": {
				"north": {"uv": [9, 14.875, 0, 15.625], "texture": "#0"},
				"east": {"uv": [12.75, 0, 0, 0.75], "texture": "#0"},
				"south": {"uv": [9, 0, 0, 0.75], "texture": "#0"},
				"west": {"uv": [12.75, 0, 0, 0.75], "texture": "#0"},
				"up": {"uv": [0, 12.75, 9, 0], "texture": "#0"},
				"down": {"uv": [6, 12.75, 15, 0], "texture": "#0"}
			}
		},
		{
			"from": [5.925, 8, 0.625],
			"to": [6.075, 8.005, 16.625],
			"rotation": {"angle": 0, "axis": "y", "origin": [6, 7.50976, 15.93642]},
			"faces": {
				"north": {"uv": [0, 0, 0.005, 0.15], "rotation": 90, "texture": "#0"},
				"east": {"uv": [15.755, 0, 15.75, 16], "rotation": 90, "texture": "#0"},
				"south": {"uv": [15.75, 0, 15.755, 0.15], "rotation": 270, "texture": "#0"},
				"west": {"uv": [15.755, 16, 15.75, 0], "rotation": 90, "texture": "#0"},
				"up": {"uv": [15.85, 0, 16, 16], "rotation": 180, "texture": "#0"}
			}
		},
		{
			"from": [5.975, 8.18404, 16.10456],
			"to": [6.025, 8.19654, 16.30456],
			"rotation": {"angle": 22.5, "axis": "x", "origin": [6, 7.51476, 16.03641]},
			"faces": {
				"north": {"uv": [15.6, 7.6, 15.6125, 7.65], "rotation": 90, "texture": "#0"},
				"east": {"uv": [15.6125, 7.6, 15.6, 7.8], "rotation": 90, "texture": "#0"},
				"south": {"uv": [15.6, 7.6, 15.6125, 7.65], "rotation": 270, "texture": "#0"},
				"west": {"uv": [15.6125, 7.8, 15.6, 7.6], "rotation": 90, "texture": "#0"},
				"up": {"uv": [15.6, 7.6, 15.8, 7.65], "rotation": 270, "texture": "#0"},
				"down": {"uv": [15.6, 7.6, 15.8, 7.65], "rotation": 270, "texture": "#0"}
			}
		},
		{
			"from": [5.9875, 8.03, 16.51766],
			"to": [6.0125, 8.055, 16.59266],
			"rotation": {"angle": 0, "axis": "y", "origin": [6, 7.51476, 16.03641]},
			"faces": {
				"north": {"uv": [15.6, 7.6, 15.625, 7.625], "rotation": 90, "texture": "#0"},
				"east": {"uv": [15.625, 7.6, 15.6, 7.675], "rotation": 90, "texture": "#0"},
				"south": {"uv": [15.6, 7.6, 15.625, 7.625], "rotation": 270, "texture": "#0"},
				"west": {"uv": [15.725, 7.925, 15.7, 7.85], "rotation": 90, "texture": "#0"},
				"up": {"uv": [15.6, 7.6, 15.675, 7.625], "rotation": 270, "texture": "#0"}
			}
		},
		{
			"from": [8.925, 8, 2.625],
			"to": [9.075, 8.005, 5.625],
			"rotation": {"angle": 0, "axis": "y", "origin": [9, 7.50976, 4.93642]},
			"faces": {
				"north": {"uv": [0, 0, 0.005, 0.15], "rotation": 90, "texture": "#0"},
				"east": {"uv": [15.755, 0, 15.75, 3], "rotation": 90, "texture": "#0"},
				"south": {"uv": [15.75, 0, 15.755, 0.15], "rotation": 270, "texture": "#0"},
				"west": {"uv": [15.755, 3, 15.75, 0], "rotation": 90, "texture": "#0"},
				"up": {"uv": [15.85, 0, 16, 3], "rotation": 180, "texture": "#0"}
			}
		},
		{
			"from": [2.975, 8.18404, 5.10456],
			"to": [3.025, 8.19654, 5.30456],
			"rotation": {"angle": 22.5, "axis": "x", "origin": [3, 7.51476, 5.03641]},
			"faces": {
				"north": {"uv": [15.6, 7.6, 15.6125, 7.65], "rotation": 90, "texture": "#0"},
				"east": {"uv": [15.6125, 7.6, 15.6, 7.8], "rotation": 90, "texture": "#0"},
				"south": {"uv": [15.6, 7.6, 15.6125, 7.65], "rotation": 270, "texture": "#0"},
				"west": {"uv": [15.6125, 7.8, 15.6, 7.6], "rotation": 90, "texture": "#0"},
				"up": {"uv": [15.6, 7.6, 15.8, 7.65], "rotation": 270, "texture": "#0"},
				"down": {"uv": [15.6, 7.6, 15.8, 7.65], "rotation": 270, "texture": "#0"}
			}
		},
		{
			"from": [2.9875, 8.03, 5.51766],
			"to": [3.0125, 8.055, 5.59266],
			"rotation": {"angle": 0, "axis": "y", "origin": [3, 7.51476, 5.03641]},
			"faces": {
				"north": {"uv": [15.6, 7.6, 15.625, 7.625], "rotation": 90, "texture": "#0"},
				"east": {"uv": [15.625, 7.6, 15.6, 7.675], "rotation": 90, "texture": "#0"},
				"south": {"uv": [15.6, 7.6, 15.625, 7.625], "rotation": 270, "texture": "#0"},
				"west": {"uv": [15.725, 7.925, 15.7, 7.85], "rotation": 90, "texture": "#0"},
				"up": {"uv": [15.6, 7.6, 15.675, 7.625], "rotation": 270, "texture": "#0"}
			}
		},
		{
			"from": [2.95, 8.005, 5.49266],
			"to": [3.05, 8.03, 5.61766],
			"rotation": {"angle": 0, "axis": "y", "origin": [3, 7.51476, 5.03641]},
			"faces": {
				"north": {"uv": [15.6, 7.6, 15.625, 7.7], "rotation": 90, "texture": "#0"},
				"east": {"uv": [15.625, 7.6, 15.6, 7.725], "rotation": 90, "texture": "#0"},
				"south": {"uv": [15.6, 7.6, 15.625, 7.7], "rotation": 270, "texture": "#0"},
				"west": {"uv": [15.625, 7.725, 15.6, 7.6], "rotation": 90, "texture": "#0"},
				"up": {"uv": [15.6, 7.6, 15.725, 7.7], "rotation": 270, "texture": "#0"}
			}
		},
		{
			"from": [2.925, 8, 2.625],
			"to": [3.075, 8.005, 5.625],
			"rotation": {"angle": 0, "axis": "y", "origin": [3, 7.50976, 4.93642]},
			"faces": {
				"north": {"uv": [0, 0, 0.005, 0.15], "rotation": 90, "texture": "#0"},
				"east": {"uv": [15.755, 0, 15.75, 3], "rotation": 90, "texture": "#0"},
				"south": {"uv": [15.75, 0, 15.755, 0.15], "rotation": 270, "texture": "#0"},
				"west": {"uv": [15.755, 3, 15.75, 0], "rotation": 90, "texture": "#0"},
				"up": {"uv": [15.85, 0, 16, 3], "rotation": 180, "texture": "#0"}
			}
		},
		{
			"from": [8.95, 8.005, 5.49266],
			"to": [9.05, 8.03, 5.61766],
			"rotation": {"angle": 0, "axis": "y", "origin": [9, 7.51476, 5.03641]},
			"faces": {
				"north": {"uv": [15.6, 7.6, 15.625, 7.7], "rotation": 90, "texture": "#0"},
				"east": {"uv": [15.625, 7.6, 15.6, 7.725], "rotation": 90, "texture": "#0"},
				"south": {"uv": [15.6, 7.6, 15.625, 7.7], "rotation": 270, "texture": "#0"},
				"west": {"uv": [15.625, 7.725, 15.6, 7.6], "rotation": 90, "texture": "#0"},
				"up": {"uv": [15.6, 7.6, 15.725, 7.7], "rotation": 270, "texture": "#0"}
			}
		},
		{
			"from": [8.975, 8.18404, 5.10456],
			"to": [9.025, 8.19654, 5.30456],
			"rotation": {"angle": 22.5, "axis": "x", "origin": [9, 7.51476, 5.03641]},
			"faces": {
				"north": {"uv": [15.6, 7.6, 15.6125, 7.65], "rotation": 90, "texture": "#0"},
				"east": {"uv": [15.6125, 7.6, 15.6, 7.8], "rotation": 90, "texture": "#0"},
				"south": {"uv": [15.6, 7.6, 15.6125, 7.65], "rotation": 270, "texture": "#0"},
				"west": {"uv": [15.6125, 7.8, 15.6, 7.6], "rotation": 90, "texture": "#0"},
				"up": {"uv": [15.6, 7.6, 15.8, 7.65], "rotation": 270, "texture": "#0"},
				"down": {"uv": [15.6, 7.6, 15.8, 7.65], "rotation": 270, "texture": "#0"}
			}
		},
		{
			"from": [8.9875, 8.03, 5.51766],
			"to": [9.0125, 8.055, 5.59266],
			"rotation": {"angle": 0, "axis": "y", "origin": [9, 7.51476, 5.03641]},
			"faces": {
				"north": {"uv": [15.6, 7.6, 15.625, 7.625], "rotation": 90, "texture": "#0"},
				"east": {"uv": [15.625, 7.6, 15.6, 7.675], "rotation": 90, "texture": "#0"},
				"south": {"uv": [15.6, 7.6, 15.625, 7.625], "rotation": 270, "texture": "#0"},
				"west": {"uv": [15.725, 7.925, 15.7, 7.85], "rotation": 90, "texture": "#0"},
				"up": {"uv": [15.6, 7.6, 15.675, 7.625], "rotation": 270, "texture": "#0"}
			}
		},
		{
			"from": [5.95, 8.005, 16.49266],
			"to": [6.05, 8.03, 16.61766],
			"rotation": {"angle": 0, "axis": "y", "origin": [6, 7.51476, 16.03641]},
			"faces": {
				"north": {"uv": [15.6, 7.6, 15.625, 7.7], "rotation": 90, "texture": "#0"},
				"east": {"uv": [15.625, 7.6, 15.6, 7.725], "rotation": 90, "texture": "#0"},
				"south": {"uv": [15.6, 7.6, 15.625, 7.7], "rotation": 270, "texture": "#0"},
				"west": {"uv": [15.625, 7.725, 15.6, 7.6], "rotation": 90, "texture": "#0"},
				"up": {"uv": [15.6, 7.6, 15.725, 7.7], "rotation": 270, "texture": "#0"}
			}
		},
		{
			"from": [5.9875, 8.03, 0.66766],
			"to": [6.0125, 8.055, 0.74266],
			"rotation": {"angle": 0, "axis": "y", "origin": [6, 7.51476, 0.18641]},
			"faces": {
				"north": {"uv": [15.6, 7.6, 15.625, 7.625], "rotation": 90, "texture": "#0"},
				"east": {"uv": [15.625, 7.6, 15.6, 7.675], "rotation": 90, "texture": "#0"},
				"south": {"uv": [15.6, 7.6, 15.625, 7.625], "rotation": 270, "texture": "#0"},
				"west": {"uv": [15.725, 7.925, 15.7, 7.85], "rotation": 90, "texture": "#0"},
				"up": {"uv": [15.6, 7.6, 15.675, 7.625], "rotation": 270, "texture": "#0"}
			}
		},
		{
			"from": [5.975, 8.18404, 0.25456],
			"to": [6.025, 8.19654, 0.45456],
			"rotation": {"angle": 22.5, "axis": "x", "origin": [6, 7.51476, 0.18641]},
			"faces": {
				"north": {"uv": [15.6, 7.6, 15.6125, 7.65], "rotation": 90, "texture": "#0"},
				"east": {"uv": [15.6125, 7.6, 15.6, 7.8], "rotation": 90, "texture": "#0"},
				"south": {"uv": [15.6, 7.6, 15.6125, 7.65], "rotation": 270, "texture": "#0"},
				"west": {"uv": [15.6125, 7.8, 15.6, 7.6], "rotation": 90, "texture": "#0"},
				"up": {"uv": [15.6, 7.6, 15.8, 7.65], "rotation": 270, "texture": "#0"},
				"down": {"uv": [15.6, 7.6, 15.8, 7.65], "rotation": 270, "texture": "#0"}
			}
		},
		{
			"from": [5.95, 8.005, 0.64266],
			"to": [6.05, 8.03, 0.76766],
			"rotation": {"angle": 0, "axis": "y", "origin": [6, 7.51476, 0.18641]},
			"faces": {
				"north": {"uv": [15.6, 7.6, 15.625, 7.7], "rotation": 90, "texture": "#0"},
				"east": {"uv": [15.625, 7.6, 15.6, 7.725], "rotation": 90, "texture": "#0"},
				"south": {"uv": [15.6, 7.6, 15.625, 7.7], "rotation": 270, "texture": "#0"},
				"west": {"uv": [15.625, 7.725, 15.6, 7.6], "rotation": 90, "texture": "#0"},
				"up": {"uv": [15.6, 7.6, 15.725, 7.7], "rotation": 270, "texture": "#0"}
			}
		},
		{
			"from": [4.25, 7.25, 13.375],
			"to": [7.75, 8, 16.625],
			"rotation": {"angle": 0, "axis": "y", "origin": [5, 7.25, 20.625]},
			"faces": {
				"east": {"uv": [3.25, 0, 0, 0.75], "texture": "#0"},
				"south": {"uv": [12.5, 14.875, 9, 15.625], "texture": "#0"},
				"west": {"uv": [3.25, 0, 0, 0.75], "texture": "#0"},
				"up": {"uv": [0, 3.25, 3.5, 0], "texture": "#0"},
				"down": {"uv": [0, 3.25, 3.5, 0], "texture": "#0"}
			}
		},
		{
			"from": [4.27164, 7.001, 11.75],
			"to": [7.72836, 7.251, 14.52305],
			"rotation": {"angle": 0, "axis": "y", "origin": [5, 7.25, 20.25]},
			"faces": {
				"south": {"uv": [4.95672, 2.5, 1.5, 2.75], "texture": "#0"},
				"down": {"uv": [1.5, 5.27305, 4.95672, 2.5], "texture": "#0"}
			}
		},
		{
			"from": [9.8717, 6.999, 11.29835],
			"to": [11.3717, 7.249, 13.79835],
			"rotation": {"angle": 22.5, "axis": "y", "origin": [10.6217, 7.25, 19.54835]},
			"faces": {
				"east": {"uv": [4, 2.5, 1.5, 2.75], "texture": "#0"},
				"south": {"uv": [13.5, 13.5, 15, 13.75], "texture": "#0"},
				"down": {"uv": [9.5, 12.5, 7, 14], "rotation": 90, "texture": "#0"}
			}
		},
		{
			"from": [0.6283, 6.998, 11.29835],
			"to": [2.1283, 7.248, 13.79835],
			"rotation": {"angle": -22.5, "axis": "y", "origin": [1.3783, 7.25, 19.54835]},
			"faces": {
				"south": {"uv": [15, 13.5, 13.5, 13.75], "texture": "#0"},
				"west": {"uv": [4, 2.5, 1.5, 2.75], "texture": "#0"},
				"down": {"uv": [14, 14, 11.5, 12.5], "rotation": 90, "texture": "#0"}
			}
		},
		{
			"from": [4.56723, 6.999, 13.78267],
			"to": [6.39075, 7.249, 14.88267],
			"rotation": {"angle": 22.5, "axis": "y", "origin": [-1.18277, 7.25, 14.53267]},
			"faces": {
				"north": {"uv": [3.32352, 2.5, 1.5, 2.75], "texture": "#0"},
				"down": {"uv": [9.32352, 13.9, 7.5, 12.8], "texture": "#0"}
			}
		},
		{
			"from": [3.13432, 6.998, 10.14126],
			"to": [4.63432, 7.248, 11.69126],
			"rotation": {"angle": -22.5, "axis": "y", "origin": [4.10363, 7.254, 17.54126]},
			"faces": {
				"north": {"uv": [3, 2.5, 1.5, 2.75], "texture": "#0"},
				"down": {"uv": [9, 14, 7.5, 12.45], "texture": "#0"}
			}
		},
		{
			"from": [0.5318, 7, 8.84545],
			"to": [1.2818, 7.25, 10.35049],
			"rotation": {"angle": -45, "axis": "y", "origin": [1.48951, 7.25, 16.02381]},
			"faces": {
				"west": {"uv": [3.00504, 2.5, 1.5, 2.75], "texture": "#0"},
				"down": {"uv": [12.625, 11.45504, 11.875, 9.95], "texture": "#0"}
			}
		},
		{
			"from": [8.71585, 7, 6.29313],
			"to": [9.75062, 7.25, 7.59313],
			"rotation": {"angle": -45, "axis": "y", "origin": [2.50062, 7.25, 7.04313]},
			"faces": {
				"north": {"uv": [2.53476, 2.5, 1.5, 2.75], "texture": "#0"},
				"down": {"uv": [10, 13.875, 11.03476, 12.575], "texture": "#0"}
			}
		},
		{
			"from": [-0.08782, 7.251, 12.25753],
			"to": [2.91218, 8.001, 13.35753],
			"rotation": {"angle": -22.5, "axis": "y", "origin": [0.66218, 7.25, 17.35753]},
			"faces": {
				"south": {"uv": [6.75, 14, 7.5, 11], "rotation": 90, "texture": "#0"},
				"up": {"uv": [0, 1.1, 3, 0], "texture": "#0"},
				"down": {"uv": [0, 1.1, 3, 0], "texture": "#0"}
			}
		},
		{
			"from": [9.202, 7.251, 12.83156],
			"to": [12.202, 8.001, 13.93156],
			"rotation": {"angle": 22.5, "axis": "y", "origin": [9.952, 7.25, 17.93156]},
			"faces": {
				"south": {"uv": [14.25, 11, 13.5, 14], "rotation": 90, "texture": "#0"},
				"up": {"uv": [0, 1.1, 3, 0], "texture": "#0"},
				"down": {"uv": [0, 1.1, 3, 0], "texture": "#0"}
			}
		},
		{
			"from": [12.5, 7.35, 2.09683],
			"to": [16, 7.9, 11.09683],
			"rotation": {"angle": -45, "axis": "y", "origin": [10.5, 7.25, 5.59683]},
			"faces": {
				"north": {"uv": [3.5, 0, 0, 0.55], "texture": "#0"},
				"east": {"uv": [9, 0, 0, 0.55], "texture": "#0"},
				"south": {"uv": [3.5, 0, 0, 0.55], "texture": "#0"},
				"west": {"uv": [9, 0, 0, 0.55], "texture": "#0"},
				"up": {"uv": [0, 9, 3.5, 0], "texture": "#0"},
				"down": {"uv": [9.5, 12, 13, 3], "texture": "#0"}
			}
		},
		{
			"from": [6.87835, 7.89998, 4.40914],
			"to": [8.87835, 8.64998, 5.40914],
			"rotation": {"angle": -45, "axis": "y", "origin": [7.07835, 8.37498, 6.15914]},
			"faces": {
				"north": {"uv": [6.25, 13.375, 4.25, 14.125], "texture": "#0"},
				"east": {"uv": [0.75, 14.5, 1.5, 13.5], "rotation": 90, "texture": "#0"},
				"south": {"uv": [4, 13.5, 2, 14.25], "texture": "#0"},
				"west": {"uv": [0.625, 14.5, 1.375, 13.5], "rotation": 90, "texture": "#0"},
				"up": {"uv": [1.875, 14.5, 3.875, 13.5], "texture": "#0"}
			}
		},
		{
			"from": [5.6819, 7.99998, 5.86624],
			"to": [9.1819, 8.54998, 13.36624],
			"rotation": {"angle": -45, "axis": "y", "origin": [7.4319, 8.27498, 6.86624]},
			"faces": {
				"north": {"uv": [7, 0, 3.5, 0.55], "texture": "#0"},
				"east": {"uv": [14.5, 0, 7, 0.55], "texture": "#0"},
				"west": {"uv": [14.5, 0, 7, 0.55], "texture": "#0"},
				"up": {"uv": [7, 7.5, 10.5, 0], "texture": "#0"}
			}
		},
		{
			"from": [1.59827, 8.001, 9.875],
			"to": [2.44333, 8.551, 13.37497],
			"rotation": {"angle": 0, "axis": "y", "origin": [7.39573, 8.27498, 9.07943]},
			"faces": {
				"north": {"uv": [7.84506, 0, 7, 0.55], "texture": "#0"},
				"south": {"uv": [7.84506, 0, 7, 0.55], "texture": "#0"},
				"up": {"uv": [9.49997, 5, 6, 5.84506], "rotation": 270, "texture": "#0"}
			}
		},
		{
			"from": [-1.93792, 7.999, 9.79008],
			"to": [-0.17382, 8.549, 11.94008],
			"rotation": {"angle": 22.5, "axis": "y", "origin": [3.85954, 8.27498, 1.6445]},
			"faces": {
				"south": {"uv": [8.7641, 0, 7, 0.55], "texture": "#0"},
				"up": {"uv": [12.5, 11.5, 14.65, 13.2641], "rotation": 270, "texture": "#0"}
			}
		},
		{
			"from": [0.7137, 7.278, 9.874],
			"to": [1.2637, 8.37403, 13.375],
			"rotation": {"angle": 22.5, "axis": "z", "origin": [0.9887, 9.303, 11.625]},
			"faces": {
				"north": {"uv": [7, 0.55, 8.09603, 0], "rotation": 90, "texture": "#0"},
				"south": {"uv": [7, 0.55, 8.09603, 0], "rotation": 270, "texture": "#0"},
				"west": {"uv": [10.001, 8, 6.5, 9.09603], "rotation": 180, "texture": "#0"},
				"up": {"uv": [7.001, 0, 3.5, 0.55], "rotation": 90, "texture": "#0"}
			}
		},
		{
			"from": [19.61396, 7.25, 3.73286],
			"to": [21.61396, 8, 4.73286],
			"rotation": {"angle": -45, "axis": "y", "origin": [16.86396, 7.25, -0.76714]},
			"faces": {
				"north": {"uv": [6.25, 13.375, 4.25, 14.125], "texture": "#0"},
				"east": {"uv": [2.125, 14.5, 2.875, 13.5], "rotation": 90, "texture": "#0"},
				"south": {"uv": [2, 13.5, 0, 14.25], "texture": "#0"},
				"west": {"uv": [1.25, 14.5, 2, 13.5], "rotation": 90, "texture": "#0"},
				"up": {"uv": [0.125, 14.5, 2.125, 13.5], "texture": "#0"},
				"down": {"uv": [0.75, 14.5, 2.75, 13.5], "texture": "#0"}
			}
		}
	],
	"display": {
		"thirdperson_righthand": {
			"rotation": [-31.09, 11.34, 63.17],
			"translation": [0.25, -0.25, -4.5]
		},
		"thirdperson_lefthand": {
			"rotation": [-31.09, 11.34, 63.17],
			"translation": [0.25, -0.25, -4.5]
		},
		"firstperson_righthand": {
			"rotation": [-98.81, -5.6, 107.79],
			"translation": [-1.75, 0.5, -1.25]
		},
		"firstperson_lefthand": {
			"rotation": [-98.81, -5.6, 107.79],
			"translation": [-1.75, 0.5, -1.25]
		},
		"ground": {
			"translation": [0, -2, 0]
		},
		"gui": {
			"rotation": [-113.43, 12.88, 162.7],
			"translation": [0.25, -0.25, 0],
			"scale": [0.9, 0.9, 0.9]
		}
	}
}