{
	"credit": "Made with Blockbench",
	"texture_size": [8, 8],
	"textures": {
		"0": "f_model/knitted_hat",
		"particle": "f_model/knitted_hat"
	},
	"elements": [
		{
			"from": [6.18072, 7.8, 5.88686],
			"to": [7.43072, 8.2, 9.98686],
			"rotation": {"angle": 0, "axis": "y", "origin": [7.99693, 8, 7.93379]},
			"faces": {
				"north": {"uv": [5.075, 13.5, 5.875, 16], "rotation": 90, "texture": "#0"},
				"east": {"uv": [0.25, 4.5, 8.45, 5.3], "texture": "#0"},
				"south": {"uv": [0.25, 4.5, 2.75, 5.3], "texture": "#0"},
				"west": {"uv": [15.2, 7.8, 16, 16], "rotation": 90, "texture": "#0"},
				"up": {"uv": [0, 13.5, 8.2, 16], "rotation": 90, "texture": "#0"},
				"down": {"uv": [0, 13.5, 8.2, 16], "rotation": 270, "texture": "#0"}
			}
		},
		{
			"from": [8.68072, 7.85, 7.68072],
			"to": [9.69555, 8.15, 8.18686],
			"rotation": {"angle": 0, "axis": "y", "origin": [7.99693, 8, 7.93379]},
			"faces": {
				"east": {"uv": [14.98772, 13.5, 16, 14.1], "texture": "#0"},
				"up": {"uv": [14.98772, 13, 16, 15.02966], "rotation": 90, "texture": "#0"},
				"down": {"uv": [14.98772, 13, 16, 15.02966], "rotation": 270, "texture": "#0"}
			}
		},
		{
			"from": [6.70963, 7.852, 6.30555],
			"to": [8.725, 8.152, 8.15331],
			"rotation": {"angle": -22.5, "axis": "y", "origin": [7.99693, 8, 7.93379]},
			"faces": {
				"north": {"uv": [5, 4.75, 9.03074, 5.35], "texture": "#0"},
				"up": {"uv": [6.375, 8.75, 10.40574, 12.44552], "texture": "#0"},
				"down": {"uv": [3.25, 2.75, 7.28074, 6.44552], "texture": "#0"}
			}
		},
		{
			"from": [8.8262, 7.851, 7.51757],
			"to": [9.66309, 8.149, 8.57031],
			"rotation": {"angle": -22.5, "axis": "y", "origin": [7.99693, 8, 7.93379]},
			"faces": {
				"east": {"uv": [15.19452, 6.35, 15.79052, 8.45548], "rotation": 270, "texture": "#0"},
				"up": {"uv": [0.27623, 1, 2.38171, 2.67378], "rotation": 90, "texture": "#0"},
				"down": {"uv": [7.52623, 5, 9.63171, 6.67378], "rotation": 270, "texture": "#0"}
			}
		},
		{
			"from": [6.70963, 7.848, 7.71428],
			"to": [8.725, 8.148, 9.56204],
			"rotation": {"angle": 22.5, "axis": "y", "origin": [7.99693, 8, 7.93379]},
			"faces": {
				"south": {"uv": [7.01537, 4.75, 11.04611, 5.35], "texture": "#0"},
				"up": {"uv": [4.125, 7.09776, 8.15574, 10.79328], "texture": "#0"},
				"down": {"uv": [3.125, 3.09776, 7.15574, 6.79328], "texture": "#0"}
			}
		},
		{
			"from": [8.8262, 7.851, 7.29727],
			"to": [9.66309, 8.149, 8.35002],
			"rotation": {"angle": 22.5, "axis": "y", "origin": [7.99693, 8, 7.93379]},
			"faces": {
				"east": {"uv": [15.404, 6.5, 16, 8.6055], "rotation": 90, "texture": "#0"},
				"up": {"uv": [2.125, 1, 4.2305, 2.67378], "rotation": 90, "texture": "#0"},
				"down": {"uv": [2.25, 0.25, 4.3555, 1.92378], "rotation": 270, "texture": "#0"}
			}
		}
	],
	"display": {
		"thirdperson_righthand": {
			"rotation": [-125.04, 26.44, -86.95],
			"translation": [-0.25, -0.5, -0.75]
		},
		"thirdperson_lefthand": {
			"rotation": [-125.04, 26.44, -86.95],
			"translation": [-0.25, -0.5, -0.75]
		},
		"firstperson_righthand": {
			"rotation": [-168, 13, -90],
			"translation": [-2.5, 4.25, 4.25]
		},
		"firstperson_lefthand": {
			"rotation": [1.96, -3.75, -89.31],
			"translation": [-2.5, 4.25, 4.25]
		},
		"ground": {
			"translation": [0, -2.75, 0]
		},
		"gui": {
			"rotation": [63.96, 73.88, 64.31],
			"translation": [0.75, 0, 0],
			"scale": [3, 3, 3]
		}
	}
}