{
	"format_version": "1.9.0",
	"credit": "Made with Blockbench",
	"texture_size": [8, 8],
	"textures": {
		"0": "f_model/knitted_hat",
		"1": "f_model/metal_sheet",
		"2": "f_model/cloth",
		"3": "f_model/thread",
		"particle": "f_model/knitted_hat"
	},
	"elements": [
		{
			"from": [8.03072, 8.175, 6.38686],
			"to": [9.28072, 8.625, 9.48686],
			"rotation": {"angle": 0, "axis": "y", "origin": [9.84693, 8.4, 7.93379]},
			"faces": {
				"north": {"uv": [5.075, 13.5, 5.975, 16], "rotation": 90, "texture": "#0"},
				"east": {"uv": [0.25, 4.5, 6.45, 5.4], "texture": "#0"},
				"south": {"uv": [0.25, 4.5, 2.75, 5.4], "texture": "#0"},
				"west": {"uv": [15.1, 7.8, 16, 14], "rotation": 90, "texture": "#0"},
				"up": {"uv": [0, 13.5, 6.2, 16], "rotation": 90, "texture": "#0"},
				"down": {"uv": [0, 13.5, 6.2, 16], "rotation": 270, "texture": "#0"}
			}
		},
		{
			"from": [10.53072, 8.248, 7.68072],
			"to": [11.54555, 8.553, 8.18686],
			"rotation": {"angle": 0, "axis": "y", "origin": [9.84693, 8.4, 7.93379]},
			"faces": {
				"east": {"uv": [14.98772, 13.5, 16, 14.11], "texture": "#0"},
				"up": {"uv": [14.98772, 13, 16, 15.02966], "rotation": 90, "texture": "#0"},
				"down": {"uv": [14.98772, 13, 16, 15.02966], "rotation": 270, "texture": "#0"}
			}
		},
		{
			"from": [10.3762, 8.251, 7.51757],
			"to": [11.51309, 8.551, 8.54227],
			"rotation": {"angle": -22.5, "axis": "y", "origin": [9.84693, 8.4, 7.93379]},
			"faces": {
				"east": {"uv": [15.19452, 8.1, 15.79452, 10.1494], "rotation": 270, "texture": "#0"},
				"up": {"uv": [6, 7.25, 8.0494, 9.52378], "rotation": 90, "texture": "#0"},
				"down": {"uv": [8.52624, 10, 10.57564, 12.27378], "rotation": 270, "texture": "#0"}
			}
		},
		{
			"from": [9.73721, 8.249, 8.74396],
			"to": [10.52981, 8.549, 9.33085],
			"rotation": {"angle": 22.5, "axis": "y", "origin": [10.34569, 8.4, 7.66469]},
			"faces": {
				"south": {"uv": [7.19452, 6.1, 7.79452, 7.6852], "rotation": 270, "texture": "#0"},
				"up": {"uv": [0.27622, 1, 1.86142, 2.17378], "rotation": 180, "texture": "#0"},
				"down": {"uv": [6.52624, 5, 8.11144, 6.17378], "rotation": 180, "texture": "#0"}
			}
		},
		{
			"from": [9.76952, 8.249, 6.37434],
			"to": [10.56212, 8.549, 6.96123],
			"rotation": {"angle": -22.5, "axis": "y", "origin": [9.95364, 8.4, 8.0405]},
			"faces": {
				"north": {"uv": [7.19452, 6.1, 7.79452, 7.6852], "rotation": 270, "texture": "#0"},
				"up": {"uv": [5.27622, 7, 6.86142, 8.17378], "texture": "#0"},
				"down": {"uv": [6.52624, 5, 8.11144, 6.17378], "texture": "#0"}
			}
		},
		{
			"from": [9.28072, 8.25, 6.43686],
			"to": [10.42114, 8.55, 9.43688],
			"rotation": {"angle": 0, "axis": "y", "origin": [10.41461, 8.401, 7.53122]},
			"faces": {
				"north": {"uv": [5, 5, 7.28084, 5.6], "texture": "#0"},
				"south": {"uv": [7.01538, 4.75, 9.29622, 5.35], "texture": "#0"},
				"up": {"uv": [6.125, 6.09776, 8.40584, 12.0978], "texture": "#0"},
				"down": {"uv": [9.125, 7.09776, 11.40584, 13.0978], "texture": "#0"}
			}
		},
		{
			"from": [10.26257, 8.252, 7.34792],
			"to": [11.39946, 8.552, 8.37262],
			"rotation": {"angle": 22.5, "axis": "y", "origin": [9.7333, 8.401, 7.65944]},
			"faces": {
				"east": {"uv": [15.4, 8.25, 16, 10.2994], "rotation": 90, "texture": "#0"},
				"up": {"uv": [7.125, 5, 9.1744, 7.27378], "rotation": 90, "texture": "#0"},
				"down": {"uv": [3.25, 5.25, 5.2994, 7.52378], "rotation": 270, "texture": "#0"}
			}
		},
		{
			"from": [3.98072, 9.09922, 7.5282],
			"to": [8.98072, 9.25922, 8.3282],
			"rotation": {"angle": 0, "axis": "y", "origin": [7.62972, 8.55454, 6.87009]},
			"faces": {
				"east": {"uv": [1.6, 0, 0, 0.32], "texture": "#1"},
				"west": {"uv": [5, 10, 6.6, 10.32], "texture": "#1"},
				"up": {"uv": [11.3, 8.6, 1.3, 7], "texture": "#1"},
				"down": {"uv": [10, 5.375, 0, 3.775], "rotation": 180, "texture": "#1"}
			}
		},
		{
			"from": [4.08072, 8.08468, 8.83844],
			"to": [8.88072, 8.08468, 10.03843],
			"rotation": {"angle": 45, "axis": "x", "origin": [7.63072, 7.78749, 9.77781]},
			"faces": {
				"up": {"uv": [4, 2, 13.6, 4.39998], "texture": "#2"},
				"down": {"uv": [15, 14.99998, 5.4, 12.6], "texture": "#2"}
			}
		},
		{
			"from": [8.08072, 8.90261, 8.11218],
			"to": [8.88072, 8.90261, 9.31218],
			"rotation": {"angle": 22.5, "axis": "x", "origin": [7.63072, 8.60542, 8.65156]},
			"faces": {
				"up": {"uv": [4, 2, 5.6, 4.4], "texture": "#2"},
				"down": {"uv": [15, 12.6, 13.4, 10.2], "texture": "#2"}
			}
		},
		{
			"from": [8.08072, 8.90261, 6.54422],
			"to": [8.88072, 8.90261, 7.74422],
			"rotation": {"angle": -22.5, "axis": "x", "origin": [7.63072, 8.60542, 7.20485]},
			"faces": {
				"up": {"uv": [4, 2, 5.6, 4.4], "texture": "#2"},
				"down": {"uv": [1, 12.6, 2.6, 10.2], "texture": "#2"}
			}
		},
		{
			"from": [4.08072, 8.90261, 8.11218],
			"to": [7.28072, 8.90261, 9.31218],
			"rotation": {"angle": 22.5, "axis": "x", "origin": [7.63072, 8.60542, 8.65156]},
			"faces": {
				"down": {"uv": [15, 12.6, 8.6, 10.2], "texture": "#2"}
			}
		},
		{
			"from": [4.08072, 8.90261, 6.54422],
			"to": [7.28072, 8.90261, 7.74422],
			"rotation": {"angle": -22.5, "axis": "x", "origin": [7.63072, 8.60542, 7.20485]},
			"faces": {
				"down": {"uv": [1, 12.6, 7.4, 10.2], "texture": "#2"}
			}
		},
		{
			"from": [4.08072, 8.08467, 5.81797],
			"to": [8.88072, 8.08467, 7.01797],
			"rotation": {"angle": -45, "axis": "x", "origin": [7.63072, 7.78748, 6.07859]},
			"faces": {
				"up": {"uv": [4, 2, 13.6, 4.4], "texture": "#2"},
				"down": {"uv": [1, 12.6, 10.6, 15], "texture": "#2"}
			}
		},
		{
			"from": [4.08072, 9.07422, 7.5282],
			"to": [8.88072, 9.07422, 8.3282],
			"rotation": {"angle": 0, "axis": "y", "origin": [7.62972, 8.52954, 6.87009]},
			"faces": {
				"down": {"uv": [15, 10.2, 5.4, 8.6], "texture": "#2"}
			}
		},
		{
			"from": [8.68072, 8.92761, 7.04422],
			"to": [8.98072, 9.08761, 7.74422],
			"rotation": {"angle": -22.5, "axis": "x", "origin": [7.63072, 8.63042, 7.20485]},
			"faces": {
				"east": {"uv": [0, 0, 1.4, 0.32], "texture": "#1"},
				"up": {"uv": [6.9, 9.41448, 6.3, 10.81448], "rotation": 180, "texture": "#1"},
				"down": {"uv": [11, 12.4, 10.4, 11], "rotation": 180, "texture": "#1"}
			}
		},
		{
			"from": [3.98072, 8.27452, 5.23721],
			"to": [4.08072, 8.43452, 6.63721],
			"rotation": {"angle": -45, "axis": "x", "origin": [10.33072, 8.35452, 6.08721]},
			"faces": {
				"north": {"uv": [0, 0, 0.32, 0.2], "rotation": 270, "texture": "#1"},
				"west": {"uv": [0, 0, 2.8, 0.32], "texture": "#1"},
				"up": {"uv": [1.2, 12.76448, 1, 9.96448], "texture": "#1"},
				"down": {"uv": [3.2, 4.8, 3, 2], "texture": "#1"}
			}
		},
		{
			"from": [4.08072, 8.48665, 5.64934],
			"to": [4.28072, 8.64665, 5.34934],
			"rotation": {"angle": -45, "axis": "x", "origin": [10.33072, 8.56665, 6.29934]},
			"faces": {
				"north": {"uv": [0, 0, 0.4, 0.32], "texture": "#1"},
				"east": {"uv": [0, 0, 0.6, 0.32], "texture": "#1"},
				"south": {"uv": [0, 0, 0.32, 0.4], "rotation": 270, "texture": "#1"},
				"west": {"uv": [0, 0, 0.6, 0.32], "texture": "#1"}
			}
		},
		{
			"from": [4.08072, 8.27452, 5.23721],
			"to": [4.28072, 8.43452, 5.43721],
			"rotation": {"angle": -45, "axis": "x", "origin": [10.33072, 8.35452, 6.08721]},
			"faces": {
				"north": {"uv": [0, 0, 0.32, 0.4], "rotation": 270, "texture": "#1"},
				"up": {"uv": [1.7, 11.41448, 1.3, 11.81448], "texture": "#1"},
				"down": {"uv": [10.8, 11.4, 10.4, 11], "texture": "#1"}
			}
		},
		{
			"from": [4.10572, 8.2545, 5.2272],
			"to": [4.15572, 8.4445, 5.4772],
			"rotation": {"angle": -45, "axis": "x", "origin": [10.28072, 8.35452, 6.08721]},
			"faces": {
				"north": {"uv": [1.95, 2, 2.05, 2.38], "rotation": 180, "texture": "#3"},
				"east": {"uv": [2, 0, 2.38, 0.5], "rotation": 90, "texture": "#3"},
				"south": {"uv": [3.95, 2, 4.05, 2.38], "texture": "#3"},
				"west": {"uv": [10, 2, 10.5, 2.38], "texture": "#3"},
				"up": {"uv": [4.05, 6.41448, 3.95, 6.91448], "texture": "#3"},
				"down": {"uv": [12.05, 3.5, 11.95, 3], "texture": "#3"}
			}
		},
		{
			"from": [4.20572, 8.2645, 10.3751],
			"to": [4.25572, 8.4545, 10.6251],
			"rotation": {"angle": 45, "axis": "x", "origin": [10.38072, 8.35455, 9.75506]},
			"faces": {
				"north": {"uv": [4.05, 2, 3.95, 2.38], "texture": "#3"},
				"east": {"uv": [2, 0.5, 2.38, 0], "rotation": 90, "texture": "#3"},
				"south": {"uv": [2.05, 2, 1.95, 2.38], "rotation": 180, "texture": "#3"},
				"west": {"uv": [10.5, 2, 10, 2.38], "texture": "#3"},
				"up": {"uv": [4.05, 6.91448, 3.95, 6.41448], "texture": "#3"},
				"down": {"uv": [12.05, 3, 11.95, 3.5], "texture": "#3"}
			}
		},
		{
			"from": [8.8707, 10.887, 9.76295],
			"to": [8.9907, 11.142, 9.86295],
			"rotation": {"angle": 22.5, "axis": "x", "origin": [8.11068, 11.03708, 3.78795]},
			"faces": {
				"north": {"uv": [2.14, 0, 1.9, 0.51], "texture": "#3"},
				"east": {"uv": [2.1, 2, 1.9, 2.51], "rotation": 180, "texture": "#3"},
				"south": {"uv": [10.14, 2, 9.9, 2.51], "texture": "#3"},
				"west": {"uv": [4.1, 2, 3.9, 2.51], "texture": "#3"},
				"up": {"uv": [4.1, 6.65448, 3.9, 6.41448], "rotation": 270, "texture": "#3"}
			}
		},
		{
			"from": [8.8707, 6.2573, 6.91833],
			"to": [8.9907, 6.5123, 7.01833],
			"rotation": {"angle": -22.5, "axis": "x", "origin": [8.1007, 6.39739, 0.89333]},
			"faces": {
				"north": {"uv": [2.14, 0, 1.9, 0.51], "texture": "#3"},
				"east": {"uv": [2.1, 2, 1.9, 2.51], "rotation": 180, "texture": "#3"},
				"south": {"uv": [10.14, 2, 9.9, 2.51], "texture": "#3"},
				"west": {"uv": [4.1, 2, 3.9, 2.51], "texture": "#3"},
				"up": {"uv": [4.1, 6.65448, 3.9, 6.41448], "rotation": 270, "texture": "#3"}
			}
		},
		{
			"from": [4.08072, 8.27452, 5.73721],
			"to": [4.28072, 8.43452, 6.63721],
			"rotation": {"angle": -45, "axis": "x", "origin": [10.33072, 8.35452, 6.08721]},
			"faces": {
				"up": {"uv": [1.7, 11.41448, 1.3, 13.21448], "texture": "#1"},
				"down": {"uv": [10.8, 12.8, 10.4, 11], "texture": "#1"}
			}
		},
		{
			"from": [7.98072, 8.92761, 8.11218],
			"to": [8.68072, 9.08761, 9.31218],
			"rotation": {"angle": 22.5, "axis": "x", "origin": [7.63072, 8.63042, 8.65156]},
			"faces": {
				"south": {"uv": [4.4, 13, 3, 13.32], "texture": "#1"},
				"up": {"uv": [12.05, 6, 10.65, 8.4], "texture": "#1"},
				"down": {"uv": [1.4, 8.175, 0, 10.575], "rotation": 180, "texture": "#1"}
			}
		},
		{
			"from": [4.28072, 8.10968, 8.83844],
			"to": [8.98072, 8.26967, 10.23843],
			"rotation": {"angle": 45, "axis": "x", "origin": [7.63072, 7.81249, 9.77781]},
			"faces": {
				"east": {"uv": [2.79998, 0, 0, 0.31998], "texture": "#1"},
				"south": {"uv": [12.4, 13, 3, 13.31998], "texture": "#1"},
				"up": {"uv": [12.3, 6.4, 2.9, 9.19998], "texture": "#1"},
				"down": {"uv": [9.4, 8.175, 0, 10.97498], "rotation": 180, "texture": "#1"}
			}
		},
		{
			"from": [4.08072, 8.27453, 10.4192],
			"to": [4.28072, 8.43453, 10.6192],
			"rotation": {"angle": 45, "axis": "x", "origin": [10.33072, 8.35453, 9.7692]},
			"faces": {
				"south": {"uv": [0, 0.4, 0.32, 0], "rotation": 270, "texture": "#1"},
				"up": {"uv": [1.7, 11.81448, 1.3, 11.41448], "texture": "#1"},
				"down": {"uv": [10.8, 11, 10.4, 11.4], "texture": "#1"}
			}
		},
		{
			"from": [3.98072, 8.27453, 9.2192],
			"to": [4.08072, 8.43453, 10.6192],
			"rotation": {"angle": 45, "axis": "x", "origin": [10.33072, 8.35453, 9.7692]},
			"faces": {
				"south": {"uv": [0, 0.2, 0.32, 0], "rotation": 270, "texture": "#1"},
				"west": {"uv": [2.8, 0, 0, 0.32], "texture": "#1"},
				"up": {"uv": [1.2, 9.96448, 1, 12.76448], "texture": "#1"},
				"down": {"uv": [3.2, 2, 3, 4.8], "texture": "#1"}
			}
		},
		{
			"from": [4.08072, 8.27453, 9.2192],
			"to": [4.28072, 8.43453, 10.1192],
			"rotation": {"angle": 45, "axis": "x", "origin": [10.33072, 8.35453, 9.7692]},
			"faces": {
				"up": {"uv": [1.7, 13.21448, 1.3, 11.41448], "texture": "#1"},
				"down": {"uv": [10.8, 11, 10.4, 12.8], "texture": "#1"}
			}
		},
		{
			"from": [4.08072, 8.48666, 10.50706],
			"to": [4.28072, 8.64666, 10.20706],
			"rotation": {"angle": 45, "axis": "x", "origin": [10.33072, 8.56666, 9.55706]},
			"faces": {
				"north": {"uv": [0, 0.4, 0.32, 0], "rotation": 270, "texture": "#1"},
				"east": {"uv": [0.6, 0, 0, 0.32], "texture": "#1"},
				"south": {"uv": [0.4, 0, 0, 0.32], "texture": "#1"},
				"west": {"uv": [0.6, 0, 0, 0.32], "texture": "#1"}
			}
		},
		{
			"from": [8.88072, 8.92761, 8.81218],
			"to": [8.98072, 9.08761, 9.31218],
			"rotation": {"angle": 22.5, "axis": "x", "origin": [7.63072, 8.63042, 8.65156]},
			"faces": {
				"east": {"uv": [1, 0, 0, 0.32], "texture": "#1"},
				"up": {"uv": [1.2, 9.96448, 1, 10.96448], "rotation": 180, "texture": "#1"},
				"down": {"uv": [3.2, 2, 3, 3], "rotation": 180, "texture": "#1"}
			}
		},
		{
			"from": [8.68072, 8.92761, 8.11218],
			"to": [8.98072, 9.08761, 8.81218],
			"rotation": {"angle": 22.5, "axis": "x", "origin": [7.63072, 8.63042, 8.65156]},
			"faces": {
				"east": {"uv": [1.4, 0, 0, 0.32], "texture": "#1"},
				"up": {"uv": [2.9, 7.81448, 2.3, 6.41448], "rotation": 180, "texture": "#1"},
				"down": {"uv": [11, 11, 10.4, 12.4], "rotation": 180, "texture": "#1"}
			}
		},
		{
			"from": [7.38072, 8.92762, 8.81218],
			"to": [7.98072, 9.08762, 9.31218],
			"rotation": {"angle": 22.5, "axis": "x", "origin": [7.63072, 8.63043, 8.65155]},
			"faces": {
				"up": {"uv": [6.05, 9, 4.85, 10], "texture": "#1"},
				"down": {"uv": [1.2, 8.175, 0, 9.175], "rotation": 180, "texture": "#1"}
			}
		},
		{
			"from": [7.38072, 8.92762, 8.81218],
			"to": [7.98072, 9.08762, 8.11218],
			"rotation": {"angle": 22.5, "axis": "x", "origin": [7.63072, 8.63043, 8.65155]},
			"faces": {
				"north": {"uv": [0, 0, 0.32, 1.2], "rotation": 270, "texture": "#1"},
				"east": {"uv": [0, 0, 1.4, 0.32], "texture": "#1"},
				"south": {"uv": [0, 0, 1.2, 0.32], "texture": "#1"},
				"west": {"uv": [0, 0, 1.4, 0.32], "texture": "#1"}
			}
		},
		{
			"from": [8.68072, 8.92762, 9.31218],
			"to": [8.88072, 9.08762, 8.81218],
			"rotation": {"angle": 22.5, "axis": "x", "origin": [7.63072, 8.63043, 8.65155]},
			"faces": {
				"north": {"uv": [0, 0, 0.32, 0.4], "rotation": 270, "texture": "#1"},
				"east": {"uv": [0, 0, 1, 0.32], "texture": "#1"},
				"south": {"uv": [0, 0, 0.4, 0.32], "texture": "#1"},
				"west": {"uv": [0, 0, 1, 0.32], "texture": "#1"}
			}
		},
		{
			"from": [8.68072, 8.61333, 7.10674],
			"to": [8.88072, 8.77333, 6.60674],
			"rotation": {"angle": -22.5, "axis": "x", "origin": [7.63072, 8.31614, 6.44611]},
			"faces": {
				"north": {"uv": [0, 0, 0.32, 0.4], "rotation": 270, "texture": "#1"},
				"east": {"uv": [0, 0, 1, 0.32], "texture": "#1"},
				"south": {"uv": [0, 0, 0.4, 0.32], "texture": "#1"},
				"west": {"uv": [0, 0, 1, 0.32], "texture": "#1"}
			}
		},
		{
			"from": [7.38072, 9.07255, 7.71539],
			"to": [7.98072, 9.23255, 7.01539],
			"rotation": {"angle": -22.5, "axis": "x", "origin": [7.63072, 8.77536, 7.55476]},
			"faces": {
				"north": {"uv": [0, 0, 0.32, 1.2], "rotation": 270, "texture": "#1"},
				"east": {"uv": [0, 0, 1.4, 0.32], "texture": "#1"},
				"south": {"uv": [0, 0, 1.2, 0.32], "texture": "#1"},
				"west": {"uv": [0, 0, 1.4, 0.32], "texture": "#1"}
			}
		},
		{
			"from": [7.38072, 8.92761, 6.54422],
			"to": [7.98072, 9.08761, 7.04422],
			"rotation": {"angle": -22.5, "axis": "x", "origin": [7.63072, 8.63042, 7.20485]},
			"faces": {
				"up": {"uv": [4.9, 10.05, 6.1, 11.05], "texture": "#1"},
				"down": {"uv": [1.2, 9.175, 0, 8.175], "rotation": 180, "texture": "#1"}
			}
		},
		{
			"from": [8.88072, 8.92761, 6.54422],
			"to": [8.98072, 9.08761, 7.04422],
			"rotation": {"angle": -22.5, "axis": "x", "origin": [7.63072, 8.63042, 7.20485]},
			"faces": {
				"east": {"uv": [0, 0, 1, 0.32], "texture": "#1"},
				"up": {"uv": [1.2, 10.96448, 1, 9.96448], "rotation": 180, "texture": "#1"},
				"down": {"uv": [3.2, 3, 3, 2], "rotation": 180, "texture": "#1"}
			}
		},
		{
			"from": [7.98072, 8.92761, 6.54422],
			"to": [8.68072, 9.08761, 7.74422],
			"rotation": {"angle": -22.5, "axis": "x", "origin": [7.63072, 8.63042, 7.20485]},
			"faces": {
				"up": {"uv": [8.3, 11.8, 6.9, 9.4], "texture": "#1"},
				"down": {"uv": [1.4, 10.575, 0, 8.175], "rotation": 180, "texture": "#1"}
			}
		},
		{
			"from": [3.98072, 8.92761, 8.11218],
			"to": [7.38072, 9.08761, 9.31218],
			"rotation": {"angle": 22.5, "axis": "x", "origin": [7.63072, 8.63042, 8.65156]},
			"faces": {
				"south": {"uv": [9.8, 13, 3, 13.32], "texture": "#1"},
				"west": {"uv": [7.4, 10, 5, 10.32], "texture": "#1"},
				"up": {"uv": [9.7, 6.4, 2.9, 8.8], "texture": "#1"},
				"down": {"uv": [6.8, 8.175, 0, 10.575], "rotation": 180, "texture": "#1"}
			}
		},
		{
			"from": [3.98072, 8.92761, 6.54422],
			"to": [7.38072, 9.08761, 7.74422],
			"rotation": {"angle": -22.5, "axis": "x", "origin": [7.63072, 8.63042, 7.20485]},
			"faces": {
				"west": {"uv": [5, 10, 7.4, 10.32], "texture": "#1"},
				"up": {"uv": [6.8, 9.8, 0, 7.4], "texture": "#1"},
				"down": {"uv": [6.8, 10.575, 0, 8.175], "rotation": 180, "texture": "#1"}
			}
		},
		{
			"from": [4.28072, 8.10967, 5.61797],
			"to": [8.98072, 8.26967, 7.01797],
			"rotation": {"angle": -45, "axis": "x", "origin": [7.63072, 7.81248, 6.07859]},
			"faces": {
				"north": {"uv": [3, 13, 12.4, 13.32], "texture": "#1"},
				"east": {"uv": [0, 0, 2.8, 0.32], "texture": "#1"},
				"up": {"uv": [11.3, 8.2, 1.9, 5.4], "texture": "#1"},
				"down": {"uv": [9.4, 10.975, 0, 8.175], "rotation": 180, "texture": "#1"}
			}
		}
	],
	"display": {
		"thirdperson_righthand": {
			"rotation": [-31.74, 37.91, 91.3],
			"translation": [-1.25, 1, -2]
		},
		"thirdperson_lefthand": {
			"rotation": [-31.74, 37.91, -91.3],
			"translation": [-1.25, 1, -2]
		},
		"firstperson_righthand": {
			"rotation": [-31.74, 37.91, 91.3],
			"translation": [-5.5, 5.75, 4.75]
		},
		"firstperson_lefthand": {
			"rotation": [-31.74, -142.09, -91.3],
			"translation": [-5.5, 5.75, 4.75]
		},
		"ground": {
			"translation": [0.5, -3.25, 0]
		},
		"gui": {
			"rotation": [82.54, 74.17, 33.1],
			"translation": [0.75, 1.25, 0],
			"scale": [2, 2, 2]
		}
	}
}