{
	"credit": "Made with Blockbench",
	"textures": {
		"0": "f_model/overalls",
		"particle": "f_model/overalls"
	},
	"elements": [
		{
			"from": [9.95079, 0, 0.83464],
			"to": [13.95079, 1, 12.33464],
			"rotation": {"angle": -22.5, "axis": "y", "origin": [10.03037, 0.25444, 5.40367]},
			"faces": {
				"north": {"uv": [16, 13.25, 12, 14.25], "rotation": 180, "texture": "#0"},
				"east": {"uv": [11.5, 2.5, 0, 3.5], "rotation": 180, "texture": "#0"},
				"west": {"uv": [11.5, 0, 0, 1], "rotation": 180, "texture": "#0"},
				"up": {"uv": [0, 11.5, 4, 0], "rotation": 180, "texture": "#0"},
				"down": {"uv": [8, 12.5, 12, 1], "rotation": 180, "texture": "#0"}
			}
		},
		{
			"from": [7.025, 2.18404, 5.45456],
			"to": [7.075, 2.19654, 5.65456],
			"rotation": {"angle": 22.5, "axis": "x", "origin": [7.05, 1.51476, 5.38641]},
			"faces": {
				"north": {"uv": [15.6, 7.6, 15.6125, 7.65], "rotation": 90, "texture": "#0"},
				"east": {"uv": [15.6125, 7.6, 15.6, 7.8], "rotation": 90, "texture": "#0"},
				"south": {"uv": [15.6, 7.6, 15.6125, 7.65], "rotation": 270, "texture": "#0"},
				"west": {"uv": [15.6125, 7.8, 15.6, 7.6], "rotation": 90, "texture": "#0"},
				"up": {"uv": [15.6, 7.6, 15.8, 7.65], "rotation": 270, "texture": "#0"},
				"down": {"uv": [15.6, 7.6, 15.8, 7.65], "rotation": 270, "texture": "#0"}
			}
		},
		{
			"from": [7.0375, 2.03, 5.86766],
			"to": [7.0625, 2.055, 5.94266],
			"rotation": {"angle": 0, "axis": "y", "origin": [7.05, 1.51476, 5.38641]},
			"faces": {
				"north": {"uv": [15.6, 7.6, 15.625, 7.625], "rotation": 90, "texture": "#0"},
				"east": {"uv": [15.625, 7.6, 15.6, 7.675], "rotation": 90, "texture": "#0"},
				"south": {"uv": [15.6, 7.6, 15.625, 7.625], "rotation": 270, "texture": "#0"},
				"west": {"uv": [15.725, 7.925, 15.7, 7.85], "rotation": 90, "texture": "#0"},
				"up": {"uv": [15.6, 7.6, 15.675, 7.625], "rotation": 270, "texture": "#0"}
			}
		},
		{
			"from": [7, 2.005, 5.84266],
			"to": [7.1, 2.03, 5.96766],
			"rotation": {"angle": 0, "axis": "y", "origin": [7.05, 1.51476, 5.38641]},
			"faces": {
				"north": {"uv": [15.6, 7.6, 15.625, 7.7], "rotation": 90, "texture": "#0"},
				"east": {"uv": [15.625, 7.6, 15.6, 7.725], "rotation": 90, "texture": "#0"},
				"south": {"uv": [15.6, 7.6, 15.625, 7.7], "rotation": 270, "texture": "#0"},
				"west": {"uv": [15.625, 7.725, 15.6, 7.6], "rotation": 90, "texture": "#0"},
				"up": {"uv": [15.6, 7.6, 15.725, 7.7], "rotation": 270, "texture": "#0"}
			}
		},
		{
			"from": [6.975, 2, 5.80733],
			"to": [7.125, 2.005, 13.30733],
			"rotation": {"angle": 0, "axis": "y", "origin": [7.05, 1.50976, 6.48858]},
			"faces": {
				"north": {"uv": [15.75, 0.15, 15.755, 0], "rotation": 270, "texture": "#0"},
				"east": {"uv": [15.755, 7.5, 15.75, 0], "rotation": 90, "texture": "#0"},
				"west": {"uv": [15.755, 0, 15.75, 7.5], "rotation": 90, "texture": "#0"},
				"up": {"uv": [15.85, 7.5, 16, 0], "rotation": 180, "texture": "#0"}
			}
		},
		{
			"from": [11.45534, 0.001, 1.15199],
			"to": [11.70534, 1.001, 1.85199],
			"rotation": {"angle": 0, "axis": "y", "origin": [10.79574, 0.25444, 3.55591]},
			"faces": {
				"north": {"uv": [11.25, 12, 11, 13], "rotation": 180, "texture": "#0"},
				"west": {"uv": [0.7, 0, 0, 1], "rotation": 180, "texture": "#0"},
				"up": {"uv": [2.5, 2.7, 2.75, 2], "rotation": 180, "texture": "#0"},
				"down": {"uv": [0, 0.7, 0.25, 0], "rotation": 180, "texture": "#0"}
			}
		},
		{
			"from": [13.43461, 0.001, -0.31784],
			"to": [13.68461, 1.001, 0.38216],
			"rotation": {"angle": -45, "axis": "y", "origin": [10.79574, 0.25444, 3.55591]},
			"faces": {
				"north": {"uv": [16, 12, 15.75, 13], "rotation": 180, "texture": "#0"},
				"east": {"uv": [0.7, 0, 0, 1], "rotation": 180, "texture": "#0"},
				"up": {"uv": [0, 0.7, 0.25, 0], "rotation": 180, "texture": "#0"},
				"down": {"uv": [0, 1.2, 0.25, 0.5], "rotation": 180, "texture": "#0"}
			}
		},
		{
			"from": [3.5, 1, 8.80733],
			"to": [11, 2, 13.30733],
			"rotation": {"angle": 0, "axis": "y", "origin": [5, 1, 9.80733]},
			"faces": {
				"east": {"uv": [4.5, 2, 0, 3], "rotation": 180, "texture": "#0"},
				"west": {"uv": [4.5, 2, 0, 3], "rotation": 180, "texture": "#0"},
				"up": {"uv": [0, 9.5, 7.5, 5], "texture": "#0"},
				"down": {"uv": [0, 9.5, 7.5, 5], "texture": "#0"}
			}
		},
		{
			"from": [3.501, 2.63968, 13.80212],
			"to": [11.001, 4.48744, 14.56748],
			"rotation": {"angle": 22.5, "axis": "x", "origin": [5, 4.48744, 7.30212]},
			"faces": {
				"east": {"uv": [4.76537, 4.5, 4, 6.34776], "rotation": 180, "texture": "#0"},
				"south": {"uv": [11, 3.5, 3.5, 5.34776], "rotation": 180, "texture": "#0"},
				"west": {"uv": [8.26537, 1.5, 7.5, 3.34776], "rotation": 180, "texture": "#0"},
				"up": {"uv": [0, 0.76537, 7.5, 0], "texture": "#0"}
			}
		},
		{
			"from": [6.975, 2.93968, 13.8002],
			"to": [7.125, 4.49206, 14.5725],
			"rotation": {"angle": 22.5, "axis": "x", "origin": [5, 4.48744, 7.30212]},
			"faces": {
				"east": {"uv": [15.2277, 0, 16, 1.55238], "rotation": 180, "texture": "#0"},
				"south": {"uv": [15.85, 5, 15.7, 6.55238], "rotation": 180, "texture": "#0"},
				"west": {"uv": [16, 0, 15.2277, 1.55238], "rotation": 180, "texture": "#0"},
				"up": {"uv": [15.7, 0.7723, 15.85, 0], "texture": "#0"},
				"down": {"uv": [15.2277, 0.7723, 15.3777, 0], "texture": "#0"}
			}
		},
		{
			"from": [3.41366, 1, 7.91627],
			"to": [4.51366, 1.5, 10.36627],
			"rotation": {"angle": -22.5, "axis": "y", "origin": [8.41366, 0.5, 11.91627]},
			"faces": {
				"west": {"uv": [10.45, 14.25, 8, 14.75], "rotation": 180, "texture": "#0"}
			}
		},
		{
			"from": [7.77134, 1, 7.76296],
			"to": [8.57134, 1.5, 8.61296],
			"rotation": {"angle": 45, "axis": "y", "origin": [7.02134, 0.5, 12.76296]},
			"faces": {
				"north": {"uv": [10.3, 14.25, 9.5, 14.75], "rotation": 180, "texture": "#0"}
			}
		},
		{
			"from": [5.48954, 1, 8.80942],
			"to": [6.23954, 1.5, 9.30942],
			"rotation": {"angle": 22.5, "axis": "y", "origin": [4.48954, 0.5, 13.80942]},
			"faces": {
				"north": {"uv": [10.75, 14.25, 10, 14.75], "rotation": 180, "texture": "#0"}
			}
		},
		{
			"from": [5.175, 1.5, 5.80733],
			"to": [8.925, 2, 8.80733],
			"rotation": {"angle": 0, "axis": "y", "origin": [3.925, 1, 9.80733]},
			"faces": {
				"north": {"uv": [11.25, 14.75, 7.5, 14.25], "rotation": 180, "texture": "#0"},
				"up": {"uv": [3.675, 10.5, 7.425, 7.5], "texture": "#0"},
				"down": {"uv": [7.35, 15.5, 11.1, 12.5], "rotation": 180, "texture": "#0"}
			}
		},
		{
			"from": [5.325, 0.99995, 2.30733],
			"to": [5.825, 1.04995, 6.30733],
			"rotation": {"angle": 0, "axis": "y", "origin": [1.075, 0.1, 10.30733]},
			"faces": {
				"east": {"uv": [15, 4, 15.05, 0], "rotation": 90, "texture": "#0"},
				"west": {"uv": [15, 0, 15.05, 4], "rotation": 90, "texture": "#0"},
				"up": {"uv": [15, 4, 15.5, 0], "texture": "#0"},
				"down": {"uv": [15, 4, 15.5, 0], "texture": "#0"}
			}
		},
		{
			"from": [8.425, 1.95, 5.05733],
			"to": [8.925, 2, 5.80733],
			"rotation": {"angle": 0, "axis": "y", "origin": [3.925, 1.00005, 9.80733]},
			"faces": {
				"east": {"uv": [15, 0.75, 15.05, 0], "rotation": 90, "texture": "#0"},
				"west": {"uv": [15, 0, 15.05, 0.75], "rotation": 90, "texture": "#0"},
				"up": {"uv": [15, 0.75, 15.5, 0], "texture": "#0"},
				"down": {"uv": [15, 0.75, 15.5, 0], "texture": "#0"}
			}
		},
		{
			"from": [8.3, 1.9, 4.30733],
			"to": [9.05, 2.05, 5.05733],
			"rotation": {"angle": 0, "axis": "y", "origin": [3.8, 1.00005, 9.05733]},
			"faces": {
				"north": {"uv": [16, 9.075, 15.25, 9.225], "rotation": 180, "texture": "#0"},
				"east": {"uv": [16, 8.575, 15.25, 8.725], "rotation": 180, "texture": "#0"},
				"south": {"uv": [16, 8.575, 15.25, 8.725], "rotation": 180, "texture": "#0"},
				"west": {"uv": [16, 8.575, 15.25, 8.725], "rotation": 180, "texture": "#0"},
				"up": {"uv": [15.25, 8.93859, 16, 8.18859], "texture": "#0"},
				"down": {"uv": [15.25, 8.93859, 16, 8.18859], "texture": "#0"}
			}
		},
		{
			"from": [8.95, 0.95, 2.05733],
			"to": [9.7, 1.1, 2.30733],
			"rotation": {"angle": 0, "axis": "y", "origin": [4.45, 0.05005, 6.30733]},
			"faces": {
				"north": {"uv": [16, 8.575, 15.25, 8.725], "rotation": 180, "texture": "#0"},
				"east": {"uv": [15.5, 8.575, 15.25, 8.725], "rotation": 180, "texture": "#0"},
				"south": {"uv": [16, 8.575, 15.25, 8.725], "rotation": 180, "texture": "#0"},
				"west": {"uv": [15.5, 8.575, 15.25, 8.725], "rotation": 180, "texture": "#0"},
				"up": {"uv": [15.25, 8.43859, 16, 8.18859], "texture": "#0"},
				"down": {"uv": [15.25, 8.43859, 16, 8.18859], "texture": "#0"}
			}
		},
		{
			"from": [5.475, 0.975, 1.55733],
			"to": [5.675, 1.075, 2.05733],
			"rotation": {"angle": 0, "axis": "y", "origin": [1, 0.05005, 6.05733]},
			"faces": {
				"north": {"uv": [15.45, 8.575, 15.25, 8.675], "rotation": 180, "texture": "#0"},
				"east": {"uv": [15.75, 8.575, 15.25, 8.675], "rotation": 180, "texture": "#0"},
				"west": {"uv": [15.75, 8.575, 15.25, 8.675], "rotation": 180, "texture": "#0"},
				"up": {"uv": [15.25, 8.68859, 15.45, 8.18859], "texture": "#0"},
				"down": {"uv": [15.25, 8.68859, 15.45, 8.18859], "texture": "#0"}
			}
		},
		{
			"from": [5.825, 0.975, 1.65733],
			"to": [5.95, 1.075, 2.05733],
			"rotation": {"angle": 0, "axis": "y", "origin": [1.3, 0.05005, 6.05733]},
			"faces": {
				"north": {"uv": [15.375, 8.575, 15.25, 8.675], "rotation": 180, "texture": "#0"},
				"east": {"uv": [15.65, 8.575, 15.25, 8.675], "rotation": 180, "texture": "#0"},
				"west": {"uv": [15.65, 8.575, 15.25, 8.675], "rotation": 180, "texture": "#0"},
				"up": {"uv": [15.25, 8.58859, 15.375, 8.18859], "texture": "#0"},
				"down": {"uv": [15.25, 8.58859, 15.375, 8.18859], "texture": "#0"}
			}
		},
		{
			"from": [5.2, 0.975, 1.65733],
			"to": [5.325, 1.075, 2.05733],
			"rotation": {"angle": 0, "axis": "y", "origin": [0.7, 0.05005, 6.05733]},
			"faces": {
				"north": {"uv": [15.375, 8.575, 15.25, 8.675], "rotation": 180, "texture": "#0"},
				"east": {"uv": [15.65, 8.575, 15.25, 8.675], "rotation": 180, "texture": "#0"},
				"west": {"uv": [15.65, 8.575, 15.25, 8.675], "rotation": 180, "texture": "#0"},
				"up": {"uv": [15.25, 8.58859, 15.375, 8.18859], "texture": "#0"},
				"down": {"uv": [15.25, 8.58859, 15.375, 8.18859], "texture": "#0"}
			}
		},
		{
			"from": [5.2, 0.95, 2.05733],
			"to": [5.95, 1.1, 2.30733],
			"rotation": {"angle": 0, "axis": "y", "origin": [0.7, 0.05005, 6.30733]},
			"faces": {
				"north": {"uv": [16, 8.575, 15.25, 8.725], "rotation": 180, "texture": "#0"},
				"east": {"uv": [15.5, 8.575, 15.25, 8.725], "rotation": 180, "texture": "#0"},
				"south": {"uv": [16, 8.575, 15.25, 8.725], "rotation": 180, "texture": "#0"},
				"west": {"uv": [15.5, 8.575, 15.25, 8.725], "rotation": 180, "texture": "#0"},
				"up": {"uv": [15.25, 8.43859, 16, 8.18859], "texture": "#0"},
				"down": {"uv": [15.25, 8.43859, 16, 8.18859], "texture": "#0"}
			}
		},
		{
			"from": [8.95, 0.975, 1.65733],
			"to": [9.075, 1.075, 2.05733],
			"rotation": {"angle": 0, "axis": "y", "origin": [4.45, 0.05005, 6.05733]},
			"faces": {
				"north": {"uv": [15.375, 8.575, 15.25, 8.675], "rotation": 180, "texture": "#0"},
				"east": {"uv": [15.65, 8.575, 15.25, 8.675], "rotation": 180, "texture": "#0"},
				"west": {"uv": [15.65, 8.575, 15.25, 8.675], "rotation": 180, "texture": "#0"},
				"up": {"uv": [15.25, 8.58859, 15.375, 8.18859], "texture": "#0"},
				"down": {"uv": [15.25, 8.58859, 15.375, 8.18859], "texture": "#0"}
			}
		},
		{
			"from": [9.575, 0.975, 1.65733],
			"to": [9.7, 1.075, 2.05733],
			"rotation": {"angle": 0, "axis": "y", "origin": [5.05, 0.05005, 6.05733]},
			"faces": {
				"north": {"uv": [15.375, 8.575, 15.25, 8.675], "rotation": 180, "texture": "#0"},
				"east": {"uv": [15.65, 8.575, 15.25, 8.675], "rotation": 180, "texture": "#0"},
				"west": {"uv": [15.65, 8.575, 15.25, 8.675], "rotation": 180, "texture": "#0"},
				"up": {"uv": [15.25, 8.58859, 15.375, 8.18859], "texture": "#0"},
				"down": {"uv": [15.25, 8.58859, 15.375, 8.18859], "texture": "#0"}
			}
		},
		{
			"from": [9.225, 0.975, 1.55733],
			"to": [9.425, 1.075, 2.05733],
			"rotation": {"angle": 0, "axis": "y", "origin": [4.75, 0.05005, 6.05733]},
			"faces": {
				"north": {"uv": [15.45, 8.575, 15.25, 8.675], "rotation": 180, "texture": "#0"},
				"east": {"uv": [15.75, 8.575, 15.25, 8.675], "rotation": 180, "texture": "#0"},
				"west": {"uv": [15.75, 8.575, 15.25, 8.675], "rotation": 180, "texture": "#0"},
				"up": {"uv": [15.25, 8.68859, 15.45, 8.18859], "texture": "#0"},
				"down": {"uv": [15.25, 8.68859, 15.45, 8.18859], "texture": "#0"}
			}
		},
		{
			"from": [5.05, 1.9, 4.30733],
			"to": [5.8, 2.05, 5.05733],
			"rotation": {"angle": 0, "axis": "y", "origin": [0.55, 1.00005, 9.05733]},
			"faces": {
				"north": {"uv": [16, 9.075, 15.25, 9.225], "rotation": 180, "texture": "#0"},
				"east": {"uv": [16, 8.575, 15.25, 8.725], "rotation": 180, "texture": "#0"},
				"south": {"uv": [16, 8.575, 15.25, 8.725], "rotation": 180, "texture": "#0"},
				"west": {"uv": [16, 8.575, 15.25, 8.725], "rotation": 180, "texture": "#0"},
				"up": {"uv": [15.25, 8.93859, 16, 8.18859], "texture": "#0"},
				"down": {"uv": [15.25, 8.93859, 16, 8.18859], "texture": "#0"}
			}
		},
		{
			"from": [5.175, 1.95, 5.05733],
			"to": [5.675, 2, 5.80733],
			"rotation": {"angle": 0, "axis": "y", "origin": [0.925, 1.00005, 9.80733]},
			"faces": {
				"east": {"uv": [15, 0.75, 15.05, 0], "rotation": 90, "texture": "#0"},
				"west": {"uv": [15, 0, 15.05, 0.75], "rotation": 90, "texture": "#0"},
				"up": {"uv": [15, 0.75, 15.5, 0], "texture": "#0"},
				"down": {"uv": [15, 0.75, 15.5, 0], "texture": "#0"}
			}
		},
		{
			"from": [9.075, 1, 2.30733],
			"to": [9.575, 1.05, 6.30733],
			"rotation": {"angle": 0, "axis": "y", "origin": [4.575, 0.10005, 10.30733]},
			"faces": {
				"east": {"uv": [15, 4, 15.05, 0], "rotation": 90, "texture": "#0"},
				"west": {"uv": [15, 0, 15.05, 4], "rotation": 90, "texture": "#0"},
				"up": {"uv": [15, 4, 15.5, 0], "texture": "#0"},
				"down": {"uv": [15, 4, 15.5, 0], "texture": "#0"}
			}
		},
		{
			"from": [9.58634, 1.499, 7.41627],
			"to": [10.83634, 1.999, 10.41627],
			"rotation": {"angle": 22.5, "axis": "y", "origin": [5.83634, 1, 11.41627]},
			"faces": {
				"east": {"uv": [11, 14.75, 8, 14.25], "rotation": 180, "texture": "#0"},
				"up": {"uv": [11, 10.5, 12.25, 7.5], "texture": "#0"},
				"down": {"uv": [8.85, 15.5, 10.1, 12.5], "rotation": 180, "texture": "#0"}
			}
		},
		{
			"from": [8.08546, 1.499, 8.80942],
			"to": [9.01046, 1.999, 9.30942],
			"rotation": {"angle": -22.5, "axis": "y", "origin": [10.01046, 1, 13.80942]},
			"faces": {
				"north": {"uv": [8.925, 14.75, 8, 14.25], "rotation": 180, "texture": "#0"},
				"up": {"uv": [1.5, 0, 1, 0.925], "rotation": 270, "texture": "#0"}
			}
		},
		{
			"from": [3.26366, 1.499, 7.41627],
			"to": [4.51366, 1.999, 10.41627],
			"rotation": {"angle": -22.5, "axis": "y", "origin": [8.26366, 1, 11.41627]},
			"faces": {
				"west": {"uv": [11, 14.75, 8, 14.25], "rotation": 180, "texture": "#0"},
				"up": {"uv": [7, 11.5, 8.25, 8.5], "texture": "#0"},
				"down": {"uv": [10.6, 14.75, 7.6, 16], "rotation": 90, "texture": "#0"}
			}
		},
		{
			"from": [7.21127, 1.498, 7.75879],
			"to": [8.37134, 1.998, 8.61296],
			"rotation": {"angle": 45, "axis": "y", "origin": [6.62134, 1, 12.76296]},
			"faces": {
				"north": {"uv": [10.66007, 14.75, 9.5, 14.25], "rotation": 180, "texture": "#0"},
				"up": {"uv": [2.56251, 1.5, 1.70834, 2.66007], "rotation": 270, "texture": "#0"},
				"down": {"uv": [8.55834, 15.85417, 9.71841, 15], "rotation": 180, "texture": "#0"}
			}
		},
		{
			"from": [10.43634, 0.999, 7.91627],
			"to": [11.48634, 1.499, 10.51627],
			"rotation": {"angle": 22.5, "axis": "y", "origin": [6.48634, 0.5, 11.91627]},
			"faces": {
				"east": {"uv": [10.1, 14.25, 7.5, 14.75], "rotation": 180, "texture": "#0"},
				"up": {"uv": [10.6, 14.45, 8, 15.5], "rotation": 270, "texture": "#0"}
			}
		},
		{
			"from": [6.32866, 1, 7.75879],
			"to": [7.28873, 1.5, 8.31296],
			"rotation": {"angle": -45, "axis": "y", "origin": [7.87866, 0.5, 12.76296]},
			"faces": {
				"north": {"uv": [8.96007, 14.25, 8, 14.75], "rotation": 180, "texture": "#0"},
				"up": {"uv": [9.66251, 15, 9.10834, 15.96007], "rotation": 270, "texture": "#0"}
			}
		},
		{
			"from": [5.72866, 1.498, 7.76296],
			"to": [6.47866, 1.998, 8.61296],
			"rotation": {"angle": -45, "axis": "y", "origin": [7.47866, 1, 12.76296]},
			"faces": {
				"north": {"uv": [8.75, 14.75, 8, 14.25], "rotation": 180, "texture": "#0"},
				"up": {"uv": [0.85, 11, 0, 11.75], "rotation": 270, "texture": "#0"}
			}
		},
		{
			"from": [5.325, 1, 6.30733],
			"to": [9.575, 1.5, 8.80733],
			"rotation": {"angle": 0, "axis": "y", "origin": [4.325, 0.5, 9.80733]},
			"faces": {
				"north": {"uv": [11.75, 14.25, 7.5, 14.75], "rotation": 180, "texture": "#0"},
				"up": {"uv": [11, 11.75, 8.5, 16], "rotation": 270, "texture": "#0"},
				"down": {"uv": [0, 7.5, 4.25, 5], "texture": "#0"}
			}
		},
		{
			"from": [3.5, 0, 0.80733],
			"to": [7.5, 1, 13.30733],
			"rotation": {"angle": 0, "axis": "y", "origin": [9.94602, 0.25444, 6.9053]},
			"faces": {
				"north": {"uv": [7.5, 14.75, 3.5, 15.75], "rotation": 180, "texture": "#0"},
				"east": {"uv": [12.5, 4.5, 0, 5.5], "rotation": 180, "texture": "#0"},
				"west": {"uv": [12.5, 6, 0, 7], "rotation": 180, "texture": "#0"},
				"up": {"uv": [8.5, 12.5, 12.5, 0], "rotation": 180, "texture": "#0"},
				"down": {"uv": [4.5, 12.5, 8.5, 0], "rotation": 180, "texture": "#0"}
			}
		},
		{
			"from": [7.5, 0.001, 11.80733],
			"to": [11, 1.001, 13.30734],
			"rotation": {"angle": 0, "axis": "y", "origin": [13.94602, 0.25444, 6.9053]},
			"faces": {
				"down": {"uv": [8.5, 5, 12, 3.5], "rotation": 180, "texture": "#0"}
			}
		},
		{
			"from": [3.501, -0.07924, 0.314],
			"to": [7.501, 0.17076, 0.964],
			"rotation": {"angle": 22.5, "axis": "x", "origin": [9.94602, -0.77971, 3.27352]},
			"faces": {
				"north": {"uv": [7.5, 14.5, 3.5, 14.75], "rotation": 180, "texture": "#0"},
				"east": {"uv": [11.15, 2, 10.5, 2.25], "rotation": 180, "texture": "#0"},
				"west": {"uv": [1.15, 2, 0.5, 2.25], "rotation": 180, "texture": "#0"},
				"up": {"uv": [0, 0.65, 4, 0], "rotation": 180, "texture": "#0"}
			}
		}
	],
	"display": {
		"thirdperson_righthand": {
			"rotation": [-26.04, 0.63, 119.02],
			"translation": [-6.75, -7, -2]
		},
		"thirdperson_lefthand": {
			"rotation": [-26.04, 0.63, 119.02],
			"translation": [-6.75, -7, -2]
		},
		"firstperson_righthand": {
			"rotation": [-82, 5.83, 104.75],
			"translation": [-6.75, 2.25, 0.5]
		},
		"firstperson_lefthand": {
			"rotation": [-82, 5.83, 104.75],
			"translation": [-6.75, 2.25, 0.5]
		},
		"ground": {
			"translation": [0, 4.5, 0]
		},
		"gui": {
			"rotation": [-115.62, 1.74, -168.52],
			"translation": [2, 2.75, 0]
		}
	}
}