{
	"credit": "Made with Blockbench",
	"texture_size": [8, 8],
	"textures": {
		"0": "f_model/work_boots",
		"particle": "f_model/work_boots"
	},
	"elements": [
		{
			"from": [6.07288, 0, 6.48326],
			"to": [7.82287, 0.75, 10.06039],
			"rotation": {"angle": 0, "axis": "y", "origin": [6.97394, 2.40725, 8.23285]},
			"faces": {
				"east": {"uv": [9.11407, 14.25, 1.9598, 15.75], "texture": "#0"},
				"west": {"uv": [1.95973, 14.25, 9.114, 15.75], "texture": "#0"},
				"up": {"uv": [3.49998, 0, 0, 7.15427], "rotation": 180, "texture": "#0"},
				"down": {"uv": [1.9606, 13.74998, 9.11487, 10.25], "rotation": 270, "texture": "#0"}
			}
		},
		{
			"from": [7.84712, 1.752, 11.1157],
			"to": [7.85212, 5.252, 11.2657],
			"rotation": {"angle": 0, "axis": "y", "origin": [8.32606, 3.15725, 9.23285]},
			"faces": {
				"north": {"uv": [15.76, 0, 15.75, 7], "rotation": 180, "texture": "#0"},
				"south": {"uv": [15.76, 7, 15.75, 0], "texture": "#0"},
				"west": {"uv": [15.7, 0, 16, 7], "texture": "#0"},
				"up": {"uv": [15.75, 0, 15.76, 0.3], "rotation": 180, "texture": "#0"},
				"down": {"uv": [15.75, 0, 15.76, 0.3], "texture": "#0"}
			}
		},
		{
			"from": [7.07553, 4.62802, 11.1657],
			"to": [7.08803, 4.82802, 11.2157],
			"rotation": {"angle": -22.5, "axis": "z", "origin": [8.32606, 3.15725, 9.23285]},
			"faces": {
				"north": {"uv": [12.125, 15.6, 12.1, 16], "rotation": 180, "texture": "#0"},
				"east": {"uv": [12.1, 15.6, 12.5, 15.7], "rotation": 270, "texture": "#0"},
				"south": {"uv": [12.125, 16, 12.1, 15.6], "texture": "#0"},
				"west": {"uv": [12.1, 15.6, 12.5, 15.7], "rotation": 90, "texture": "#0"},
				"up": {"uv": [12.1, 15.6, 12.125, 15.7], "rotation": 180, "texture": "#0"},
				"down": {"uv": [12.1, 15.6, 12.125, 15.7], "texture": "#0"}
			}
		},
		{
			"from": [7.79712, 5.152, 11.1782],
			"to": [7.82212, 5.227, 11.2032],
			"rotation": {"angle": 0, "axis": "y", "origin": [8.32606, 3.15725, 9.23285]},
			"faces": {
				"north": {"uv": [12.15, 15.6, 12.1, 15.75], "rotation": 180, "texture": "#0"},
				"south": {"uv": [12.25, 16, 12.2, 15.85], "texture": "#0"},
				"west": {"uv": [12.1, 15.6, 12.25, 15.65], "rotation": 90, "texture": "#0"},
				"up": {"uv": [12.1, 15.6, 12.15, 15.65], "rotation": 180, "texture": "#0"},
				"down": {"uv": [12.1, 15.6, 12.15, 15.65], "texture": "#0"}
			}
		},
		{
			"from": [7.82212, 5.127, 11.1407],
			"to": [7.84712, 5.252, 11.2407],
			"rotation": {"angle": 0, "axis": "y", "origin": [8.32606, 3.15725, 9.23285]},
			"faces": {
				"north": {"uv": [12.15, 15.6, 12.1, 15.85], "rotation": 180, "texture": "#0"},
				"south": {"uv": [12.15, 15.85, 12.1, 15.6], "texture": "#0"},
				"west": {"uv": [12.1, 15.6, 12.35, 15.8], "rotation": 90, "texture": "#0"},
				"up": {"uv": [12.1, 15.6, 12.15, 15.8], "rotation": 180, "texture": "#0"},
				"down": {"uv": [12.1, 15.6, 12.15, 15.8], "texture": "#0"}
			}
		},
		{
			"from": [9.47066, 0.751, 6.98136],
			"to": [9.82807, 1.501, 7.96126],
			"rotation": {"angle": 22.5, "axis": "y", "origin": [8.32606, 3.15725, 9.23285]},
			"faces": {
				"east": {"uv": [1.9598, 14.25, 0, 15.75], "texture": "#0"},
				"up": {"uv": [0, 0, 0.71481, 1.9598], "texture": "#0"},
				"down": {"uv": [0, 13, 1.9598, 13.71481], "rotation": 270, "texture": "#0"}
			}
		},
		{
			"from": [9.45049, 0.752, 10.57646],
			"to": [9.8579, 1.502, 11.55636],
			"rotation": {"angle": -22.5, "axis": "y", "origin": [8.32606, 3.15725, 9.23285]},
			"faces": {
				"east": {"uv": [11.0738, 14.25, 9.114, 15.75], "texture": "#0"},
				"up": {"uv": [0, 0, 0.81481, 1.9598], "rotation": 180, "texture": "#0"},
				"down": {"uv": [9.1148, 13, 11.0746, 13.81481], "rotation": 270, "texture": "#0"}
			}
		},
		{
			"from": [7.85212, 0.75, 6.57795],
			"to": [8.85212, 1.5, 7.48326],
			"rotation": {"angle": 0, "axis": "y", "origin": [8.32606, 3.15725, 9.23285]},
			"faces": {
				"north": {"uv": [10, 14.25, 12, 15.75], "texture": "#0"},
				"up": {"uv": [0, 0, 2, 1.81062], "rotation": 180, "texture": "#0"},
				"down": {"uv": [0.15, 11, 1.96062, 13], "rotation": 270, "texture": "#0"}
			}
		},
		{
			"from": [6.87221, 0.751, 6.96141],
			"to": [7.22962, 1.501, 7.94131],
			"rotation": {"angle": -22.5, "axis": "y", "origin": [8.32606, 3.15725, 9.23285]},
			"faces": {
				"west": {"uv": [0, 14.25, 1.9598, 15.75], "texture": "#0"},
				"up": {"uv": [0, 0, 0.71481, 1.9598], "texture": "#0"},
				"down": {"uv": [0, 10, 1.9598, 10.71481], "rotation": 270, "texture": "#0"}
			}
		},
		{
			"from": [6.84238, 0.752, 10.59641],
			"to": [7.24979, 1.502, 11.57631],
			"rotation": {"angle": 22.5, "axis": "y", "origin": [8.32606, 3.15725, 9.23285]},
			"faces": {
				"west": {"uv": [9.114, 14.25, 11.0738, 15.75], "texture": "#0"},
				"up": {"uv": [0, 0, 0.81481, 1.9598], "rotation": 180, "texture": "#0"},
				"down": {"uv": [9.1148, 10, 11.0746, 10.81481], "rotation": 270, "texture": "#0"}
			}
		},
		{
			"from": [7.85212, 0.751, 9.96569],
			"to": [8.85212, 5.251, 11.9657],
			"rotation": {"angle": 0, "axis": "y", "origin": [8.32606, 3.15725, 9.23285]},
			"faces": {
				"north": {"uv": [12.5, 0, 14.5, 9], "texture": "#0"},
				"east": {"uv": [8.5, 0, 12.50003, 9], "texture": "#0"},
				"south": {"uv": [8, 0.75, 10, 9.75], "texture": "#0"},
				"west": {"uv": [12.50003, 1, 8.5, 10], "texture": "#0"},
				"up": {"uv": [14, 11.99997, 16, 16], "rotation": 180, "texture": "#0"},
				"down": {"uv": [7.3148, 11, 11.31483, 13], "rotation": 270, "texture": "#0"}
			}
		},
		{
			"from": [7.85212, 1.59217, 7.39859],
			"to": [8.85212, 2.09217, 8.59859],
			"rotation": {"angle": -22.5, "axis": "x", "origin": [8.32606, 3.15725, 9.23285]},
			"faces": {
				"east": {"uv": [11.5, 7.25, 12.5, 9.65], "rotation": 270, "texture": "#0"},
				"west": {"uv": [12.5, 7.25, 11.5, 9.65], "rotation": 90, "texture": "#0"},
				"up": {"uv": [12.5, 7.25, 14.5, 9.65], "rotation": 180, "texture": "#0"}
			}
		},
		{
			"from": [7.85112, 1.9789, 9.8976],
			"to": [8.85312, 3.5289, 11.2976],
			"rotation": {"angle": 45, "axis": "x", "origin": [8.32606, 3.15725, 9.23285]},
			"faces": {
				"north": {"uv": [12.5, 4.5, 14.504, 7.6], "texture": "#0"},
				"east": {"uv": [9.7, 4.5, 12.5, 7.6], "texture": "#0"},
				"west": {"uv": [12.5, 1.5, 9.7, 4.6], "texture": "#0"}
			}
		},
		{
			"from": [7.47713, 0.75, 7.48326],
			"to": [9.22712, 1.5, 11.06039],
			"rotation": {"angle": 0, "axis": "y", "origin": [8.32606, 3.15725, 9.23285]},
			"faces": {
				"east": {"uv": [9.114, 14.25, 1.95973, 15.75], "texture": "#0"},
				"west": {"uv": [1.9598, 14.25, 9.11407, 15.75], "texture": "#0"},
				"up": {"uv": [0, 0, 3.49998, 7.15427], "rotation": 180, "texture": "#0"},
				"down": {"uv": [1.9606, 10.25, 9.11487, 13.74998], "rotation": 270, "texture": "#0"}
			}
		},
		{
			"from": [8.05021, 0.002, 9.59641],
			"to": [8.45762, 0.752, 10.57631],
			"rotation": {"angle": -22.5, "axis": "y", "origin": [6.97394, 2.40725, 8.23285]},
			"faces": {
				"east": {"uv": [11.0738, 14.25, 9.114, 15.75], "texture": "#0"},
				"up": {"uv": [0.81481, 0, 0, 1.9598], "rotation": 180, "texture": "#0"},
				"down": {"uv": [9.1148, 10.81481, 11.0746, 10], "rotation": 270, "texture": "#0"}
			}
		},
		{
			"from": [8.07038, 0.001, 5.96141],
			"to": [8.42779, 0.751, 6.94131],
			"rotation": {"angle": 22.5, "axis": "y", "origin": [6.97394, 2.40725, 8.23285]},
			"faces": {
				"east": {"uv": [1.9598, 14.25, 0, 15.75], "texture": "#0"},
				"up": {"uv": [0.71481, 0, 0, 1.9598], "texture": "#0"},
				"down": {"uv": [0, 10.71481, 1.9598, 10], "rotation": 270, "texture": "#0"}
			}
		},
		{
			"from": [5.47193, 0.001, 5.98136],
			"to": [5.82934, 0.751, 6.96126],
			"rotation": {"angle": -22.5, "axis": "y", "origin": [6.97394, 2.40725, 8.23285]},
			"faces": {
				"west": {"uv": [0, 14.25, 1.9598, 15.75], "texture": "#0"},
				"up": {"uv": [0.71481, 0, 0, 1.9598], "texture": "#0"},
				"down": {"uv": [0, 13.71481, 1.9598, 13], "rotation": 270, "texture": "#0"}
			}
		},
		{
			"from": [5.4421, 0.002, 9.57646],
			"to": [5.84951, 0.752, 10.55636],
			"rotation": {"angle": 22.5, "axis": "y", "origin": [6.97394, 2.40725, 8.23285]},
			"faces": {
				"west": {"uv": [9.114, 14.25, 11.0738, 15.75], "texture": "#0"},
				"up": {"uv": [0.81481, 0, 0, 1.9598], "rotation": 180, "texture": "#0"},
				"down": {"uv": [9.1148, 13.81481, 11.0746, 13], "rotation": 270, "texture": "#0"}
			}
		},
		{
			"from": [6.44688, 1.2289, 8.8976],
			"to": [7.44888, 2.7789, 10.2976],
			"rotation": {"angle": 45, "axis": "x", "origin": [6.97394, 2.40725, 8.23285]},
			"faces": {
				"north": {"uv": [14.504, 4.5, 12.5, 7.6], "texture": "#0"},
				"east": {"uv": [9.7, 1.5, 12.5, 4.6], "texture": "#0"},
				"west": {"uv": [12.5, 4.5, 9.7, 7.6], "texture": "#0"}
			}
		},
		{
			"from": [6.44788, 0.84217, 6.39859],
			"to": [7.44788, 1.34217, 7.59859],
			"rotation": {"angle": -22.5, "axis": "x", "origin": [6.97394, 2.40725, 8.23285]},
			"faces": {
				"east": {"uv": [12.5, 9.65, 11.5, 7.25], "rotation": 90, "texture": "#0"},
				"west": {"uv": [11.5, 9.65, 12.5, 7.25], "rotation": 270, "texture": "#0"},
				"up": {"uv": [14.5, 7.25, 12.5, 9.65], "rotation": 180, "texture": "#0"}
			}
		},
		{
			"from": [6.44788, 0.001, 8.96569],
			"to": [7.44788, 4.501, 10.9657],
			"rotation": {"angle": 0, "axis": "y", "origin": [6.97394, 2.40725, 8.23285]},
			"faces": {
				"north": {"uv": [14.5, 0, 12.5, 9], "texture": "#0"},
				"east": {"uv": [8.5, 1, 12.50003, 10], "texture": "#0"},
				"south": {"uv": [10, 0.75, 8, 9.75], "texture": "#0"},
				"west": {"uv": [12.50003, 0, 8.5, 9], "texture": "#0"},
				"up": {"uv": [16, 11.99997, 14, 16], "rotation": 180, "texture": "#0"},
				"down": {"uv": [7.3148, 13, 11.31483, 11], "rotation": 270, "texture": "#0"}
			}
		},
		{
			"from": [6.44788, 0, 5.57795],
			"to": [7.44788, 0.75, 6.48326],
			"rotation": {"angle": 0, "axis": "y", "origin": [6.97394, 2.40725, 8.23285]},
			"faces": {
				"north": {"uv": [12, 14.25, 10, 15.75], "texture": "#0"},
				"up": {"uv": [2, 0, 0, 1.81062], "rotation": 180, "texture": "#0"},
				"down": {"uv": [0.15, 13, 1.96062, 11], "rotation": 270, "texture": "#0"}
			}
		},
		{
			"from": [7.45288, 4.377, 10.1407],
			"to": [7.47788, 4.502, 10.2407],
			"rotation": {"angle": 0, "axis": "y", "origin": [6.97394, 2.40725, 8.23285]},
			"faces": {
				"north": {"uv": [12.1, 15.6, 12.15, 15.85], "rotation": 180, "texture": "#0"},
				"east": {"uv": [12.1, 15.8, 12.35, 15.6], "rotation": 90, "texture": "#0"},
				"south": {"uv": [12.1, 15.85, 12.15, 15.6], "texture": "#0"},
				"up": {"uv": [12.15, 15.6, 12.1, 15.8], "rotation": 180, "texture": "#0"},
				"down": {"uv": [12.15, 15.6, 12.1, 15.8], "texture": "#0"}
			}
		},
		{
			"from": [7.44788, 1.002, 10.1157],
			"to": [7.45288, 4.502, 10.2657],
			"rotation": {"angle": 0, "axis": "y", "origin": [6.97394, 2.40725, 8.23285]},
			"faces": {
				"north": {"uv": [15.75, 0, 15.76, 7], "rotation": 180, "texture": "#0"},
				"east": {"uv": [16, 0, 15.7, 7], "texture": "#0"},
				"south": {"uv": [15.75, 7, 15.76, 0], "texture": "#0"},
				"up": {"uv": [15.76, 0, 15.75, 0.3], "rotation": 180, "texture": "#0"},
				"down": {"uv": [15.76, 0, 15.75, 0.3], "texture": "#0"}
			}
		},
		{
			"from": [7.47788, 4.402, 10.1782],
			"to": [7.50288, 4.477, 10.2032],
			"rotation": {"angle": 0, "axis": "y", "origin": [6.97394, 2.40725, 8.23285]},
			"faces": {
				"north": {"uv": [12.1, 15.6, 12.15, 15.75], "rotation": 180, "texture": "#0"},
				"east": {"uv": [12.1, 15.65, 12.25, 15.6], "rotation": 90, "texture": "#0"},
				"south": {"uv": [12.2, 16, 12.25, 15.85], "texture": "#0"},
				"up": {"uv": [12.15, 15.6, 12.1, 15.65], "rotation": 180, "texture": "#0"},
				"down": {"uv": [12.15, 15.6, 12.1, 15.65], "texture": "#0"}
			}
		},
		{
			"from": [8.21197, 3.87802, 10.1657],
			"to": [8.22447, 4.07802, 10.2157],
			"rotation": {"angle": 22.5, "axis": "z", "origin": [6.97394, 2.40725, 8.23285]},
			"faces": {
				"north": {"uv": [12.1, 15.6, 12.125, 16], "rotation": 180, "texture": "#0"},
				"east": {"uv": [12.1, 15.7, 12.5, 15.6], "rotation": 90, "texture": "#0"},
				"south": {"uv": [12.1, 16, 12.125, 15.6], "texture": "#0"},
				"west": {"uv": [12.1, 15.7, 12.5, 15.6], "rotation": 270, "texture": "#0"},
				"up": {"uv": [12.125, 15.6, 12.1, 15.7], "rotation": 180, "texture": "#0"},
				"down": {"uv": [12.125, 15.6, 12.1, 15.7], "texture": "#0"}
			}
		}
	],
	"display": {
		"thirdperson_righthand": {
			"rotation": [71.79, 44.25, -2.62],
			"translation": [-2, 1.5, 4.25]
		},
		"thirdperson_lefthand": {
			"rotation": [71.79, 44.25, -2.62],
			"translation": [-2, 1.5, 4.25]
		},
		"firstperson_righthand": {
			"rotation": [-9.29, 16.76, 2.46],
			"translation": [-3.5, 8.5, 0.25]
		},
		"firstperson_lefthand": {
			"rotation": [-9.29, 16.76, 2.46],
			"translation": [-3.5, 8.5, 0.25]
		},
		"ground": {
			"rotation": [0, 0, 90],
			"translation": [-5.5, -0.75, -1]
		},
		"gui": {
			"rotation": [-151, 52, -180],
			"translation": [-1.5, 9.25, 0],
			"scale": [2, 2, 2]
		}
	}
}