{
	"format_version": "1.21.6",
	"credit": "Made with Blockbench",
	"texture_size": [2, 2],
	"textures": {
		"0": "f_model/battery",
		"particle": "f_model/battery"
	},
	"elements": [
		{
			"from": [7.7928, 6, 7.5],
			"to": [8.2072, 9.2, 8.5],
			"rotation": {"angle": 0, "axis": "y", "origin": [8, 7.6, 8]},
			"faces": {
				"north": {"uv": [0, 9.6, 0.8288, 16], "texture": "#0"},
				"south": {"uv": [0, 9.6, 0.8288, 16], "texture": "#0"},
				"up": {"uv": [12, 0, 12.8288, 2], "texture": "#0"},
				"down": {"uv": [12, 4, 12.8288, 6], "texture": "#0"}
			}
		},
		{
			"from": [7.7928, 6.004, 7.5],
			"to": [8.2072, 9.204, 8.5],
			"rotation": {"angle": -45, "axis": "y", "origin": [8, 7.6, 8]},
			"faces": {
				"north": {"uv": [4, 9.6, 4.8288, 16], "texture": "#0"},
				"south": {"uv": [0, 9.6, 0.8288, 16], "texture": "#0"},
				"up": {"uv": [12, 4, 12.8288, 6], "texture": "#0"},
				"down": {"uv": [8, 0, 8.8288, 2], "texture": "#0"}
			}
		},
		{
			"from": [7.5, 6.008, 7.7928],
			"to": [8.5, 9.208, 8.2072],
			"rotation": {"angle": 0, "axis": "y", "origin": [8, 7.6, 8]},
			"faces": {
				"east": {"uv": [0, 9.6, 0.8288, 16], "texture": "#0"},
				"west": {"uv": [0, 9.6, 0.8288, 16], "texture": "#0"},
				"up": {"uv": [8, 4, 8.8288, 6], "rotation": 270, "texture": "#0"},
				"down": {"uv": [12, 0, 12.8288, 2], "rotation": 90, "texture": "#0"}
			}
		},
		{
			"from": [7.7928, 6.012, 7.5],
			"to": [8.2072, 9.212, 8.5],
			"rotation": {"angle": 45, "axis": "y", "origin": [8, 7.6, 8]},
			"faces": {
				"north": {"uv": [0, 9.6, 0.8288, 16], "texture": "#0"},
				"south": {"uv": [0, 9.6, 0.8288, 16], "texture": "#0"},
				"up": {"uv": [8, 0, 8.8288, 2], "texture": "#0"},
				"down": {"uv": [8, 4, 8.8288, 6], "texture": "#0"}
			}
		},
		{
			"from": [7.8, 9.2, 7.8],
			"to": [8.2, 9.4, 8.2],
			"rotation": {"angle": 0, "axis": "y", "origin": [4, 9.2, 4]},
			"faces": {
				"north": {"uv": [12, 0, 12.8, 0.4], "texture": "#0"},
				"east": {"uv": [12, 0, 12.8, 0.4], "texture": "#0"},
				"south": {"uv": [12, 0, 12.8, 0.4], "texture": "#0"},
				"west": {"uv": [12, 0, 12.8, 0.4], "texture": "#0"},
				"up": {"uv": [12, 0, 12.8, 0.8], "texture": "#0"}
			}
		}
	],
	"display": {
		"thirdperson_righthand": {
			"rotation": [10.34, 17.97, 5.66],
			"translation": [-0.75, 0, 0.25],
			"scale": [0.25, 0.25, 0.25]
		},
		"thirdperson_lefthand": {
			"rotation": [10.34, 17.97, 5.66],
			"translation": [-0.75, 0, 0.25],
			"scale": [0.25, 0.25, 0.25]
		},
		"firstperson_righthand": {
			"rotation": [-168.6, 21.76, 173.23],
			"translation": [-6.75, 6, 8],
			"scale": [0.25, 0.25, 0.25]
		},
		"firstperson_lefthand": {
			"rotation": [-168.6, 21.76, 173.23],
			"translation": [-6.75, 6, 8],
			"scale": [0.25, 0.25, 0.25]
		},
		"ground": {
			"rotation": [90, 0, 0],
			"translation": [0, -3.25, 0],
			"scale": [0.25, 0.25, 0.25]
		},
		"gui": {
			"rotation": [121.25, -70, 111.56],
			"translation": [-0.25, -0.25, 0],
			"scale": [2.5, 2.5, 2.5]
		}
	}
}