{
	"format_version": "1.9.0",
	"credit": "Made with Blockbench",
	"texture_size": [4, 4],
	"textures": {
		"1": "f_model/cloth"
	},
	"elements": [
		{
			"from": [5.5, 9, 7.25],
			"to": [9.5, 9.05, 8.25],
			"rotation": {"angle": 0, "axis": "y", "origin": [8.5, 8.05, 7.25]},
			"faces": {
				"east": {"uv": [11, 2.6, 7, 2.8], "texture": "#1"},
				"south": {"uv": [16, 0, 0, 0.2], "texture": "#1"},
				"west": {"uv": [10, 2.6, 6, 2.8], "texture": "#1"},
				"up": {"uv": [0, 8, 16, 4], "texture": "#1"},
				"down": {"uv": [0, 1.8, 16, 5.8], "texture": "#1"}
			}
		},
		{
			"from": [8, 9, 6.65],
			"to": [9.12633, 9.05, 7.25],
			"rotation": {"angle": 0, "axis": "y", "origin": [8.5, 8.05, 7.25]},
			"faces": {
				"up": {"uv": [9, 5, 13.50532, 2.6], "texture": "#1"},
				"down": {"uv": [8, 1.6, 12.50532, 4], "texture": "#1"}
			}
		},
		{
			"from": [9.12633, 9, 5.74788],
			"to": [9.5, 9.05, 7.25],
			"rotation": {"angle": 0, "axis": "y", "origin": [9.62633, 8.05, 6.34788]},
			"faces": {
				"north": {"uv": [9.49468, 1, 8, 1.2], "texture": "#1"},
				"east": {"uv": [12.00848, 1, 6, 1.2], "texture": "#1"},
				"up": {"uv": [8, 10, 9.49468, 3.99152], "texture": "#1"},
				"down": {"uv": [6, 7.6, 7.49468, 13.60848], "texture": "#1"}
			}
		},
		{
			"from": [5.27164, 9.001, 6.10191],
			"to": [9.19677, 9.051, 7.07836],
			"rotation": {"angle": 22.5, "axis": "y", "origin": [8.27164, 8.05, 6.10195]},
			"faces": {
				"north": {"uv": [15.70052, 3, 0, 3.2], "texture": "#1"},
				"up": {"uv": [0.29948, 3.9058, 16, 0], "texture": "#1"},
				"down": {"uv": [0.29948, 0, 16, 3.9058], "texture": "#1"}
			}
		},
		{
			"from": [9.15338, 9.40742, 5.7489],
			"to": [9.35338, 9.40742, 8.25102],
			"rotation": {"angle": -22.5, "axis": "z", "origin": [8.42825, 8.40742, 7.27359]},
			"faces": {
				"up": {"uv": [8, 10.00848, 8.8, 0], "texture": "#1"},
				"down": {"uv": [5, 3.99152, 15.00848, 4.79152], "rotation": 90, "texture": "#1"}
			}
		},
		{
			"from": [9.66564, 8.97727, 7.52568],
			"to": [10.06564, 8.97727, 8.25],
			"rotation": {"angle": 0, "axis": "y", "origin": [8.94051, 7.97727, 9.57571]},
			"faces": {
				"up": {"uv": [11.5, 8.1, 14.39728, 9.7], "rotation": 90, "texture": "#1"},
				"down": {"uv": [10.3, 14.3, 11.9, 11.40272], "texture": "#1"}
			}
		},
		{
			"from": [9.66564, 8.97727, 5.74788],
			"to": [10.36564, 8.97727, 7.52568],
			"rotation": {"angle": 0, "axis": "y", "origin": [8.94051, 7.97727, 9.57571]},
			"faces": {
				"up": {"uv": [12.2, 15.5, 15, 8.3888], "texture": "#1"},
				"down": {"uv": [12, 8.0888, 14.8, 15.2], "texture": "#1"}
			}
		},
		{
			"from": [8.86127, 8.9783, 6.85841],
			"to": [9.26125, 8.9783, 7.6424],
			"rotation": {"angle": -22.5, "axis": "y", "origin": [8.13615, 7.97727, 9.96811]},
			"faces": {
				"up": {"uv": [4.59992, 8.1, 3, 11.23596], "texture": "#1"},
				"down": {"uv": [15.09992, 12.76404, 13.5, 15.9], "rotation": 180, "texture": "#1"}
			}
		},
		{
			"from": [8.3, 9, 8.25],
			"to": [9.5, 9, 9.35001],
			"rotation": {"angle": 0, "axis": "y", "origin": [7.98241, 8.99993, 9.25]},
			"faces": {
				"up": {"uv": [6.8, 13.00004, 2, 8.6], "texture": "#1"},
				"down": {"uv": [7, 10, 11.40004, 14.8], "rotation": 270, "texture": "#1"}
			}
		},
		{
			"from": [7.55618, 8.999, 8.8348],
			"to": [8.45619, 8.999, 10.0348],
			"rotation": {"angle": -45, "axis": "y", "origin": [8.35618, 8.99993, 10.35239]},
			"faces": {
				"up": {"uv": [11.7, 8.7, 15.30004, 13.5], "texture": "#1"},
				"down": {"uv": [11.5, 8.8, 15.10004, 13.6], "texture": "#1"}
			}
		},
		{
			"from": [6.3284, 9.001, 8.25],
			"to": [8.3, 9.001, 10.25001],
			"rotation": {"angle": 0, "axis": "y", "origin": [7.98241, 8.99993, 9.25]},
			"faces": {
				"up": {"uv": [16, 5.99996, 7.99996, 13.88636], "rotation": 270, "texture": "#1"},
				"down": {"uv": [4, 6.59996, 11.8864, 14.6], "rotation": 180, "texture": "#1"}
			}
		},
		{
			"from": [5.97047, 8.999, 7.83817],
			"to": [6.77045, 8.999, 10.00295],
			"rotation": {"angle": 22.5, "axis": "y", "origin": [6.77045, 9, 9.2267]},
			"faces": {
				"up": {"uv": [0.30008, 3.24087, 3.5, 11.89999], "texture": "#1"},
				"down": {"uv": [15.5, 13.59999, 12.30008, 4.94087], "texture": "#1"}
			}
		}
	],
	"display": {
		"thirdperson_righthand": {
			"rotation": [-142.69, -13.93, 92.09],
			"translation": [0.5, -1.5, -1]
		},
		"thirdperson_lefthand": {
			"rotation": [-132.55, -3.07, 124.31],
			"translation": [0, -1.5, -1]
		},
		"firstperson_righthand": {
			"rotation": [-170.39, -6.97, 170.45],
			"translation": [-6.5, 5, 7]
		},
		"firstperson_lefthand": {
			"rotation": [-170.39, -6.97, 170.45],
			"translation": [-6.5, 5, 7]
		},
		"ground": {
			"translation": [0, -4.5, 0]
		},
		"gui": {
			"rotation": [92.82, -46.69, 1.89],
			"translation": [-0.5, -0.75, 0],
			"scale": [2.5, 2.5, 2.5]
		}
	}
}