{
	"format_version": "1.21.6",
	"credit": "Made with Blockbench",
	"textures": {
		"0": "f_model/empty_bottle",
		"particle": "f_model/empty_bottle"
	},
	"elements": [
		{
			"from": [7.7514, 6.5, 7.4],
			"to": [8.2485, 8.451, 8.6],
			"rotation": {"angle": 0, "axis": "y", "origin": [7.99995, 8.25, 8]},
			"faces": {
				"north": {"uv": [11.5, 9.5, 11.9971, 11.451], "texture": "#0"},
				"south": {"uv": [11, 6.5, 11.4971, 8.451], "texture": "#0"},
				"up": {"uv": [15.4971, 15.6, 15, 14.4], "texture": "#0"},
				"down": {"uv": [4.4971, 0, 4, 1.2], "texture": "#0"}
			}
		},
		{
			"from": [7.7514, 8.653, 7.4],
			"to": [8.2485, 9.501, 8.6],
			"rotation": {"angle": 45, "axis": "y", "origin": [7.99995, 10.2, 8]},
			"faces": {
				"north": {"uv": [3.5, 11.5, 3.9971, 12.348], "texture": "#0"},
				"south": {"uv": [8, 5.5, 8.4971, 6.348], "texture": "#0"},
				"up": {"uv": [15.5, 15.6, 15.0029, 14.4], "texture": "#0"},
				"down": {"uv": [15, 14.4, 14.5029, 15.6], "texture": "#0"}
			}
		},
		{
			"from": [7.7514, 8.653, 7.4],
			"to": [8.2485, 9.503, 8.6],
			"rotation": {"angle": -45, "axis": "y", "origin": [7.99995, 9.825, 8]},
			"faces": {
				"north": {"uv": [3, 8, 3.4971, 8.85], "texture": "#0"},
				"south": {"uv": [3, 10.5, 3.4971, 11.35], "texture": "#0"},
				"up": {"uv": [15.5, 15.6, 15.0029, 14.4], "texture": "#0"},
				"down": {"uv": [15, 14.4, 14.5029, 15.6], "texture": "#0"}
			}
		},
		{
			"from": [7.39995, 8.652, 7.75145],
			"to": [8.59995, 9.502, 8.24855],
			"rotation": {"angle": 0, "axis": "y", "origin": [7.99995, 10.2, 8]},
			"faces": {
				"east": {"uv": [1.5, 6.5, 1.9971, 7.35], "texture": "#0"},
				"west": {"uv": [15, 1.5, 15.4971, 2.35], "texture": "#0"},
				"up": {"uv": [15.6029, 15.1971, 14.4029, 14.7], "texture": "#0"},
				"down": {"uv": [15.6029, 14.7, 14.4029, 15.1971], "texture": "#0"}
			}
		},
		{
			"from": [7.7514, 8.65, 7.4],
			"to": [8.2485, 9.502, 8.6],
			"rotation": {"angle": 0, "axis": "y", "origin": [7.99995, 10.2, 8]},
			"faces": {
				"north": {"uv": [11.5, 8.5, 11.9971, 9.352], "texture": "#0"},
				"south": {"uv": [11, 5.5, 11.4971, 6.352], "texture": "#0"},
				"up": {"uv": [15.5, 15.6, 15.0029, 14.4], "texture": "#0"},
				"down": {"uv": [15, 14.4, 14.5029, 15.6], "texture": "#0"}
			}
		},
		{
			"from": [7.5, 8.45, 7.7929],
			"to": [8.5, 8.65, 8.2071],
			"rotation": {"angle": 0, "axis": "y", "origin": [8, 9.35, 8]},
			"faces": {
				"east": {"uv": [1.5, 6, 1.9142, 6.2], "texture": "#0"},
				"west": {"uv": [15, 1, 15.4142, 1.2], "texture": "#0"}
			}
		},
		{
			"from": [7.7929, 9.5, 7.5],
			"to": [8.2071, 9.85, 8.5],
			"rotation": {"angle": -45, "axis": "y", "origin": [8, 10.5, 8]},
			"faces": {
				"north": {"uv": [3, 7.5, 3.4142, 7.85], "texture": "#0"},
				"south": {"uv": [3, 10, 3.4142, 10.35], "texture": "#0"},
				"up": {"uv": [2.9142, 11.5, 2.5, 10.5], "texture": "#0"}
			}
		},
		{
			"from": [7.7929, 9.5, 7.5],
			"to": [8.2071, 9.851, 8.5],
			"rotation": {"angle": 0, "axis": "y", "origin": [8, 10.5, 8]},
			"faces": {
				"north": {"uv": [11.5, 8, 11.9142, 8.351], "texture": "#0"},
				"south": {"uv": [11, 5, 11.4142, 5.351], "texture": "#0"},
				"up": {"uv": [2.9142, 11.5, 2.5, 10.5], "texture": "#0"}
			}
		},
		{
			"from": [7.7929, 9.5, 7.5],
			"to": [8.2071, 9.852, 8.5],
			"rotation": {"angle": 45, "axis": "y", "origin": [8, 10.5, 8]},
			"faces": {
				"north": {"uv": [3.5, 11, 3.9142, 11.352], "texture": "#0"},
				"south": {"uv": [8, 5, 8.4142, 5.352], "texture": "#0"},
				"up": {"uv": [2.9142, 12, 2.5, 11], "texture": "#0"}
			}
		},
		{
			"from": [7.5, 9.5, 7.7929],
			"to": [8.5, 9.853, 8.2071],
			"rotation": {"angle": 0, "axis": "y", "origin": [8, 10.5, 8]},
			"faces": {
				"east": {"uv": [1.5, 6, 1.9142, 6.353], "texture": "#0"},
				"west": {"uv": [15, 1, 15.4142, 1.353], "texture": "#0"},
				"up": {"uv": [3.5, 10.9142, 2.5, 10.5], "texture": "#0"}
			}
		},
		{
			"from": [7.7929, 8.45, 7.5],
			"to": [8.2071, 8.65, 8.5],
			"rotation": {"angle": -45, "axis": "y", "origin": [8, 9.35, 8]},
			"faces": {
				"north": {"uv": [3, 7.5, 3.4142, 7.7], "texture": "#0"},
				"south": {"uv": [3, 10, 3.4142, 10.2], "texture": "#0"}
			}
		},
		{
			"from": [7.7929, 8.45, 7.5],
			"to": [8.2071, 8.65, 8.5],
			"rotation": {"angle": 45, "axis": "y", "origin": [8, 9.35, 8]},
			"faces": {
				"north": {"uv": [3.5, 11, 3.9142, 11.2], "texture": "#0"},
				"south": {"uv": [8, 5, 8.4142, 5.2], "texture": "#0"}
			}
		},
		{
			"from": [7.7929, 8.45, 7.5],
			"to": [8.2071, 8.65, 8.5],
			"rotation": {"angle": 0, "axis": "y", "origin": [8, 9.35, 8]},
			"faces": {
				"north": {"uv": [11.5, 8, 11.9142, 8.2], "texture": "#0"},
				"south": {"uv": [11, 5, 11.4142, 5.2], "texture": "#0"}
			}
		},
		{
			"from": [7.9171, 10.05, 7.8],
			"to": [8.0828, 10.25, 8.2],
			"rotation": {"angle": 22.5, "axis": "y", "origin": [7.99995, 10.15075, 8]},
			"faces": {
				"north": {"uv": [0.15, 15.2625, 0.3157, 15.4625], "texture": "#0"},
				"south": {"uv": [0.15, 15.2625, 0.3157, 15.4625], "texture": "#0"},
				"up": {"uv": [0.1657, 15.4125, 0, 15.0125], "texture": "#0"},
				"down": {"uv": [0.6, 15.05, 0.7657, 15.45], "texture": "#0"}
			}
		},
		{
			"from": [7.82495, 9.85, 7.9275],
			"to": [8.17495, 10.05, 8.0725],
			"rotation": {"angle": 0, "axis": "y", "origin": [7.99995, 9.951, 8]},
			"faces": {
				"east": {"uv": [12.15, 4.15, 12.295, 4.352], "texture": "#0"},
				"west": {"uv": [12.15, 4.15, 12.295, 4.352], "texture": "#0"}
			}
		},
		{
			"from": [7.82495, 9.85, 7.9275],
			"to": [8.17495, 10.05, 8.0725],
			"rotation": {"angle": 45, "axis": "y", "origin": [7.99995, 9.951, 8]},
			"faces": {
				"east": {"uv": [12.15, 4.15, 12.295, 4.352], "texture": "#0"},
				"west": {"uv": [12.15, 4.15, 12.295, 4.352], "texture": "#0"}
			}
		},
		{
			"from": [7.92745, 9.85, 7.825],
			"to": [8.07245, 10.05, 8.175],
			"rotation": {"angle": 0, "axis": "y", "origin": [7.99995, 9.951, 8]},
			"faces": {
				"north": {"uv": [12.15, 4.15, 12.295, 4.352], "texture": "#0"},
				"south": {"uv": [12.15, 4.15, 12.295, 4.352], "texture": "#0"}
			}
		},
		{
			"from": [7.82495, 9.85, 7.9275],
			"to": [8.17495, 10.05, 8.0725],
			"rotation": {"angle": -45, "axis": "y", "origin": [7.99995, 9.951, 8]},
			"faces": {
				"east": {"uv": [12.15, 4.15, 12.295, 4.352], "texture": "#0"},
				"west": {"uv": [12.15, 4.15, 12.295, 4.352], "texture": "#0"}
			}
		},
		{
			"from": [7.9171, 10.05, 7.8],
			"to": [8.0828, 10.251, 8.2],
			"rotation": {"angle": -22.5, "axis": "y", "origin": [7.99995, 10.15075, 8]},
			"faces": {
				"north": {"uv": [0.65, 15.2625, 0.8157, 15.4635], "texture": "#0"},
				"south": {"uv": [0.65, 15.2625, 0.8157, 15.4635], "texture": "#0"},
				"up": {"uv": [0.1657, 15.4125, 0, 15.0125], "texture": "#0"},
				"down": {"uv": [0.6, 15.05, 0.7657, 15.45], "texture": "#0"}
			}
		},
		{
			"from": [7.79995, 10.05, 7.91715],
			"to": [8.19995, 10.252, 8.08285],
			"rotation": {"angle": 22.5, "axis": "y", "origin": [7.99995, 10.15075, 8]},
			"faces": {
				"east": {"uv": [0.15, 15.2625, 0.3157, 15.4645], "texture": "#0"},
				"west": {"uv": [0.15, 15.2625, 0.3157, 15.4645], "texture": "#0"},
				"up": {"uv": [0.4, 15.1782, 0, 15.0125], "texture": "#0"},
				"down": {"uv": [0.6, 15.05, 0.7657, 15.45], "rotation": 270, "texture": "#0"}
			}
		},
		{
			"from": [7.79995, 10.05, 7.91715],
			"to": [8.19995, 10.253, 8.08285],
			"rotation": {"angle": -22.5, "axis": "y", "origin": [7.99995, 10.15075, 8]},
			"faces": {
				"east": {"uv": [0.65, 15.2625, 0.8157, 15.4655], "texture": "#0"},
				"west": {"uv": [0.65, 15.2625, 0.8157, 15.4655], "texture": "#0"},
				"up": {"uv": [0.1657, 15.4125, 0, 15.0125], "rotation": 270, "texture": "#0"},
				"down": {"uv": [0.6, 15.05, 0.7657, 15.45], "rotation": 90, "texture": "#0"}
			}
		},
		{
			"from": [7.39995, 6.501, 7.75145],
			"to": [8.59995, 8.451, 8.24855],
			"rotation": {"angle": 0, "axis": "y", "origin": [7.99995, 8.25, 8]},
			"faces": {
				"east": {"uv": [1.5, 7.5, 1.9971, 9.45], "texture": "#0"},
				"west": {"uv": [15, 2.5, 15.4971, 4.45], "texture": "#0"},
				"up": {"uv": [15.6, 15.1971, 14.4, 14.7], "texture": "#0"},
				"down": {"uv": [5.2, 1, 4, 1.4971], "texture": "#0"}
			}
		},
		{
			"from": [7.7514, 6.503, 7.4],
			"to": [8.2485, 8.453, 8.6],
			"rotation": {"angle": -45, "axis": "y", "origin": [7.99995, 7.875, 8]},
			"faces": {
				"north": {"uv": [3, 9, 3.4971, 10.95], "texture": "#0"},
				"south": {"uv": [3, 11.5, 3.4971, 13.45], "texture": "#0"},
				"up": {"uv": [15.4971, 15.6, 15, 14.4], "texture": "#0"},
				"down": {"uv": [4.4971, 2, 4, 3.2], "texture": "#0"}
			}
		},
		{
			"from": [7.82985, 6, 8.00746],
			"to": [8.22695, 6.5, 8.53246],
			"rotation": {"angle": -22.5, "axis": "y", "origin": [8.01667, 6.25, 7.99423]},
			"faces": {
				"east": {"uv": [15.2625, 13.5, 15.7875, 14], "texture": "#0"},
				"south": {"uv": [3, 5, 3.3971, 5.5], "texture": "#0"},
				"west": {"uv": [15.175, 13.5, 15.7, 14], "rotation": 180, "texture": "#0"},
				"down": {"uv": [3.8971, 13, 3.5, 13.525], "texture": "#0"}
			}
		},
		{
			"from": [7.81038, 6.001, 8.01013],
			"to": [8.20748, 6.502, 8.53513],
			"rotation": {"angle": 45, "axis": "y", "origin": [8.01667, 6.25, 7.99423]},
			"faces": {
				"east": {"uv": [15.275, 13.5, 15.8, 14.001], "texture": "#0"},
				"south": {"uv": [0, 6, 0.3971, 6.501], "texture": "#0"},
				"west": {"uv": [15.2625, 13.5, 15.7875, 14.001], "rotation": 180, "texture": "#0"},
				"down": {"uv": [10.3971, 6, 10, 6.525], "texture": "#0"}
			}
		},
		{
			"from": [7.5034, 6.002, 7.80891],
			"to": [8.0284, 6.504, 8.20601],
			"rotation": {"angle": -22.5, "axis": "y", "origin": [8.01667, 6.25, 7.99423]},
			"faces": {
				"north": {"uv": [15.275, 13.5, 15.8, 14.002], "rotation": 180, "texture": "#0"},
				"south": {"uv": [15.1625, 13.5, 15.6875, 14.002], "texture": "#0"},
				"west": {"uv": [3, 6, 3.3971, 6.502], "texture": "#0"},
				"down": {"uv": [8.525, 11, 8, 11.3971], "texture": "#0"}
			}
		},
		{
			"from": [8.0156, 6.003, 7.81333],
			"to": [8.5406, 6.506, 8.21043],
			"rotation": {"angle": 22.5, "axis": "y", "origin": [8.01667, 6.25, 7.99423]},
			"faces": {
				"north": {"uv": [15.275, 13.5, 15.8, 14.003], "texture": "#0"},
				"east": {"uv": [5, 6, 5.3971, 6.503], "texture": "#0"},
				"south": {"uv": [15.2625, 13.5, 15.7875, 14.003], "rotation": 180, "texture": "#0"},
				"down": {"uv": [0.525, 7, 0, 7.3971], "texture": "#0"}
			}
		},
		{
			"from": [7.82389, 6.004, 7.48594],
			"to": [8.22099, 6.508, 8.01094],
			"rotation": {"angle": 0, "axis": "y", "origin": [8.01667, 6.25, 7.99423]},
			"faces": {
				"north": {"uv": [7, 0, 7.3971, 0.504], "texture": "#0"},
				"east": {"uv": [15.2625, 13.5, 15.7875, 14.004], "rotation": 180, "texture": "#0"},
				"west": {"uv": [15.2625, 13.5, 15.7875, 14.004], "texture": "#0"},
				"down": {"uv": [7.8971, 2, 7.5, 2.525], "texture": "#0"}
			}
		},
		{
			"from": [7.7514, 6.503, 7.4],
			"to": [8.2485, 8.45, 8.6],
			"rotation": {"angle": 45, "axis": "y", "origin": [7.99995, 8.25, 8]},
			"faces": {
				"north": {"uv": [3.5, 12.5, 3.9971, 14.447], "texture": "#0"},
				"south": {"uv": [8, 6.5, 8.4971, 8.447], "texture": "#0"},
				"up": {"uv": [15.4971, 15.6, 15, 14.4], "texture": "#0"},
				"down": {"uv": [6.4971, 3, 6, 4.2], "texture": "#0"}
			}
		}
	],
	"display": {
		"thirdperson_righthand": {
			"rotation": [17.56, -28.56, 6.09],
			"translation": [-0.5, 0.25, 1]
		},
		"thirdperson_lefthand": {
			"rotation": [17.56, -28.56, 6.09],
			"translation": [-0.5, 0.25, 1]
		},
		"firstperson_righthand": {
			"rotation": [0, -3.75, 0],
			"translation": [-5, 5, 6.25]
		},
		"firstperson_lefthand": {
			"rotation": [0, -3.75, 0],
			"translation": [-5, 5, 6.25]
		},
		"ground": {
			"rotation": [0, 0, 90],
			"translation": [0, -2.25, 0]
		},
		"gui": {
			"rotation": [162.13, 7.75, 150.14],
			"scale": [4, 4, 4]
		}
	}
}