{
	"format_version": "1.21.6",
	"credit": "Made with Blockbench",
	"texture_size": [8, 8],
	"textures": {
		"0": "f_model/flashlight",
		"particle": "f_model/flashlight"
	},
	"elements": [
		{
			"from": [7.625, 7.21965, 6.502],
			"to": [8.375, 7.53035, 9.452],
			"rotation": {"angle": 0, "axis": "z", "origin": [8, 7.375, 7.9765]},
			"faces": {
				"north": {"uv": [1, 0, 1.6214, 1.5], "rotation": 270, "texture": "#0"},
				"east": {"uv": [7, 5.9, 7.6214, 0], "rotation": 90, "texture": "#0"},
				"south": {"uv": [13.75, 14.25, 15.25, 14.8714], "rotation": 180, "texture": "#0"},
				"west": {"uv": [3, 5.9, 3.6214, 0], "rotation": 270, "texture": "#0"}
			}
		},
		{
			"from": [7.625, 7.21965, 6.501],
			"to": [8.375, 7.53035, 9.451],
			"rotation": {"angle": -45, "axis": "z", "origin": [8, 7.375, 7.9765]},
			"faces": {
				"north": {"uv": [1, 0, 1.6214, 1.5], "rotation": 90, "texture": "#0"},
				"east": {"uv": [6, 5.9, 6.6214, 0], "rotation": 90, "texture": "#0"},
				"south": {"uv": [13.75, 15.25, 15.25, 15.8714], "rotation": 180, "texture": "#0"},
				"west": {"uv": [2, 5.9, 2.6214, 0], "rotation": 270, "texture": "#0"}
			}
		},
		{
			"from": [7.84465, 7, 6.503],
			"to": [8.15535, 7.75, 9.453],
			"rotation": {"angle": 0, "axis": "z", "origin": [8, 7.375, 7.9765]},
			"faces": {
				"north": {"uv": [4, 0, 4.6214, 1.5], "texture": "#0"},
				"south": {"uv": [13.75, 14.25, 15.25, 14.8714], "rotation": 90, "texture": "#0"},
				"up": {"uv": [7, 5.9, 7.6214, 0], "texture": "#0"},
				"down": {"uv": [5, 5.9, 5.6214, 0], "rotation": 180, "texture": "#0"}
			}
		},
		{
			"from": [7.84465, 7, 6.5],
			"to": [8.15535, 7.75, 9.45],
			"rotation": {"angle": -45, "axis": "z", "origin": [8, 7.375, 7.9765]},
			"faces": {
				"north": {"uv": [4, 0, 4.6214, 1.5], "texture": "#0"},
				"south": {"uv": [13.75, 15.25, 15.25, 15.8714], "rotation": 90, "texture": "#0"},
				"up": {"uv": [0.7, 5.9, 1.3214, 0], "texture": "#0"},
				"down": {"uv": [4, 5.9, 4.6214, 0], "rotation": 180, "texture": "#0"}
			}
		},
		{
			"from": [7.7929, 7.75, 9],
			"to": [8.2071, 7.875, 9.5],
			"rotation": {"angle": 0, "axis": "y", "origin": [8, 7.375, 9.25]},
			"faces": {
				"south": {"uv": [11, 4, 11.8284, 4.25], "texture": "#0"},
				"up": {"uv": [11, 4, 11.8284, 5], "texture": "#0"},
				"down": {"uv": [11, 4, 11.8284, 5], "texture": "#0"}
			}
		},
		{
			"from": [8.375, 7.1679, 9],
			"to": [8.5, 7.5821, 9.5],
			"rotation": {"angle": 0, "axis": "y", "origin": [8, 7.375, 9.25]},
			"faces": {
				"east": {"uv": [11, 4, 11.8284, 5], "rotation": 90, "texture": "#0"},
				"south": {"uv": [11, 4, 11.8284, 4.25], "rotation": 90, "texture": "#0"},
				"west": {"uv": [11, 4, 11.8284, 5], "rotation": 90, "texture": "#0"}
			}
		},
		{
			"from": [8.375, 7.1679, 9.001],
			"to": [8.5, 7.5821, 9.501],
			"rotation": {"angle": -45, "axis": "z", "origin": [8, 7.375, 9.25]},
			"faces": {
				"north": {"uv": [11, 4, 11.8284, 4.25], "rotation": 270, "texture": "#0"},
				"east": {"uv": [11, 4, 11.8284, 5], "rotation": 90, "texture": "#0"},
				"south": {"uv": [11, 4, 11.8284, 4.25], "rotation": 90, "texture": "#0"},
				"west": {"uv": [11, 4, 11.8284, 5], "rotation": 90, "texture": "#0"}
			}
		},
		{
			"from": [7.7929, 6.875, 9.001],
			"to": [8.2071, 7, 9.501],
			"rotation": {"angle": -45, "axis": "z", "origin": [8, 7.375, 9.25]},
			"faces": {
				"north": {"uv": [11, 4, 11.8284, 4.25], "rotation": 180, "texture": "#0"},
				"south": {"uv": [11, 4, 11.8284, 4.25], "rotation": 180, "texture": "#0"},
				"up": {"uv": [11, 4, 11.8284, 5], "rotation": 180, "texture": "#0"},
				"down": {"uv": [11, 4, 11.8284, 5], "rotation": 180, "texture": "#0"}
			}
		},
		{
			"from": [7.7929, 6.875, 9],
			"to": [8.2071, 7, 9.5],
			"rotation": {"angle": 0, "axis": "y", "origin": [8, 7.375, 9.25]},
			"faces": {
				"south": {"uv": [11, 4, 11.8284, 4.25], "rotation": 180, "texture": "#0"},
				"up": {"uv": [11, 4, 11.8284, 5], "rotation": 180, "texture": "#0"},
				"down": {"uv": [11, 4, 11.8284, 5], "rotation": 180, "texture": "#0"}
			}
		},
		{
			"from": [7.7929, 7.64239, 8.71037],
			"to": [8.2071, 7.81739, 9.21037],
			"rotation": {"angle": -22.5, "axis": "x", "origin": [8, 7.31739, 8.96037]},
			"faces": {
				"east": {"uv": [3, 0, 4, 0.35], "texture": "#0"},
				"west": {"uv": [3, 0, 4, 0.35], "texture": "#0"},
				"up": {"uv": [3, 0, 3.8284, 1], "texture": "#0"}
			}
		},
		{
			"from": [7.7929, 6.93261, 8.71037],
			"to": [8.2071, 7.10761, 9.21037],
			"rotation": {"angle": 22.5, "axis": "x", "origin": [8, 7.43261, 8.96037]},
			"faces": {
				"east": {"uv": [3, 0.175, 4, 0.525], "texture": "#0"},
				"west": {"uv": [3, 0.175, 4, 0.525], "texture": "#0"},
				"down": {"uv": [1, 0.5, 1.8284, 1.5], "texture": "#0"}
			}
		},
		{
			"from": [7.55761, 7.1679, 8.71037],
			"to": [7.73261, 7.5821, 9.21037],
			"rotation": {"angle": -22.5, "axis": "y", "origin": [8.05761, 7.375, 8.96037]},
			"faces": {
				"west": {"uv": [4, 1, 4.8284, 2], "rotation": 270, "texture": "#0"},
				"up": {"uv": [1, 0, 2, 0.35], "rotation": 270, "texture": "#0"},
				"down": {"uv": [1, 0, 2, 0.35], "rotation": 270, "texture": "#0"}
			}
		},
		{
			"from": [8.26739, 7.1679, 8.71037],
			"to": [8.44239, 7.5821, 9.21037],
			"rotation": {"angle": 22.5, "axis": "y", "origin": [7.94239, 7.375, 8.96037]},
			"faces": {
				"east": {"uv": [1, 0.5, 1.8284, 1.5], "rotation": 270, "texture": "#0"},
				"up": {"uv": [3, 0.175, 4, 0.525], "rotation": 270, "texture": "#0"},
				"down": {"uv": [3, 0.175, 4, 0.525], "rotation": 270, "texture": "#0"}
			}
		},
		{
			"from": [7.7929, 7.75, 9.001],
			"to": [8.2071, 7.875, 9.501],
			"rotation": {"angle": -45, "axis": "z", "origin": [8, 7.375, 9.25]},
			"faces": {
				"north": {"uv": [11, 4, 11.8284, 4.25], "texture": "#0"},
				"south": {"uv": [11, 4, 11.8284, 4.25], "texture": "#0"},
				"up": {"uv": [11, 4, 11.8284, 5], "texture": "#0"},
				"down": {"uv": [11, 4, 11.8284, 5], "texture": "#0"}
			}
		},
		{
			"from": [7.5, 7.1679, 9],
			"to": [7.625, 7.5821, 9.5],
			"rotation": {"angle": 0, "axis": "y", "origin": [8, 7.375, 9.25]},
			"faces": {
				"east": {"uv": [11, 4, 11.8284, 5], "rotation": 270, "texture": "#0"},
				"south": {"uv": [11, 4, 11.8284, 4.25], "rotation": 270, "texture": "#0"},
				"west": {"uv": [11, 4, 11.8284, 5], "rotation": 270, "texture": "#0"}
			}
		},
		{
			"from": [7.7929, 7.75, 9.001],
			"to": [8.2071, 7.875, 9.501],
			"rotation": {"angle": 45, "axis": "z", "origin": [8, 7.375, 9.25]},
			"faces": {
				"north": {"uv": [11, 4, 11.8284, 4.25], "texture": "#0"},
				"south": {"uv": [11, 4, 11.8284, 4.25], "texture": "#0"},
				"up": {"uv": [11, 4, 11.8284, 5], "texture": "#0"},
				"down": {"uv": [11, 4, 11.8284, 5], "texture": "#0"}
			}
		}
	],
	"display": {
		"thirdperson_righthand": {
			"rotation": [-106.78, -13.35, -12.95],
			"translation": [0, 0.5, -0.25]
		},
		"thirdperson_lefthand": {
			"rotation": [-106.78, -13.35, -12.95],
			"translation": [0, 0.5, -0.25]
		},
		"firstperson_righthand": {
			"rotation": [164.74, 15.1, -169.78],
			"translation": [-6, 5.75, 7]
		},
		"firstperson_lefthand": {
			"rotation": [164.74, 15.1, -169.78],
			"translation": [-6, 5.75, 7]
		},
		"ground": {
			"translation": [0, -1.75, 0]
		},
		"gui": {
			"rotation": [-35.4, 51.1, 109.97],
			"translation": [-1.5, -1.75, 0],
			"scale": [4, 4, 4]
		}
	}
}