{
	"credit": "Made with Blockbench",
	"texture_size": [8, 8],
	"textures": {
		"0": "f_model/medkit",
		"particle": "f_model/medkit"
	},
	"elements": [
		{
			"from": [6.5, 7.65, 6.25],
			"to": [8.5, 8.35, 9.75],
			"rotation": {"angle": 0, "axis": "y", "origin": [6.94024, 7.95, 7.48125]},
			"faces": {
				"north": {"uv": [13.8, 0, 15.2, 4], "rotation": 90, "texture": "#0"},
				"south": {"uv": [13.8, 2, 15.2, 6], "rotation": 90, "texture": "#0"},
				"west": {"uv": [13.8, 8, 15.2, 15], "rotation": 90, "texture": "#0"},
				"up": {"uv": [11.5, 0.5, 7.5, 7.5], "texture": "#0"},
				"down": {"uv": [0.5, 0.5, 4.5, 7.5], "texture": "#0"}
			}
		},
		{
			"from": [9.75461, 7.601, 7.35277],
			"to": [10.05461, 7.651, 8.13677],
			"rotation": {"angle": -22.5, "axis": "y", "origin": [8.08586, 7.9, 6.29518]},
			"faces": {
				"east": {"uv": [6.568, 6.39996, 5, 6.49996], "texture": "#0"},
				"west": {"uv": [6.568, 5.39996, 5, 5.49996], "texture": "#0"},
				"up": {"uv": [2, 0.6, 3.568, 0], "rotation": 90, "texture": "#0"},
				"down": {"uv": [5.568, 0, 4, 0.6], "rotation": 270, "texture": "#0"}
			}
		},
		{
			"from": [9.2, 7.6, 7.55],
			"to": [9.50002, 7.65, 8.02568],
			"rotation": {"angle": 0, "axis": "y", "origin": [7.55844, 7.9, 6.59599]},
			"faces": {
				"east": {"uv": [5.95136, 6.39996, 5, 6.49996], "texture": "#0"},
				"west": {"uv": [5.95136, 5.39996, 5, 5.49996], "texture": "#0"},
				"up": {"uv": [8, 8, 8.95136, 7.39996], "rotation": 90, "texture": "#0"},
				"down": {"uv": [10.95136, 7.39996, 10, 8], "rotation": 270, "texture": "#0"}
			}
		},
		{
			"from": [9.88943, 7.601, 8.9395],
			"to": [10.31369, 7.651, 9.2395],
			"rotation": {"angle": -45, "axis": "y", "origin": [11.58412, 7.9, 7.26254]},
			"faces": {
				"north": {"uv": [5.84852, 5.39996, 5, 5.49996], "texture": "#0"},
				"south": {"uv": [5.84852, 6.39996, 5, 6.49996], "texture": "#0"},
				"up": {"uv": [2.84852, 0, 2, 0.6], "texture": "#0"},
				"down": {"uv": [11, 0.99996, 11.84852, 0.39996], "texture": "#0"}
			}
		},
		{
			"from": [8.7, 7.6, 8.45],
			"to": [9.2, 7.65, 8.75],
			"rotation": {"angle": 0, "axis": "y", "origin": [10.30976, 7.9, 10.41875]},
			"faces": {
				"north": {"uv": [5, 6.39996, 6, 6.49996], "texture": "#0"},
				"south": {"uv": [5, 5.39996, 6, 5.49996], "texture": "#0"},
				"west": {"uv": [4, 7.39996, 4.6, 7.49996], "texture": "#0"},
				"up": {"uv": [7, 5.99996, 6, 5.39996], "texture": "#0"},
				"down": {"uv": [1, 7.39996, 2, 7.99996], "texture": "#0"}
			}
		},
		{
			"from": [8.7, 8.35, 7.25],
			"to": [9.1, 8.4, 7.55],
			"rotation": {"angle": 0, "axis": "y", "origin": [10.25976, 8.65, 9.21875]},
			"faces": {
				"north": {"uv": [5, 6.39996, 5.8, 6.49996], "texture": "#0"},
				"south": {"uv": [5, 5.39996, 5.8, 5.49996], "texture": "#0"},
				"west": {"uv": [4, 7.39996, 4.6, 7.49996], "texture": "#0"},
				"up": {"uv": [2.8, 7.99996, 2, 7.39996], "texture": "#0"},
				"down": {"uv": [5, 2.39996, 5.8, 2.99996], "texture": "#0"}
			}
		},
		{
			"from": [9.61274, 8.351, 8.02618],
			"to": [10.03701, 8.401, 8.32618],
			"rotation": {"angle": -22.5, "axis": "y", "origin": [11.30743, 8.65, 6.34922]},
			"faces": {
				"north": {"uv": [5.84854, 5.39996, 5, 5.49996], "texture": "#0"},
				"south": {"uv": [5.84854, 6.39996, 5, 6.49996], "texture": "#0"},
				"up": {"uv": [6.84854, 4.39996, 6, 4.99996], "texture": "#0"},
				"down": {"uv": [4, 7.99996, 4.84854, 7.39996], "texture": "#0"}
			}
		},
		{
			"from": [9.19197, 8.35, 7.41236],
			"to": [9.49197, 8.4, 8.35796],
			"rotation": {"angle": 0, "axis": "y", "origin": [7.64236, 8.65, 6.45835]},
			"faces": {
				"east": {"uv": [6.8912, 6.39996, 5, 6.49996], "texture": "#0"},
				"west": {"uv": [6.8912, 5.39996, 5, 5.49996], "texture": "#0"},
				"up": {"uv": [7, 7.99996, 8.8912, 7.39996], "rotation": 90, "texture": "#0"},
				"down": {"uv": [10.8912, 7.39996, 9, 7.99996], "rotation": 270, "texture": "#0"}
			}
		},
		{
			"from": [7.16846, 8.351, 7.7244],
			"to": [7.72284, 8.401, 8.0244],
			"rotation": {"angle": 45, "axis": "y", "origin": [9.01005, 8.65, 6.05565]},
			"faces": {
				"north": {"uv": [6.10876, 5.39996, 5, 5.49996], "texture": "#0"},
				"south": {"uv": [6.10876, 6.39996, 5, 6.49996], "texture": "#0"},
				"up": {"uv": [2.10876, 7.99996, 1, 7.39996], "rotation": 180, "texture": "#0"},
				"down": {"uv": [4.10876, 7.39996, 3, 7.99996], "rotation": 180, "texture": "#0"}
			}
		},
		{
			"from": [8.7, 8.35, 8.45],
			"to": [9.1, 8.4, 8.75],
			"rotation": {"angle": 0, "axis": "y", "origin": [10.30976, 8.65, 10.41875]},
			"faces": {
				"north": {"uv": [5, 6.39996, 5.8, 6.49996], "texture": "#0"},
				"south": {"uv": [5, 5.39996, 5.8, 5.49996], "texture": "#0"},
				"west": {"uv": [4, 7.39996, 4.6, 7.49996], "texture": "#0"},
				"up": {"uv": [7.8, 7.99996, 7, 7.39996], "texture": "#0"},
				"down": {"uv": [6, 0, 6.8, 0.6], "texture": "#0"}
			}
		},
		{
			"from": [8.7, 7.6, 7.25],
			"to": [9.2, 7.65, 7.55],
			"rotation": {"angle": 0, "axis": "y", "origin": [10.25976, 7.9, 9.21875]},
			"faces": {
				"north": {"uv": [5, 6.39996, 6, 6.49996], "texture": "#0"},
				"south": {"uv": [5, 5.39996, 6, 5.49996], "texture": "#0"},
				"west": {"uv": [4, 7.39996, 4.6, 7.49996], "texture": "#0"},
				"up": {"uv": [8, 0.6, 7, 0], "texture": "#0"},
				"down": {"uv": [9, 0, 10, 0.6], "texture": "#0"}
			}
		},
		{
			"from": [7.69437, 7.649, 6.38066],
			"to": [7.94639, 8.351, 6.63066],
			"rotation": {"angle": -22.5, "axis": "y", "origin": [8.42562, 7.95, 8.34042]},
			"faces": {
				"north": {"uv": [13.8, 2, 15.2, 2.50404], "rotation": 90, "texture": "#0"},
				"up": {"uv": [3.5, 0.50404, 3, 0], "rotation": 90, "texture": "#0"},
				"down": {"uv": [1, 1, 0.5, 1.50404], "rotation": 270, "texture": "#0"}
			}
		},
		{
			"from": [8.8384, 7.651, 8.53767],
			"to": [9.2384, 8.349, 8.97446],
			"rotation": {"angle": -22.5, "axis": "y", "origin": [7.27864, 7.95, 8.04321]},
			"faces": {
				"east": {"uv": [13.8, 4.87358, 15.2, 4], "rotation": 90, "texture": "#0"},
				"up": {"uv": [6.5, 5, 7.3, 5.87358], "rotation": 180, "texture": "#0"},
				"down": {"uv": [5.5, 3.87358, 4.7, 3], "rotation": 180, "texture": "#0"}
			}
		},
		{
			"from": [7.69437, 7.649, 9.36934],
			"to": [7.94639, 8.351, 9.61934],
			"rotation": {"angle": 22.5, "axis": "y", "origin": [8.42562, 7.95, 7.65958]},
			"faces": {
				"south": {"uv": [13.8, 3.50404, 15.2, 3], "rotation": 90, "texture": "#0"},
				"up": {"uv": [5, 0.50404, 5.5, 0], "rotation": 90, "texture": "#0"},
				"down": {"uv": [0, 5, 0.5, 5.50404], "rotation": 270, "texture": "#0"}
			}
		},
		{
			"from": [8.8384, 7.651, 7.02554],
			"to": [9.2384, 8.349, 7.46233],
			"rotation": {"angle": 22.5, "axis": "y", "origin": [7.27864, 7.95, 7.95679]},
			"faces": {
				"east": {"uv": [13.8, 4, 15.2, 4.87358], "rotation": 90, "texture": "#0"},
				"up": {"uv": [6.5, 2.87358, 7.3, 2], "rotation": 180, "texture": "#0"},
				"down": {"uv": [5.5, 5, 4.7, 5.87358], "rotation": 180, "texture": "#0"}
			}
		},
		{
			"from": [8.5, 7.65, 6.75],
			"to": [8.9, 8.35, 9.25],
			"rotation": {"angle": 0, "axis": "y", "origin": [6.94024, 7.95, 7.48125]},
			"faces": {
				"east": {"uv": [13.8, 6, 15.2, 11], "rotation": 90, "texture": "#0"},
				"up": {"uv": [6.45, 1.5, 7.25, 6.5], "rotation": 180, "texture": "#0"},
				"down": {"uv": [5.55, 1, 4.75, 6], "rotation": 180, "texture": "#0"}
			}
		},
		{
			"from": [7, 7.951, 6.2],
			"to": [8.5, 8.051, 9.8],
			"rotation": {"angle": 0, "axis": "y", "origin": [8.55976, 8, 7.98125]},
			"faces": {
				"north": {"uv": [3.1, 15.8, 0.1, 16], "texture": "#0"},
				"south": {"uv": [5.7, 15.8, 2.7, 16], "texture": "#0"},
				"west": {"uv": [1, 15.4, 8.2, 15.2], "texture": "#0"},
				"up": {"uv": [7.2, 13, 0, 16], "rotation": 90, "texture": "#0"},
				"down": {"uv": [0, 13, 7.2, 16], "rotation": 90, "texture": "#0"}
			}
		},
		{
			"from": [8.9, 7.95, 6.75],
			"to": [8.95, 8.05, 9.25],
			"rotation": {"angle": 0, "axis": "y", "origin": [8.84024, 8, 7.98125]},
			"faces": {
				"east": {"uv": [0, 15.8, 5, 16], "texture": "#0"},
				"up": {"uv": [8.7, 16, 3.7, 15.9], "rotation": 90, "texture": "#0"},
				"down": {"uv": [3.7, 16, 8.7, 15.9], "rotation": 90, "texture": "#0"}
			}
		},
		{
			"from": [8.36142, 7.95, 9.27283],
			"to": [8.65192, 8.05, 9.32283],
			"rotation": {"angle": 22.5, "axis": "y", "origin": [9.63017, 8, 9.21307]},
			"faces": {
				"south": {"uv": [0, 15.8, 0.581, 16], "texture": "#0"},
				"up": {"uv": [3.281, 16, 2.7, 15.9], "texture": "#0"},
				"down": {"uv": [2.781, 15.8, 2.2, 15.9], "texture": "#0"}
			}
		},
		{
			"from": [9.31528, 7.951, 6.23613],
			"to": [9.36528, 8.051, 6.71106],
			"rotation": {"angle": 22.5, "axis": "y", "origin": [9.25552, 8, 7.77441]},
			"faces": {
				"east": {"uv": [0, 16, 0.94986, 15.8], "texture": "#0"},
				"up": {"uv": [6.7, 16, 7.64986, 15.9], "rotation": 90, "texture": "#0"},
				"down": {"uv": [7.64986, 16, 6.7, 15.9], "rotation": 90, "texture": "#0"}
			}
		},
		{
			"from": [8.36142, 7.95, 6.67717],
			"to": [8.65192, 8.05, 6.72717],
			"rotation": {"angle": -22.5, "axis": "y", "origin": [9.63017, 8, 6.78693]},
			"faces": {
				"north": {"uv": [1.1, 16, 1.681, 15.8], "texture": "#0"},
				"up": {"uv": [2.3, 16, 2.881, 15.9], "texture": "#0"},
				"down": {"uv": [2.3, 15.9, 2.881, 16], "texture": "#0"}
			}
		},
		{
			"from": [9.31528, 7.951, 9.28894],
			"to": [9.36528, 8.051, 9.76387],
			"rotation": {"angle": -22.5, "axis": "y", "origin": [9.25552, 8, 8.22559]},
			"faces": {
				"east": {"uv": [0, 15.8, 0.94986, 16], "texture": "#0"},
				"up": {"uv": [7.64986, 16, 6.7, 15.9], "rotation": 90, "texture": "#0"},
				"down": {"uv": [6.7, 16, 7.64986, 15.9], "rotation": 90, "texture": "#0"}
			}
		},
		{
			"from": [7.2, 7.95, 6.175],
			"to": [7.325, 8.05, 6.2],
			"rotation": {"angle": 0, "axis": "y", "origin": [6.74375, 8, 6.69024]},
			"faces": {
				"north": {"uv": [9.1, 15.45, 9.3, 15.7], "rotation": 90, "texture": "#0"},
				"east": {"uv": [9.1, 15.45, 9.3, 15.5], "rotation": 90, "texture": "#0"},
				"west": {"uv": [9.1, 15.45, 9.3, 15.5], "rotation": 90, "texture": "#0"},
				"up": {"uv": [9.15, 15.7, 9.1, 15.45], "rotation": 90, "texture": "#0"},
				"down": {"uv": [9.1, 15.7, 9.15, 15.45], "rotation": 90, "texture": "#0"}
			}
		},
		{
			"from": [7.0119, 7.975, 6.00846],
			"to": [7.2119, 8.025, 6.02096],
			"rotation": {"angle": -22.5, "axis": "y", "origin": [6.94375, 8, 6.69024]},
			"faces": {
				"north": {"uv": [9.1, 15.45, 9.2, 15.85], "rotation": 90, "texture": "#0"},
				"east": {"uv": [9.1, 15.45, 9.2, 15.475], "rotation": 90, "texture": "#0"},
				"south": {"uv": [9.1, 15.45, 9.2, 15.85], "rotation": 90, "texture": "#0"},
				"west": {"uv": [9.1, 15.45, 9.2, 15.475], "rotation": 90, "texture": "#0"},
				"up": {"uv": [9.125, 15.85, 9.1, 15.45], "rotation": 90, "texture": "#0"},
				"down": {"uv": [9.1, 15.85, 9.125, 15.45], "rotation": 90, "texture": "#0"}
			}
		},
		{
			"from": [7.425, 7.9875, 6.15],
			"to": [7.5, 8.0125, 6.175],
			"rotation": {"angle": 0, "axis": "y", "origin": [6.94375, 8, 6.69024]},
			"faces": {
				"north": {"uv": [9.1, 15.45, 9.15, 15.6], "rotation": 90, "texture": "#0"},
				"east": {"uv": [9.1, 15.45, 9.15, 15.5], "rotation": 90, "texture": "#0"},
				"west": {"uv": [9.1, 15.45, 9.15, 15.5], "rotation": 90, "texture": "#0"},
				"up": {"uv": [9.15, 15.6, 9.1, 15.45], "rotation": 90, "texture": "#0"},
				"down": {"uv": [9.1, 15.6, 9.15, 15.45], "rotation": 90, "texture": "#0"}
			}
		},
		{
			"from": [7.4, 7.95, 6.175],
			"to": [7.525, 8.05, 6.2],
			"rotation": {"angle": 0, "axis": "y", "origin": [6.94375, 8, 6.69024]},
			"faces": {
				"north": {"uv": [9.1, 15.45, 9.3, 15.7], "rotation": 90, "texture": "#0"},
				"east": {"uv": [9.1, 15.45, 9.3, 15.5], "rotation": 90, "texture": "#0"},
				"west": {"uv": [9.1, 15.45, 9.3, 15.5], "rotation": 90, "texture": "#0"},
				"up": {"uv": [9.15, 15.7, 9.1, 15.45], "rotation": 90, "texture": "#0"},
				"down": {"uv": [9.1, 15.7, 9.15, 15.45], "rotation": 90, "texture": "#0"}
			}
		},
		{
			"from": [7.225, 7.9875, 6.15],
			"to": [7.3, 8.0125, 6.175],
			"rotation": {"angle": 0, "axis": "y", "origin": [6.74375, 8, 6.69024]},
			"faces": {
				"north": {"uv": [9.1, 15.45, 9.15, 15.6], "rotation": 90, "texture": "#0"},
				"east": {"uv": [9.1, 15.45, 9.15, 15.5], "rotation": 90, "texture": "#0"},
				"west": {"uv": [9.1, 15.45, 9.15, 15.5], "rotation": 90, "texture": "#0"},
				"up": {"uv": [9.15, 15.6, 9.1, 15.45], "rotation": 90, "texture": "#0"},
				"down": {"uv": [9.1, 15.6, 9.15, 15.45], "rotation": 90, "texture": "#0"}
			}
		},
		{
			"from": [6.8119, 7.975, 6.00846],
			"to": [7.0119, 8.025, 6.02096],
			"rotation": {"angle": -22.5, "axis": "y", "origin": [6.74375, 8, 6.69024]},
			"faces": {
				"north": {"uv": [9.1, 15.45, 9.2, 15.85], "rotation": 90, "texture": "#0"},
				"east": {"uv": [9.1, 15.45, 9.2, 15.475], "rotation": 90, "texture": "#0"},
				"south": {"uv": [9.1, 15.45, 9.2, 15.85], "rotation": 90, "texture": "#0"},
				"west": {"uv": [9.1, 15.45, 9.2, 15.475], "rotation": 90, "texture": "#0"},
				"up": {"uv": [9.125, 15.85, 9.1, 15.45], "rotation": 90, "texture": "#0"},
				"down": {"uv": [9.1, 15.85, 9.125, 15.45], "rotation": 90, "texture": "#0"}
			}
		}
	],
	"display": {
		"thirdperson_righthand": {
			"rotation": [73.68, 15.65, 85.33],
			"translation": [0, -1.5, -0.75]
		},
		"thirdperson_lefthand": {
			"rotation": [-104.82, 15.65, 85.33],
			"translation": [0, -1.5, -0.75]
		},
		"firstperson_righthand": {
			"rotation": [3.12, -14.35, 88.13],
			"translation": [-6, 7, 7.25]
		},
		"firstperson_lefthand": {
			"rotation": [176.88, -14.35, 88.13],
			"translation": [-6, 7, 7.25]
		},
		"ground": {
			"translation": [0, -3.25, 0]
		},
		"gui": {
			"rotation": [-161.62, 65.84, -90.49],
			"translation": [0, -0.25, 0],
			"scale": [4, 4, 4]
		}
	}
}