{
	"format_version": "1.9.0",
	"credit": "Made with Blockbench",
	"texture_size": [8, 8],
	"textures": {
		"0": "f_model/metal_sheet",
		"particle": "f_model/metal_sheet"
	},
	"elements": [
		{
			"from": [7.55071, 9.32084, 5.501],
			"to": [9.75071, 9.48084, 10.501],
			"rotation": {"angle": -22.5, "axis": "z", "origin": [8.05071, 9.32084, 8]},
			"faces": {
				"north": {"uv": [4.99999, 10, 9.39999, 10.32], "texture": "#0"},
				"south": {"uv": [4.4, 0, 0, 0.32], "texture": "#0"},
				"up": {"uv": [11.3, 11.4, 1.3, 7], "rotation": 90, "texture": "#0"},
				"down": {"uv": [10, 8.175, 0, 3.775], "rotation": 90, "texture": "#0"}
			}
		},
		{
			"from": [10.01655, 7.38454, 10.2],
			"to": [10.17655, 8.88454, 10.5],
			"rotation": {"angle": 22.5, "axis": "z", "origin": [10.09655, 7.60954, 9.15]},
			"faces": {
				"east": {"uv": [1.9, 11.41448, 1.3, 14.41448], "texture": "#0"},
				"south": {"uv": [0, 0, 3, 0.32], "rotation": 90, "texture": "#0"},
				"west": {"uv": [11, 14, 10.4, 11], "rotation": 180, "texture": "#0"},
				"down": {"uv": [5, 13, 5.6, 13.32], "rotation": 90, "texture": "#0"}
			}
		},
		{
			"from": [10.01655, 6.98454, 10.2],
			"to": [10.17655, 7.18454, 10.5],
			"rotation": {"angle": 22.5, "axis": "z", "origin": [10.09655, 7.60954, 9.15]},
			"faces": {
				"east": {"uv": [1.4, 10.56448, 1, 9.96448], "rotation": 90, "texture": "#0"},
				"south": {"uv": [0, 0, 0.4, 0.32], "rotation": 90, "texture": "#0"},
				"west": {"uv": [3.4, 2.6, 3, 2], "rotation": 90, "texture": "#0"},
				"up": {"uv": [0, 0, 0.6, 0.32], "rotation": 90, "texture": "#0"},
				"down": {"uv": [5, 13, 5.6, 13.32], "rotation": 90, "texture": "#0"}
			}
		},
		{
			"from": [10.01655, 7.18454, 10.4],
			"to": [10.17655, 7.38454, 10.5],
			"rotation": {"angle": 22.5, "axis": "z", "origin": [10.09655, 7.60954, 9.15]},
			"faces": {
				"north": {"uv": [5, 13, 5.4, 13.32], "rotation": 270, "texture": "#0"},
				"east": {"uv": [1.2, 10.36448, 1, 9.96448], "texture": "#0"},
				"south": {"uv": [0, 0, 0.4, 0.32], "rotation": 90, "texture": "#0"},
				"west": {"uv": [3.2, 2.4, 3, 2], "rotation": 180, "texture": "#0"}
			}
		},
		{
			"from": [10.01655, 6.98454, 5.5],
			"to": [10.17655, 8.88454, 10.2],
			"rotation": {"angle": 22.5, "axis": "z", "origin": [10.09655, 7.60954, 9.15]},
			"faces": {
				"north": {"uv": [4.99999, 10, 8.79999, 10.32], "rotation": 270, "texture": "#0"},
				"east": {"uv": [11.3, 15.2, 1.9, 11.4], "rotation": 180, "texture": "#0"},
				"south": {"uv": [0, 0, 3.8, 0.32], "rotation": 90, "texture": "#0"},
				"west": {"uv": [9.4, 11.975, 0, 8.175], "rotation": 180, "texture": "#0"},
				"down": {"uv": [3, 13, 12.4, 13.32], "rotation": 90, "texture": "#0"}
			}
		},
		{
			"from": [5.75, 9.5, 8.51776],
			"to": [7, 9.66, 10.2],
			"rotation": {"angle": 0, "axis": "y", "origin": [7.75, 9.5, 8]},
			"faces": {
				"south": {"uv": [3, 9, 5.49999, 9.32], "texture": "#0"},
				"west": {"uv": [10.36448, 7, 7, 7.32], "texture": "#0"},
				"up": {"uv": [5.26448, 5.68947, 1.9, 3.18948], "rotation": 90, "texture": "#0"},
				"down": {"uv": [9.36448, 0, 6, 2.49999], "rotation": 270, "texture": "#0"}
			}
		},
		{
			"from": [6.25, 9.5, 10.2],
			"to": [7, 9.66, 10.5],
			"rotation": {"angle": 0, "axis": "y", "origin": [7.75, 9.5, 8]},
			"faces": {
				"south": {"uv": [6, 13, 7.49999, 13.32], "texture": "#0"},
				"west": {"uv": [7, 12, 7.6, 12.32], "texture": "#0"},
				"up": {"uv": [1.9, 5.68947, 1.3, 4.18948], "rotation": 90, "texture": "#0"},
				"down": {"uv": [10, 2.47499, 9.4, 0.975], "rotation": 90, "texture": "#0"}
			}
		},
		{
			"from": [6.05, 9.5, 10.4],
			"to": [6.25, 9.66, 10.5],
			"rotation": {"angle": 0, "axis": "y", "origin": [7, 9.5, 8]},
			"faces": {
				"north": {"uv": [0, 0, 0.4, 0.32], "texture": "#0"},
				"south": {"uv": [3, 9, 3.4, 9.32], "texture": "#0"},
				"up": {"uv": [1.4, 6.18948, 1, 5.98948], "texture": "#0"},
				"down": {"uv": [3.4, 8.225, 3, 8.025], "texture": "#0"}
			}
		},
		{
			"from": [5.75, 9.5, 10.2],
			"to": [6.05, 9.66, 10.5],
			"rotation": {"angle": 0, "axis": "y", "origin": [8.25, 9.5, 11.3]},
			"faces": {
				"east": {"uv": [0, 0, 0.6, 0.32], "texture": "#0"},
				"south": {"uv": [0, 0, 0.6, 0.32], "texture": "#0"},
				"west": {"uv": [3, 9, 3.6, 9.32], "texture": "#0"},
				"up": {"uv": [1.6, 6.58948, 1, 5.98948], "rotation": 90, "texture": "#0"},
				"down": {"uv": [3.6, 8.625, 3, 8.025], "rotation": 270, "texture": "#0"}
			}
		},
		{
			"from": [7, 9.5, 5.5],
			"to": [7.65, 9.66, 10.5],
			"rotation": {"angle": 0, "axis": "y", "origin": [7.75, 9.5, 8]},
			"faces": {
				"north": {"uv": [4.99999, 10, 6.29999, 10.32], "texture": "#0"},
				"south": {"uv": [2, 4, 3.3, 4.32], "texture": "#0"},
				"up": {"uv": [11.3, 7, 1.3, 5.7], "rotation": 90, "texture": "#0"},
				"down": {"uv": [10, 3.775, 0, 2.475], "rotation": 90, "texture": "#0"}
			}
		},
		{
			"from": [6.04329, 9.499, 5.3097],
			"to": [7.24329, 9.659, 8.5761],
			"rotation": {"angle": -22.5, "axis": "y", "origin": [6.04329, 9.5, 7.8097]},
			"faces": {
				"west": {"uv": [5.99999, 11, 12.53279, 11.32], "texture": "#0"},
				"up": {"uv": [13.6, 16, 16, 9.4672], "texture": "#0"},
				"down": {"uv": [13.6, 9.4672, 16, 16], "texture": "#0"}
			}
		}
	],
	"display": {
		"thirdperson_righthand": {
			"rotation": [-85.25, -26.79, 149.39],
			"translation": [-0.75, 1.25, -0.75]
		},
		"thirdperson_lefthand": {
			"rotation": [-85.25, -26.79, 30.61],
			"translation": [1, 1.25, -0.75]
		},
		"firstperson_righthand": {
			"rotation": [-85.25, -26.79, 149.39],
			"translation": [-5.75, 5.5, 5]
		},
		"firstperson_lefthand": {
			"rotation": [-85.25, -26.79, 149.39],
			"translation": [-5.75, 5.5, 5]
		},
		"ground": {
			"rotation": [0, 0, -157],
			"translation": [0, -2, 0]
		},
		"gui": {
			"rotation": [-142.97, 14.11, -168.95],
			"translation": [0, -1.25, 0],
			"scale": [2, 2, 2]
		}
	}
}