{
	"format_version": "1.9.0",
	"credit": "Made with Blockbench",
	"texture_size": [8, 8],
	"textures": {
		"0": "f_model/metal_sheet",
		"particle": "f_model/metal_sheet"
	},
	"elements": [
		{
			"from": [6.25, 8, 5.5],
			"to": [11, 8.16, 8.51776],
			"rotation": {"angle": 0, "axis": "y", "origin": [7, 8, 8]},
			"faces": {
				"north": {"uv": [4.99999, 10, 14.49999, 10.32], "texture": "#0"},
				"east": {"uv": [5, 13, 11.03552, 13.32], "texture": "#0"},
				"up": {"uv": [10.5, 16, 1, 9.96448], "texture": "#0"},
				"down": {"uv": [12.5, 8.03552, 3, 2], "texture": "#0"}
			}
		},
		{
			"from": [5.29329, 7.999, 5.3097],
			"to": [6.49329, 8.159, 8.5761],
			"rotation": {"angle": -22.5, "axis": "y", "origin": [5.29329, 8, 7.8097]},
			"faces": {
				"west": {"uv": [6.99999, 11, 13.53279, 11.32], "texture": "#0"},
				"up": {"uv": [6.95, 5.275, 9.35, 11.8078], "texture": "#0"},
				"down": {"uv": [4, 9, 6.4, 15.5328], "texture": "#0"}
			}
		},
		{
			"from": [5, 8, 8.51776],
			"to": [11, 8.16, 10.5],
			"rotation": {"angle": 0, "axis": "y", "origin": [7, 8, 8]},
			"faces": {
				"east": {"uv": [3, 12, 6.96448, 12.32], "texture": "#0"},
				"south": {"uv": [3, 9, 15, 9.32], "texture": "#0"},
				"west": {"uv": [7, 12, 10.96448, 12.32], "texture": "#0"},
				"up": {"uv": [13, 9.95396, 1, 5.98948], "texture": "#0"},
				"down": {"uv": [15, 11.98948, 3, 8.025], "texture": "#0"}
			}
		}
	],
	"display": {
		"thirdperson_righthand": {
			"rotation": [138.68, -27.25, 70.59],
			"translation": [-1.5, -0.25, -1.25]
		},
		"thirdperson_lefthand": {
			"rotation": [138.68, -27.25, 70.59],
			"translation": [-1.5, -0.25, -1.25]
		},
		"firstperson_righthand": {
			"rotation": [138.68, -27.25, 70.59],
			"translation": [-4.75, 4.75, 3.75]
		},
		"firstperson_lefthand": {
			"rotation": [138.68, -27.25, -70.59],
			"translation": [-4.75, 4.75, 3.75]
		},
		"ground": {
			"translation": [0, -3, 0]
		},
		"gui": {
			"rotation": [21.46, 27.05, -173.79],
			"translation": [0, -1, 0],
			"scale": [2, 2, 2]
		}
	}
}