{
	"format_version": "1.9.0",
	"credit": "Made with Blockbench",
	"texture_size": [4, 4],
	"textures": {
		"0": "f_model/needle_set",
		"particle": "f_model/needle_set"
	},
	"elements": [
		{
			"from": [6, 8.2, 8.37],
			"to": [8.9, 8.26, 8.43],
			"rotation": {"angle": 0, "axis": "y", "origin": [4, 8.2, 12.4]},
			"faces": {
				"north": {"uv": [4, 2, 1.1, 2.06], "texture": "#0"},
				"east": {"uv": [1.96, 2, 1.9, 2.06], "texture": "#0"},
				"south": {"uv": [4, 2, 1.1, 2.06], "texture": "#0"},
				"west": {"uv": [1.96, 2, 1.9, 2.06], "texture": "#0"},
				"up": {"uv": [4, 2, 1.1, 2.06], "texture": "#0"}
			}
		},
		{
			"from": [9.8, 8.21, 7.93],
			"to": [9.84, 8.25, 8.07],
			"rotation": {"angle": 0, "axis": "y", "origin": [3.88, 8.2, 12]},
			"faces": {
				"north": {"uv": [1.94, 2, 1.9, 2.04], "texture": "#0"},
				"east": {"uv": [2.04, 2, 1.9, 2.04], "texture": "#0"},
				"south": {"uv": [1.94, 2, 1.9, 2.04], "texture": "#0"},
				"west": {"uv": [2.04, 2, 1.9, 2.04], "texture": "#0"},
				"up": {"uv": [1.94, 2, 1.9, 2.14], "texture": "#0"},
				"down": {"uv": [1.94, 2.14, 1.9, 2], "texture": "#0"}
			}
		},
		{
			"from": [9.06, 8.21, 7.93],
			"to": [9.8, 8.25, 7.97],
			"rotation": {"angle": 0, "axis": "y", "origin": [4.8, 8.22, 3.98]},
			"faces": {
				"north": {"uv": [2.64, 2, 1.9, 2.04], "texture": "#0"},
				"south": {"uv": [2.64, 2, 1.9, 2.04], "texture": "#0"},
				"west": {"uv": [0.04, 0, 0, 0.04], "texture": "#0"},
				"up": {"uv": [2.64, 2, 1.9, 2.04], "texture": "#0"},
				"down": {"uv": [2.64, 2.04, 1.9, 2], "texture": "#0"}
			}
		},
		{
			"from": [9.06, 8.21, 8.03],
			"to": [9.8, 8.25, 8.07],
			"rotation": {"angle": 0, "axis": "y", "origin": [4.8, 8.22, 12.06]},
			"faces": {
				"north": {"uv": [2.64, 2, 1.9, 2.04], "texture": "#0"},
				"south": {"uv": [2.64, 2, 1.9, 2.04], "texture": "#0"},
				"west": {"uv": [0.04, 0, 0, 0.04], "texture": "#0"},
				"up": {"uv": [2.64, 2, 1.9, 2.04], "texture": "#0"},
				"down": {"uv": [2.64, 2.04, 1.9, 2], "texture": "#0"}
			}
		},
		{
			"from": [6, 8.2, 7.97],
			"to": [9.1, 8.26, 8.03],
			"rotation": {"angle": 0, "axis": "y", "origin": [4, 8.2, 12]},
			"faces": {
				"north": {"uv": [4, 2, 0.9, 2.06], "texture": "#0"},
				"east": {"uv": [1.96, 2, 1.9, 2.06], "texture": "#0"},
				"south": {"uv": [4, 2, 0.9, 2.06], "texture": "#0"},
				"west": {"uv": [1.96, 2, 1.9, 2.06], "texture": "#0"},
				"up": {"uv": [4, 2, 0.9, 2.06], "texture": "#0"}
			}
		},
		{
			"from": [9.2, 8.21, 7.13],
			"to": [9.24, 8.25, 7.27],
			"rotation": {"angle": 0, "axis": "y", "origin": [3.28, 8.2, 3.2]},
			"faces": {
				"north": {"uv": [1.9, 2, 1.94, 2.04], "texture": "#0"},
				"east": {"uv": [1.9, 2, 2.04, 2.04], "texture": "#0"},
				"south": {"uv": [1.9, 2, 1.94, 2.04], "texture": "#0"},
				"west": {"uv": [1.9, 2, 2.04, 2.04], "texture": "#0"},
				"up": {"uv": [1.94, 2.14, 1.9, 2], "texture": "#0"},
				"down": {"uv": [1.94, 2, 1.9, 2.14], "texture": "#0"}
			}
		},
		{
			"from": [8.86, 8.21, 7.23],
			"to": [9.2, 8.25, 7.27],
			"rotation": {"angle": 0, "axis": "y", "origin": [4.6, 8.22, 11.22]},
			"faces": {
				"north": {"uv": [1.9, 2, 2.24, 2.04], "texture": "#0"},
				"south": {"uv": [1.9, 2, 2.24, 2.04], "texture": "#0"},
				"west": {"uv": [0, 0, 0.04, 0.04], "texture": "#0"},
				"up": {"uv": [2.24, 2.04, 1.9, 2], "texture": "#0"},
				"down": {"uv": [2.24, 2, 1.9, 2.04], "texture": "#0"}
			}
		},
		{
			"from": [8.86, 8.21, 7.13],
			"to": [9.2, 8.25, 7.17],
			"rotation": {"angle": 0, "axis": "y", "origin": [4.6, 8.22, 3.14]},
			"faces": {
				"north": {"uv": [1.9, 2, 2.24, 2.04], "texture": "#0"},
				"south": {"uv": [1.9, 2, 2.24, 2.04], "texture": "#0"},
				"west": {"uv": [0, 0, 0.04, 0.04], "texture": "#0"},
				"up": {"uv": [2.24, 2.04, 1.9, 2], "texture": "#0"},
				"down": {"uv": [2.24, 2, 1.9, 2.04], "texture": "#0"}
			}
		},
		{
			"from": [6, 8.2, 7.17],
			"to": [8.9, 8.26, 7.23],
			"rotation": {"angle": 0, "axis": "y", "origin": [4, 8.2, 3.2]},
			"faces": {
				"north": {"uv": [1.1, 2, 4, 2.06], "texture": "#0"},
				"east": {"uv": [1.9, 2, 1.96, 2.06], "texture": "#0"},
				"south": {"uv": [1.1, 2, 4, 2.06], "texture": "#0"},
				"west": {"uv": [1.9, 2, 1.96, 2.06], "texture": "#0"},
				"up": {"uv": [4, 2.06, 1.1, 2], "texture": "#0"}
			}
		},
		{
			"from": [10, 8.21, 8.73],
			"to": [10.04, 8.25, 8.87],
			"rotation": {"angle": 0, "axis": "y", "origin": [4.08, 8.2, 4.8]},
			"faces": {
				"north": {"uv": [1.9, 2, 1.94, 2.04], "texture": "#0"},
				"east": {"uv": [1.9, 2, 2.04, 2.04], "texture": "#0"},
				"south": {"uv": [1.9, 2, 1.94, 2.04], "texture": "#0"},
				"west": {"uv": [1.9, 2, 2.04, 2.04], "texture": "#0"},
				"up": {"uv": [1.94, 2.14, 1.9, 2], "texture": "#0"},
				"down": {"uv": [1.94, 2, 1.9, 2.14], "texture": "#0"}
			}
		},
		{
			"from": [8.86, 8.21, 8.83],
			"to": [10, 8.25, 8.87],
			"rotation": {"angle": 0, "axis": "y", "origin": [5, 8.22, 12.82]},
			"faces": {
				"north": {"uv": [1.9, 2, 3.04, 2.04], "texture": "#0"},
				"south": {"uv": [1.9, 2, 3.04, 2.04], "texture": "#0"},
				"west": {"uv": [0, 0, 0.04, 0.04], "texture": "#0"},
				"up": {"uv": [3.04, 2.04, 1.9, 2], "texture": "#0"},
				"down": {"uv": [3.04, 2, 1.9, 2.04], "texture": "#0"}
			}
		},
		{
			"from": [8.86, 8.21, 8.73],
			"to": [10, 8.25, 8.77],
			"rotation": {"angle": 0, "axis": "y", "origin": [5, 8.22, 4.74]},
			"faces": {
				"north": {"uv": [1.9, 2, 3.04, 2.04], "texture": "#0"},
				"south": {"uv": [1.9, 2, 3.04, 2.04], "texture": "#0"},
				"west": {"uv": [0, 0, 0.04, 0.04], "texture": "#0"},
				"up": {"uv": [3.04, 2.04, 1.9, 2], "texture": "#0"},
				"down": {"uv": [3.04, 2, 1.9, 2.04], "texture": "#0"}
			}
		},
		{
			"from": [6, 8.2, 8.77],
			"to": [8.9, 8.26, 8.83],
			"rotation": {"angle": 0, "axis": "y", "origin": [4, 8.2, 4.8]},
			"faces": {
				"north": {"uv": [1.1, 2, 4, 2.06], "texture": "#0"},
				"east": {"uv": [1.9, 2, 1.96, 2.06], "texture": "#0"},
				"south": {"uv": [1.1, 2, 4, 2.06], "texture": "#0"},
				"west": {"uv": [1.9, 2, 1.96, 2.06], "texture": "#0"},
				"up": {"uv": [4, 2.06, 1.1, 2], "texture": "#0"}
			}
		},
		{
			"from": [8.86, 8.21, 8.43],
			"to": [9.6, 8.25, 8.47],
			"rotation": {"angle": 0, "axis": "y", "origin": [4.6, 8.22, 12.46]},
			"faces": {
				"north": {"uv": [2.64, 2, 1.9, 2.04], "texture": "#0"},
				"south": {"uv": [2.64, 2, 1.9, 2.04], "texture": "#0"},
				"west": {"uv": [0.04, 0, 0, 0.04], "texture": "#0"},
				"up": {"uv": [2.64, 2, 1.9, 2.04], "texture": "#0"},
				"down": {"uv": [2.64, 2.04, 1.9, 2], "texture": "#0"}
			}
		},
		{
			"from": [8.86, 8.21, 8.33],
			"to": [9.6, 8.25, 8.37],
			"rotation": {"angle": 0, "axis": "y", "origin": [4.6, 8.22, 4.38]},
			"faces": {
				"north": {"uv": [2.64, 2, 1.9, 2.04], "texture": "#0"},
				"south": {"uv": [2.64, 2, 1.9, 2.04], "texture": "#0"},
				"west": {"uv": [0.04, 0, 0, 0.04], "texture": "#0"},
				"up": {"uv": [2.64, 2, 1.9, 2.04], "texture": "#0"},
				"down": {"uv": [2.64, 2.04, 1.9, 2], "texture": "#0"}
			}
		},
		{
			"from": [9.6, 8.21, 8.33],
			"to": [9.64, 8.25, 8.47],
			"rotation": {"angle": 0, "axis": "y", "origin": [3.68, 8.2, 12.4]},
			"faces": {
				"north": {"uv": [1.94, 2, 1.9, 2.04], "texture": "#0"},
				"east": {"uv": [2.04, 2, 1.9, 2.04], "texture": "#0"},
				"south": {"uv": [1.94, 2, 1.9, 2.04], "texture": "#0"},
				"west": {"uv": [2.04, 2, 1.9, 2.04], "texture": "#0"},
				"up": {"uv": [1.94, 2, 1.9, 2.14], "texture": "#0"},
				"down": {"uv": [1.94, 2.14, 1.9, 2], "texture": "#0"}
			}
		},
		{
			"from": [5, 8, 6.6],
			"to": [10.6, 8.2, 9.4],
			"rotation": {"angle": 0, "axis": "y", "origin": [4.2, 8, 4]},
			"faces": {
				"north": {"uv": [13.8, 10.4, 14, 16], "rotation": 90, "texture": "#0"},
				"east": {"uv": [13.8, 10.4, 14, 13.2], "rotation": 90, "texture": "#0"},
				"south": {"uv": [13.8, 10.4, 14, 16], "rotation": 90, "texture": "#0"},
				"west": {"uv": [13.8, 10.4, 14, 13.2], "rotation": 90, "texture": "#0"},
				"up": {"uv": [12, 10, 14.8, 15.6], "rotation": 270, "texture": "#0"},
				"down": {"uv": [13.2, 10, 16, 15.6], "rotation": 270, "texture": "#0"}
			}
		},
		{
			"from": [7, 8.2, 6.6],
			"to": [8.6, 8.3, 9.4],
			"rotation": {"angle": 0, "axis": "y", "origin": [4, 8, 4]},
			"faces": {
				"north": {"uv": [12.2, 12.6, 13.8, 12.7], "texture": "#0"},
				"east": {"uv": [12.4, 12, 15.2, 12.1], "texture": "#0"},
				"south": {"uv": [12.2, 12.6, 13.8, 12.7], "texture": "#0"},
				"west": {"uv": [12.4, 12, 15.2, 12.1], "texture": "#0"},
				"up": {"uv": [12.4, 11.2, 14, 14], "texture": "#0"}
			}
		}
	],
	"display": {
		"thirdperson_righthand": {
			"rotation": [-15.44, 16.98, 93.34],
			"translation": [-1.25, -0.25, -0.25],
			"scale": [0.25, 0.25, 0.25]
		},
		"thirdperson_lefthand": {
			"rotation": [-15.44, 16.98, 93.34],
			"translation": [-1.25, -0.25, -0.25],
			"scale": [0.25, 0.25, 0.25]
		},
		"firstperson_righthand": {
			"rotation": [-15.44, 16.98, 93.34],
			"translation": [-7.25, 7.25, 9.25],
			"scale": [0.25, 0.25, 0.25]
		},
		"firstperson_lefthand": {
			"rotation": [164.56, -16.98, 93.34],
			"translation": [-7.25, 7.25, 9.25],
			"scale": [0.25, 0.25, 0.25]
		},
		"ground": {
			"translation": [0, -3, 0],
			"scale": [0.25, 0.25, 0.25]
		},
		"gui": {
			"rotation": [68.4, 80.67, 41.97],
			"scale": [2.5, 2.5, 2.5]
		}
	}
}