{
	"format_version": "1.9.0",
	"credit": "Made with Blockbench",
	"texture_size": [4, 4],
	"textures": {
		"0": "f_model/punch",
		"particle": "f_model/punch"
	},
	"elements": [
		{
			"from": [7.85, 7.1, 6.275],
			"to": [8.15, 8.675, 6.625],
			"rotation": {"angle": 0, "axis": "y", "origin": [7, 5.975, 7.1]},
			"faces": {
				"north": {"uv": [6.5, 9.7, 7.7, 16], "texture": "#0"},
				"east": {"uv": [9.3, 9.5, 10.7, 15.8], "texture": "#0"},
				"south": {"uv": [7.5, 9.7, 8.7, 16], "texture": "#0"},
				"west": {"uv": [8.3, 9.5, 9.7, 15.8], "texture": "#0"},
				"up": {"uv": [5.7, 11.9, 4.5, 10.5], "texture": "#0"},
				"down": {"uv": [11.7, 10.5, 10.5, 11.9], "texture": "#0"}
			}
		},
		{
			"from": [7.85, 7.025, 5.325],
			"to": [8.15, 7.75, 5.8],
			"rotation": {"angle": 0, "axis": "y", "origin": [7, 5.975, 7.1]},
			"faces": {
				"north": {"uv": [4.3, 11.5, 5.5, 14.4], "texture": "#0"},
				"east": {"uv": [1.2, 12.5, 3.1, 15.4], "texture": "#0"},
				"south": {"uv": [5.3, 11.5, 6.5, 14.4], "texture": "#0"},
				"west": {"uv": [1, 12.9, 2.9, 15.8], "texture": "#0"},
				"up": {"uv": [11.7, 11.4, 10.5, 9.5], "texture": "#0"},
				"down": {"uv": [12.7, 8.5, 11.5, 10.4], "texture": "#0"}
			}
		},
		{
			"from": [7.85, 7.27503, 5.02826],
			"to": [8.15, 7.70003, 5.325],
			"rotation": {"angle": 0, "axis": "y", "origin": [7, 5.975, 6.975]},
			"faces": {
				"north": {"uv": [13.8, 14.3, 15, 16], "texture": "#0"},
				"east": {"uv": [2.18695, 12.7, 1, 14.4], "texture": "#0"},
				"west": {"uv": [2.48695, 13.1, 1.3, 14.8], "texture": "#0"},
				"down": {"uv": [10.2, 12.5, 9, 13.68695], "texture": "#0"}
			}
		},
		{
			"from": [7.85, 7.025, 5.15326],
			"to": [8.15, 7.27503, 5.22826],
			"rotation": {"angle": 0, "axis": "y", "origin": [7, 5.975, 7]},
			"faces": {
				"east": {"uv": [0, 14.5, 0.3, 15.50013], "texture": "#0"},
				"south": {"uv": [14.8, 12.5, 16, 13.50013], "texture": "#0"},
				"west": {"uv": [1, 13.5, 1.3, 14.50013], "texture": "#0"},
				"down": {"uv": [14.7, 11.5, 13.5, 11.8], "texture": "#0"}
			}
		},
		{
			"from": [7.95, 7.1, 5.22826],
			"to": [8.05, 7.20003, 5.27826],
			"rotation": {"angle": -45, "axis": "z", "origin": [8, 7.15002, 5.25326]},
			"faces": {
				"east": {"uv": [7.5, 7.5, 7.7, 7.90013], "texture": "#0"},
				"south": {"uv": [6.9, 6.3, 7.3, 6.70013], "texture": "#0"},
				"west": {"uv": [6.5, 7.5, 6.7, 7.90013], "texture": "#0"},
				"up": {"uv": [7.3, 7.5, 6.9, 7.3], "texture": "#0"},
				"down": {"uv": [7.9, 7.5, 7.5, 7.7], "texture": "#0"}
			}
		},
		{
			"from": [7.825, 7.5, 6.40326],
			"to": [8.175, 7.60003, 6.50326],
			"rotation": {"angle": 22.5, "axis": "x", "origin": [7.8375, 7.55002, 6.45326]},
			"faces": {
				"north": {"uv": [10.2, 6.5, 11.6, 6.90013], "texture": "#0"},
				"east": {"uv": [10.2, 6.9, 10.6, 7.30013], "texture": "#0"},
				"south": {"uv": [10.2, 7.5, 11.6, 7.90013], "texture": "#0"},
				"west": {"uv": [11.2, 6.9, 11.6, 7.30013], "texture": "#0"},
				"up": {"uv": [11.8, 7.3, 10.4, 6.9], "texture": "#0"},
				"down": {"uv": [11.4, 6.5, 10, 6.9], "texture": "#0"}
			}
		},
		{
			"from": [7.825, 7.2, 6.42826],
			"to": [8.175, 7.30003, 6.52826],
			"rotation": {"angle": -45, "axis": "x", "origin": [7.8375, 7.25002, 6.47826]},
			"faces": {
				"north": {"uv": [8.4, 6.3, 9.8, 6.70013], "texture": "#0"},
				"east": {"uv": [8.8, 6.7, 9.2, 7.10013], "texture": "#0"},
				"south": {"uv": [8, 6.3, 9.4, 6.70013], "texture": "#0"},
				"west": {"uv": [9.4, 6.3, 9.8, 6.70013], "texture": "#0"},
				"up": {"uv": [9.8, 7.3, 8.4, 6.9], "texture": "#0"},
				"down": {"uv": [9.8, 7.3, 8.4, 7.7], "texture": "#0"}
			}
		},
		{
			"from": [7.85, 7.15, 5.02826],
			"to": [8.15, 7.27503, 5.15326],
			"rotation": {"angle": 0, "axis": "y", "origin": [8, 7.17502, 5.06413]},
			"faces": {
				"north": {"uv": [14.8, 15.49987, 16, 16], "texture": "#0"},
				"east": {"uv": [1, 14.7, 1.5, 15.20013], "texture": "#0"},
				"west": {"uv": [2, 12.1, 2.5, 12.60013], "texture": "#0"}
			}
		},
		{
			"from": [7.851, 8.4745, 4.14179],
			"to": [8.151, 8.56392, 4.31856],
			"rotation": {"angle": 45, "axis": "x", "origin": [7, 6.74218, 2.98621]},
			"faces": {
				"east": {"uv": [1, 14.7, 1.70711, 15.05766], "texture": "#0"},
				"west": {"uv": [3.5, 14.5, 4.20711, 14.85766], "texture": "#0"},
				"down": {"uv": [9.2, 13.5, 8, 14.20711], "texture": "#0"}
			}
		},
		{
			"from": [7.85, 7.75, 5.7],
			"to": [8.15, 8.175, 5.8],
			"rotation": {"angle": 0, "axis": "y", "origin": [7, 5.975, 7.1]},
			"faces": {
				"east": {"uv": [1.5, 13.5, 1.9, 15.2], "texture": "#0"},
				"south": {"uv": [5.8, 12.5, 7, 14.2], "texture": "#0"},
				"west": {"uv": [2.8, 12.1, 3.2, 13.8], "texture": "#0"},
				"up": {"uv": [7.2, 12.9, 6, 12.5], "texture": "#0"}
			}
		},
		{
			"from": [7.925, 7.7323, 6.05235],
			"to": [8.075, 7.8823, 6.17735],
			"rotation": {"angle": -22.5, "axis": "z", "origin": [8, 7.8073, 6.15235]},
			"faces": {
				"north": {"uv": [15.4, 9.5, 16, 10.1], "texture": "#0"},
				"east": {"uv": [10.5, 15.4, 11, 16], "texture": "#0"},
				"south": {"uv": [15.4, 10.5, 16, 11.1], "texture": "#0"},
				"west": {"uv": [11.5, 15.4, 12, 16], "texture": "#0"},
				"up": {"uv": [16, 12, 15.4, 11.5], "texture": "#0"},
				"down": {"uv": [13.1, 15.5, 12.5, 16], "texture": "#0"}
			}
		},
		{
			"from": [7.825, 7.75, 5.575],
			"to": [8.175, 8.2, 5.7],
			"rotation": {"angle": 0, "axis": "y", "origin": [7, 5.975, 7.125]},
			"faces": {
				"north": {"uv": [12.5, 8.5, 13.9, 10.3], "texture": "#0"},
				"east": {"uv": [9.5, 12.5, 10, 14.3], "texture": "#0"},
				"south": {"uv": [12.5, 9.5, 13.9, 11.3], "texture": "#0"},
				"west": {"uv": [10.5, 12.5, 11, 14.3], "texture": "#0"},
				"up": {"uv": [13.9, 11, 12.5, 10.5], "texture": "#0"},
				"down": {"uv": [12.9, 12.5, 11.5, 13], "texture": "#0"}
			}
		},
		{
			"from": [7.825, 7.75, 5.325],
			"to": [8.175, 8.2, 5.45],
			"rotation": {"angle": 0, "axis": "y", "origin": [7, 5.975, 7.025]},
			"faces": {
				"north": {"uv": [12.5, 11.5, 13.9, 13.3], "texture": "#0"},
				"east": {"uv": [12.5, 12.5, 13, 14.3], "texture": "#0"},
				"south": {"uv": [4.5, 13.5, 5.9, 15.3], "texture": "#0"},
				"west": {"uv": [13.5, 10.5, 14, 12.3], "texture": "#0"},
				"up": {"uv": [6.9, 14, 5.5, 13.5], "texture": "#0"},
				"down": {"uv": [14.9, 11.5, 13.5, 12], "texture": "#0"}
			}
		},
		{
			"from": [7.85, 7.7, 5.225],
			"to": [8.15, 8.175, 5.325],
			"rotation": {"angle": 0, "axis": "x", "origin": [7, 5.975, 6.575]},
			"faces": {
				"east": {"uv": [0.7, 15.2, 1.1, 13.3], "texture": "#0"},
				"west": {"uv": [0.6, 12.1, 1, 14], "texture": "#0"},
				"up": {"uv": [13.7, 10.9, 12.5, 10.5], "texture": "#0"}
			}
		},
		{
			"from": [7.851, 7.31091, 4.28451],
			"to": [8.151, 7.82501, 4.46628],
			"rotation": {"angle": 22.5, "axis": "x", "origin": [7, 5.63591, 5.63451]},
			"faces": {
				"north": {"uv": [5.3, 12.5, 6.5, 14.5564], "texture": "#0"},
				"east": {"uv": [0.55, 15.0064, 1.2771, 12.95], "texture": "#0"},
				"west": {"uv": [0.8, 13.1436, 1.5271, 15.2], "texture": "#0"}
			}
		},
		{
			"from": [7.9, 7, 6.2],
			"to": [8.1, 7.45, 6.675],
			"rotation": {"angle": 0, "axis": "y", "origin": [7, 5.975, 7.1]},
			"faces": {
				"north": {"uv": [11.5, 13.5, 12.3, 15.3], "texture": "#0"},
				"east": {"uv": [6.5, 11.5, 8.4, 13.3], "texture": "#0"},
				"south": {"uv": [11.5, 14.2, 12.3, 16], "texture": "#0"},
				"west": {"uv": [7.5, 11.5, 9.4, 13.3], "texture": "#0"},
				"down": {"uv": [12.3, 14.1, 11.5, 16], "texture": "#0"}
			}
		},
		{
			"from": [7.89477, 7.44594, 6.125],
			"to": [8.10524, 7.65641, 6.775],
			"rotation": {"angle": 0, "axis": "z", "origin": [8.00001, 7.55117, 6.63125]},
			"faces": {
				"east": {"uv": [10.9, 12.7, 13.5, 13.54189], "texture": "#0"},
				"west": {"uv": [4.9, 12.3, 7.5, 13.14189], "texture": "#0"}
			}
		},
		{
			"from": [7.85, 7.4, 7.825],
			"to": [8.15, 7.7, 11.325],
			"rotation": {"angle": 0, "axis": "z", "origin": [8, 7.55, 7.9]},
			"faces": {
				"north": {"uv": [2, 0, 3.2, 1.2], "rotation": 90, "texture": "#0"},
				"east": {"uv": [0, 0, 14, 1.2], "texture": "#0"},
				"south": {"uv": [12, 0, 13.2, 1.2], "texture": "#0"},
				"west": {"uv": [0, 0, 14, 1.2], "texture": "#0"},
				"up": {"uv": [14, 1.2, 0, 0], "rotation": 90, "texture": "#0"},
				"down": {"uv": [0, 1.2, 14, 0], "rotation": 90, "texture": "#0"}
			}
		},
		{
			"from": [7.85, 8.36963, 7.76189],
			"to": [8.15, 8.66963, 11.26189],
			"rotation": {"angle": -22.5, "axis": "x", "origin": [8.15, 8.51963, 7.83689]},
			"faces": {
				"north": {"uv": [4.2, 0, 3, 1.2], "rotation": 90, "texture": "#0"},
				"east": {"uv": [14, 0, 0, 1.2], "texture": "#0"},
				"south": {"uv": [13.2, 0, 12, 1.2], "texture": "#0"},
				"west": {"uv": [14, 0, 0, 1.2], "texture": "#0"},
				"up": {"uv": [14, 1.2, 0, 0], "rotation": 90, "texture": "#0"},
				"down": {"uv": [0, 1.2, 14, 0], "rotation": 90, "texture": "#0"}
			}
		},
		{
			"from": [7.94305, 7.41367, 6.775],
			"to": [8.05695, 7.68867, 7.825],
			"rotation": {"angle": -22.5, "axis": "z", "origin": [8.00001, 7.55117, 6.63125]},
			"faces": {
				"up": {"uv": [4.9556, 12.7, 4.5, 8.5], "texture": "#0"},
				"down": {"uv": [8.9556, 10.5, 8.5, 14.7], "texture": "#0"}
			}
		},
		{
			"from": [7.94305, 7.41367, 6.125],
			"to": [8.05695, 7.68867, 6.775],
			"rotation": {"angle": 22.5, "axis": "z", "origin": [8.00001, 7.55117, 6.63125]},
			"faces": {
				"up": {"uv": [11.9556, 14.1, 11.5, 11.5], "texture": "#0"},
				"down": {"uv": [4.9556, 11.5, 4.5, 14.1], "texture": "#0"}
			}
		},
		{
			"from": [7.94305, 7.41367, 6.125],
			"to": [8.05695, 7.68867, 6.775],
			"rotation": {"angle": -22.5, "axis": "z", "origin": [8.00001, 7.55117, 6.63125]},
			"faces": {
				"up": {"uv": [11.9556, 13.1, 11.5, 10.5], "texture": "#0"},
				"down": {"uv": [5.9556, 11.5, 5.5, 14.1], "texture": "#0"}
			}
		},
		{
			"from": [7.94305, 8.36367, 6.625],
			"to": [8.05695, 8.63867, 7.825],
			"rotation": {"angle": -22.5, "axis": "z", "origin": [8, 8.50117, 7.275]},
			"faces": {
				"up": {"uv": [9.9556, 16, 9.5, 11.2], "texture": "#0"},
				"down": {"uv": [9.9556, 11.2, 9.5, 16], "texture": "#0"}
			}
		},
		{
			"from": [7.8625, 8.44422, 6.625],
			"to": [8.1375, 8.55812, 7.825],
			"rotation": {"angle": 22.5, "axis": "z", "origin": [8, 8.50117, 7.275]},
			"faces": {
				"east": {"uv": [9.5, 10.5, 14.3, 10.9556], "texture": "#0"},
				"west": {"uv": [3.5, 9.5, 8.3, 9.9556], "texture": "#0"}
			}
		},
		{
			"from": [7.94305, 8.36367, 6.625],
			"to": [8.05695, 8.63867, 7.825],
			"rotation": {"angle": 22.5, "axis": "z", "origin": [8, 8.50117, 7.275]},
			"faces": {
				"up": {"uv": [8.9556, 13.3, 8.5, 8.5], "texture": "#0"},
				"down": {"uv": [4.9556, 9.5, 4.5, 14.3], "texture": "#0"}
			}
		},
		{
			"from": [7.8625, 8.44422, 6.625],
			"to": [8.1375, 8.55812, 7.825],
			"rotation": {"angle": -22.5, "axis": "z", "origin": [8, 8.50117, 7.275]},
			"faces": {
				"east": {"uv": [7.5, 8.5, 12.3, 8.9556], "texture": "#0"},
				"west": {"uv": [8.5, 15.5, 13.3, 15.9556], "texture": "#0"}
			}
		},
		{
			"from": [7.8625, 7.49422, 6.775],
			"to": [8.1375, 7.60812, 7.825],
			"rotation": {"angle": 22.5, "axis": "z", "origin": [8.00001, 7.55117, 6.63125]},
			"faces": {
				"north": {"uv": [5.5, 10.5, 6.6, 10.9556], "texture": "#0"},
				"east": {"uv": [3.5, 8.5, 7.7, 8.9556], "texture": "#0"},
				"west": {"uv": [8.5, 11.5, 12.7, 11.9556], "texture": "#0"}
			}
		},
		{
			"from": [7.9534, 7.625, 7.31573],
			"to": [8.0466, 8.42735, 7.54073],
			"rotation": {"angle": 0, "axis": "y", "origin": [8, 8.02617, 7.42823]},
			"faces": {
				"north": {"uv": [12.6, 4, 12.9728, 7.20938], "texture": "#0"},
				"south": {"uv": [12.2272, 4, 12.6, 7.20938], "texture": "#0"}
			}
		},
		{
			"from": [7.8875, 7.12957, 5.8],
			"to": [8.1125, 7.22277, 6.1533],
			"rotation": {"angle": 45, "axis": "z", "origin": [8, 7.17617, 5.97823]},
			"faces": {
				"east": {"uv": [2.4132, 10.5, 1, 10.8728], "texture": "#0"},
				"south": {"uv": [11.5, 14.5, 12.4, 14.8728], "texture": "#0"},
				"west": {"uv": [1, 11.5, 2.4132, 11.8728], "texture": "#0"}
			}
		},
		{
			"from": [7.8875, 7.12957, 5.8],
			"to": [8.1125, 7.22277, 6.1543],
			"rotation": {"angle": 0, "axis": "z", "origin": [8, 7.17617, 5.97823]},
			"faces": {
				"east": {"uv": [2.4172, 8.5, 1, 8.8728], "texture": "#0"},
				"south": {"uv": [14.5, 9.5, 15.4, 9.8728], "texture": "#0"},
				"west": {"uv": [1, 8.5, 2.4172, 8.8728], "texture": "#0"}
			}
		},
		{
			"from": [7.9534, 7.06367, 5.8],
			"to": [8.0466, 7.28867, 6.15235],
			"rotation": {"angle": 0, "axis": "z", "origin": [8, 7.17617, 5.97823]},
			"faces": {
				"south": {"uv": [14.5, 15.1, 14.8728, 16], "texture": "#0"},
				"up": {"uv": [1, 8.8728, 2.40938, 8.5], "rotation": 90, "texture": "#0"},
				"down": {"uv": [2.40938, 8.5, 1, 8.8728], "rotation": 90, "texture": "#0"}
			}
		},
		{
			"from": [7.9534, 7.06367, 5.8],
			"to": [8.0466, 7.28867, 6.1553],
			"rotation": {"angle": 45, "axis": "z", "origin": [8, 7.17617, 5.97823]},
			"faces": {
				"south": {"uv": [4, 8.5, 4.9, 8.8728], "rotation": 90, "texture": "#0"},
				"up": {"uv": [1, 10.8728, 2.4212, 10.5], "rotation": 90, "texture": "#0"},
				"down": {"uv": [2.4212, 10.8728, 1, 10.5], "rotation": 90, "texture": "#0"}
			}
		},
		{
			"from": [7.96374, 7.94279, 5.8],
			"to": [8.03624, 8.11779, 6.15235],
			"rotation": {"angle": 0, "axis": "z", "origin": [7.99999, 8.03029, 5.92617]},
			"faces": {
				"south": {"uv": [4, 10.5, 4.7, 10.79], "rotation": 90, "texture": "#0"},
				"up": {"uv": [1, 10.59, 2.40938, 10.3], "rotation": 90, "texture": "#0"},
				"down": {"uv": [2.40938, 10.59, 1, 10.3], "rotation": 90, "texture": "#0"}
			}
		},
		{
			"from": [7.97411, 7.74485, 5.8],
			"to": [8.02591, 7.86985, 6.05235],
			"rotation": {"angle": -22.5, "axis": "z", "origin": [8.00001, 7.80735, 5.97617]},
			"faces": {
				"up": {"uv": [15.7072, 14.50938, 15.5, 13.5], "texture": "#0"},
				"down": {"uv": [6.7072, 14.99062, 6.5, 16], "texture": "#0"}
			}
		},
		{
			"from": [7.93751, 7.78145, 5.8],
			"to": [8.06251, 7.83325, 6.05235],
			"rotation": {"angle": 22.5, "axis": "z", "origin": [8.00001, 7.80735, 5.97617]},
			"faces": {
				"east": {"uv": [14.99062, 14.5, 16, 14.7072], "texture": "#0"},
				"west": {"uv": [7.5, 15.5, 8.50938, 15.7072], "texture": "#0"}
			}
		},
		{
			"from": [7.93751, 7.78145, 5.8],
			"to": [8.06251, 7.83325, 6.05235],
			"rotation": {"angle": -22.5, "axis": "z", "origin": [8.00001, 7.80735, 5.97617]},
			"faces": {
				"east": {"uv": [14.99062, 8.5, 16, 8.7072], "texture": "#0"},
				"west": {"uv": [9.5, 15.5, 10.50938, 15.7072], "texture": "#0"}
			}
		},
		{
			"from": [7.97411, 7.74485, 5.8],
			"to": [8.02591, 7.86985, 6.05235],
			"rotation": {"angle": 22.5, "axis": "z", "origin": [8.00001, 7.80735, 5.97617]},
			"faces": {
				"up": {"uv": [15.7072, 16, 15.5, 14.99062], "texture": "#0"},
				"down": {"uv": [8.7072, 14.99062, 8.5, 16], "texture": "#0"}
			}
		},
		{
			"from": [7.91249, 7.99404, 5.8],
			"to": [8.08749, 8.06654, 6.1533],
			"rotation": {"angle": 45, "axis": "z", "origin": [7.99999, 8.03029, 5.92617]},
			"faces": {
				"east": {"uv": [2.4132, 9.3, 1, 9.59], "texture": "#0"},
				"south": {"uv": [4, 10.5, 4.7, 10.79], "texture": "#0"},
				"west": {"uv": [1, 9.3, 2.4132, 9.59], "texture": "#0"}
			}
		},
		{
			"from": [7.91249, 7.99404, 5.8],
			"to": [8.08749, 8.06654, 6.1543],
			"rotation": {"angle": 0, "axis": "z", "origin": [7.99999, 8.03029, 5.92617]},
			"faces": {
				"east": {"uv": [2.4172, 11.51, 1, 11.8], "texture": "#0"},
				"south": {"uv": [4.8, 9.6272, 5.5, 9.9172], "texture": "#0"},
				"west": {"uv": [1, 11.3, 2.4172, 11.59], "texture": "#0"}
			}
		},
		{
			"from": [7.96374, 7.94279, 5.8],
			"to": [8.03624, 8.11779, 6.1553],
			"rotation": {"angle": 45, "axis": "z", "origin": [7.99999, 8.03029, 5.92617]},
			"faces": {
				"south": {"uv": [7.5, 10.5, 8.2, 10.79], "rotation": 90, "texture": "#0"},
				"up": {"uv": [1, 8.8688, 2.4212, 8.5788], "rotation": 90, "texture": "#0"},
				"down": {"uv": [2.4212, 8.7172, 1, 8.4272], "rotation": 90, "texture": "#0"}
			}
		},
		{
			"from": [7.8875, 7.625, 7.38163],
			"to": [8.1125, 8.42735, 7.47483],
			"rotation": {"angle": 45, "axis": "y", "origin": [8, 8.02617, 7.42823]},
			"faces": {
				"east": {"uv": [12.6, 4, 12.9728, 7.20938], "texture": "#0"},
				"west": {"uv": [13.2272, 4, 13.6, 7.20938], "texture": "#0"}
			}
		},
		{
			"from": [7.8875, 7.625, 7.38163],
			"to": [8.1125, 8.42735, 7.47483],
			"rotation": {"angle": 0, "axis": "y", "origin": [8, 8.02617, 7.42823]},
			"faces": {
				"east": {"uv": [14.6, 4, 14.9728, 7.20938], "texture": "#0"},
				"west": {"uv": [15.2272, 4, 15.6, 7.20938], "texture": "#0"}
			}
		},
		{
			"from": [7.9534, 7.625, 7.31573],
			"to": [8.0466, 8.42735, 7.54073],
			"rotation": {"angle": 45, "axis": "y", "origin": [8, 8.02617, 7.42823]},
			"faces": {
				"north": {"uv": [14.6, 4, 14.9728, 7.20938], "texture": "#0"},
				"south": {"uv": [14.2272, 4, 14.6, 7.20938], "texture": "#0"}
			}
		},
		{
			"from": [7.8625, 7.49422, 6.775],
			"to": [8.1375, 7.60812, 7.825],
			"rotation": {"angle": -22.5, "axis": "z", "origin": [8.00001, 7.55117, 6.63125]},
			"faces": {
				"north": {"uv": [10.5, 11.5, 11.6, 11.9556], "texture": "#0"},
				"east": {"uv": [6.5, 8.5, 10.7, 8.9556], "texture": "#0"},
				"west": {"uv": [8.5, 14.5, 12.7, 14.9556], "texture": "#0"}
			}
		},
		{
			"from": [7.94305, 7.41367, 5.8],
			"to": [8.05695, 7.68867, 6.125],
			"rotation": {"angle": 22.5, "axis": "z", "origin": [8.00001, 7.55117, 6.63125]},
			"faces": {
				"up": {"uv": [10.9556, 11.8, 10.5, 10.5], "texture": "#0"},
				"down": {"uv": [4.9556, 11.5, 4.5, 12.8], "texture": "#0"}
			}
		},
		{
			"from": [7.94305, 7.41367, 5.8],
			"to": [8.05695, 7.68867, 6.125],
			"rotation": {"angle": -22.5, "axis": "z", "origin": [8.00001, 7.55117, 6.63125]},
			"faces": {
				"up": {"uv": [9.9556, 11.8, 9.5, 10.5], "texture": "#0"},
				"down": {"uv": [10.9556, 9.5, 10.5, 10.8], "texture": "#0"}
			}
		},
		{
			"from": [7.8625, 7.49422, 5.8],
			"to": [8.1375, 7.60812, 6.125],
			"rotation": {"angle": 22.5, "axis": "z", "origin": [8.00001, 7.55117, 6.63125]},
			"faces": {
				"east": {"uv": [10.5, 15.5, 11.8, 15.9556], "texture": "#0"},
				"south": {"uv": [8.5, 10.5, 9.6, 10.9556], "texture": "#0"},
				"west": {"uv": [10.5, 8.5, 11.8, 8.9556], "texture": "#0"}
			}
		},
		{
			"from": [7.8625, 7.49422, 5.8],
			"to": [8.1375, 7.60812, 6.125],
			"rotation": {"angle": -22.5, "axis": "z", "origin": [8.00001, 7.55117, 6.63125]},
			"faces": {
				"east": {"uv": [6.5, 10.5, 7.8, 10.9556], "texture": "#0"},
				"south": {"uv": [10.5, 14.5, 11.6, 14.9556], "texture": "#0"},
				"west": {"uv": [7.5, 8.5, 8.8, 8.9556], "texture": "#0"}
			}
		},
		{
			"from": [7.94305, 7.41367, 6.775],
			"to": [8.05695, 7.68867, 7.825],
			"rotation": {"angle": 22.5, "axis": "z", "origin": [8.00001, 7.55117, 6.63125]},
			"faces": {
				"up": {"uv": [8.9556, 16, 8.5, 11.8], "texture": "#0"},
				"down": {"uv": [8.9556, 11.8, 8.5, 16], "texture": "#0"}
			}
		}
	],
	"display": {
		"thirdperson_righthand": {
			"rotation": [62.2, 14.75, 160.61],
			"translation": [-0.75, -0.25, 0]
		},
		"thirdperson_lefthand": {
			"rotation": [62.2, 14.75, 160.61],
			"translation": [-0.75, -0.25, 0]
		},
		"firstperson_righthand": {
			"rotation": [62.2, 14.75, 160.61],
			"translation": [-5.75, 5.25, 6.75]
		},
		"firstperson_lefthand": {
			"rotation": [62.2, 14.75, 160.61],
			"translation": [-5.75, 5.25, 6.75]
		},
		"ground": {
			"rotation": [0, 0, 90],
			"translation": [0, -3, 0]
		},
		"gui": {
			"rotation": [-140.51, 60.04, 104.66],
			"translation": [-0.75, -0.75, 0],
			"scale": [2.5, 2.5, 2.5]
		}
	}
}