{
	"format_version": "1.9.0",
	"credit": "Made with Blockbench",
	"texture_size": [4, 4],
	"textures": {
		"0": "f_model/scrissors",
		"particle": "f_model/scrissors"
	},
	"elements": [
		{
			"from": [8.98206, 7.7009, 7.95],
			"to": [9.92284, 7.81779, 8.05],
			"rotation": {"angle": 0, "axis": "y", "origin": [7.00706, 6.9009, 7]},
			"faces": {
				"north": {"uv": [8.7, 8.8, 12.46312, 9.26756], "texture": "#0"},
				"south": {"uv": [8.7, 11.6, 12.46312, 12.06756], "texture": "#0"},
				"up": {"uv": [13.86312, 10.8, 10.1, 10.4], "texture": "#0"},
				"down": {"uv": [12.46312, 12.6, 8.7, 13], "texture": "#0"}
			}
		},
		{
			"from": [9.10478, 8.32756, 7.951],
			"to": [9.40478, 8.42756, 8.051],
			"rotation": {"angle": 22.5, "axis": "z", "origin": [7.96364, 8.03131, 7.99375]},
			"faces": {
				"north": {"uv": [8.44882, 12.23244, 9.64882, 12.63244], "texture": "#0"},
				"south": {"uv": [12.24882, 15.23244, 13.44882, 15.63244], "texture": "#0"},
				"up": {"uv": [9.44882, 12.63244, 8.24882, 12.23244], "texture": "#0"},
				"down": {"uv": [11.44882, 10.23244, 10.24882, 10.63244], "texture": "#0"}
			}
		},
		{
			"from": [8.78246, 8.26221, 7.949],
			"to": [9.10746, 8.36221, 8.049],
			"rotation": {"angle": 0, "axis": "y", "origin": [7.96364, 8.03131, 7.99375]},
			"faces": {
				"north": {"uv": [10.24882, 12.23244, 11.54882, 12.63244], "texture": "#0"},
				"south": {"uv": [13.24882, 14.23244, 14.54882, 14.63244], "texture": "#0"},
				"up": {"uv": [11.54882, 13.63244, 10.24882, 13.23244], "texture": "#0"}
			}
		},
		{
			"from": [9.79218, 7.89106, 7.95],
			"to": [9.91718, 8.09106, 8.05],
			"rotation": {"angle": 22.5, "axis": "z", "origin": [7.96364, 8.03131, 7.99375]},
			"faces": {
				"north": {"uv": [9.24882, 12.23244, 9.74882, 13.03244], "texture": "#0"},
				"east": {"uv": [14.24882, 11.23244, 14.64882, 12.03244], "texture": "#0"},
				"south": {"uv": [8.24882, 10.23244, 8.74882, 11.03244], "texture": "#0"},
				"west": {"uv": [14.24882, 12.23244, 14.64882, 13.03244], "texture": "#0"}
			}
		},
		{
			"from": [9.00275, 9.35492, 7.951],
			"to": [9.30275, 9.45492, 8.051],
			"rotation": {"angle": -22.5, "axis": "z", "origin": [7.96364, 8.03131, 7.99375]},
			"faces": {
				"north": {"uv": [14.44882, 10.23244, 15.64882, 10.63244], "texture": "#0"},
				"south": {"uv": [14.24882, 9.23244, 15.44882, 9.63244], "texture": "#0"},
				"up": {"uv": [15.44882, 10.63244, 14.24882, 10.23244], "texture": "#0"},
				"down": {"uv": [15.44882, 10.23244, 14.24882, 10.63244], "texture": "#0"}
			}
		},
		{
			"from": [9.29417, 9.1885, 7.951],
			"to": [9.44417, 9.3135, 8.051],
			"rotation": {"angle": -22.5, "axis": "z", "origin": [7.96364, 8.03131, 7.99375]},
			"faces": {
				"north": {"uv": [11.24882, 8.23244, 11.84882, 8.73244], "texture": "#0"},
				"east": {"uv": [11.24882, 9.23244, 11.64882, 9.73244], "texture": "#0"},
				"south": {"uv": [12.24882, 10.23244, 12.84882, 10.73244], "texture": "#0"},
				"west": {"uv": [14.24882, 8.23244, 14.64882, 8.73244], "texture": "#0"}
			}
		},
		{
			"from": [8.1616, 8.02713, 7.951],
			"to": [8.8116, 8.46902, 8.051],
			"rotation": {"angle": 22.5, "axis": "z", "origin": [8.48967, 8.33562, 8]},
			"faces": {
				"north": {"uv": [6.74882, 9.23244, 4.14882, 11], "texture": "#0"},
				"east": {"uv": [12.24882, 12.23244, 12.64882, 14], "texture": "#0"},
				"south": {"uv": [4.14882, 9.23244, 6.74882, 11], "texture": "#0"},
				"down": {"uv": [12.84882, 15.23244, 10.24882, 15.63244], "texture": "#0"}
			}
		},
		{
			"from": [8.24781, 7.51659, 7.95],
			"to": [8.94995, 7.66223, 8.05],
			"rotation": {"angle": -22.5, "axis": "z", "origin": [8.68333, 7.52777, 8.0015]},
			"faces": {
				"north": {"uv": [10.24882, 12.81497, 13.05735, 12.23244], "texture": "#0"},
				"south": {"uv": [13.19147, 14.81497, 16, 14.23244], "texture": "#0"},
				"west": {"uv": [7.24882, 14.81497, 7.64882, 14.23244], "texture": "#0"},
				"down": {"uv": [16, 15.23244, 13.19147, 15.63244], "texture": "#0"}
			}
		},
		{
			"from": [8.33242, 7.37677, 7.951],
			"to": [8.98242, 7.81866, 8.051],
			"rotation": {"angle": 0, "axis": "z", "origin": [8.68333, 7.52777, 8.0015]},
			"faces": {
				"north": {"uv": [6.74882, 11, 4.14882, 9.23244], "texture": "#0"},
				"east": {"uv": [12.24882, 14, 12.64882, 12.23244], "texture": "#0"},
				"south": {"uv": [4.14882, 11, 6.74882, 9.23244], "texture": "#0"},
				"up": {"uv": [12.84882, 15.63244, 10.24882, 15.23244], "texture": "#0"}
			}
		},
		{
			"from": [8.24781, 7.41565, 7.95],
			"to": [9.28774, 7.51659, 8.05],
			"rotation": {"angle": -22.5, "axis": "z", "origin": [8.68333, 7.52777, 8.0015]},
			"faces": {
				"north": {"uv": [11.84029, 12.6362, 16, 12.23244], "texture": "#0"},
				"south": {"uv": [11.84029, 10.6362, 16, 10.23244], "texture": "#0"},
				"west": {"uv": [8, 10.50376, 8.4, 10.1], "texture": "#0"},
				"up": {"uv": [16, 11.63244, 11.84029, 11.23244], "texture": "#0"},
				"down": {"uv": [13.40853, 14.23244, 9.24882, 14.63244], "texture": "#0"}
			}
		},
		{
			"from": [8.06852, 8.32179, 7.95],
			"to": [9.10844, 8.42273, 8.05],
			"rotation": {"angle": 45, "axis": "z", "origin": [8.48967, 8.33562, 8]},
			"faces": {
				"north": {"uv": [6.24882, 10.23244, 10.40853, 10.6362], "texture": "#0"},
				"south": {"uv": [11.84029, 10.23244, 16, 10.6362], "texture": "#0"},
				"west": {"uv": [8, 10.1, 8.4, 10.50376], "texture": "#0"},
				"up": {"uv": [13.40853, 10.63244, 9.24882, 10.23244], "texture": "#0"},
				"down": {"uv": [16, 11.23244, 11.84029, 11.63244], "texture": "#0"}
			}
		},
		{
			"from": [8.06852, 8.17616, 7.95],
			"to": [8.77065, 8.32179, 8.05],
			"rotation": {"angle": 45, "axis": "z", "origin": [8.48967, 8.33562, 8]},
			"faces": {
				"north": {"uv": [4.24882, 10.23244, 7.05735, 10.81497], "texture": "#0"},
				"south": {"uv": [13.19147, 14.23244, 16, 14.81497], "texture": "#0"},
				"west": {"uv": [7.24882, 14.23244, 7.64882, 14.81497], "texture": "#0"},
				"up": {"uv": [16, 15.63244, 13.19147, 15.23244], "texture": "#0"}
			}
		},
		{
			"from": [9.14344, 8.8489, 7.95],
			"to": [9.46844, 8.9489, 8.05],
			"rotation": {"angle": 0, "axis": "y", "origin": [7.96364, 8.03131, 7.99375]},
			"faces": {
				"north": {"uv": [12.44882, 14.23244, 13.74882, 14.63244], "texture": "#0"},
				"south": {"uv": [7.24882, 11.23244, 8.54882, 11.63244], "texture": "#0"},
				"up": {"uv": [12.54882, 15.63244, 11.24882, 15.23244], "texture": "#0"},
				"down": {"uv": [9.54882, 11.23244, 8.24882, 11.63244], "texture": "#0"}
			}
		},
		{
			"from": [8.88801, 7.80267, 7.95],
			"to": [9.82879, 7.91956, 8.05],
			"rotation": {"angle": 22.5, "axis": "z", "origin": [7.96364, 8.03131, 7.99375]},
			"faces": {
				"north": {"uv": [8.24882, 12.23244, 12.01194, 12.7], "texture": "#0"},
				"south": {"uv": [10.24882, 10.23244, 14.01194, 10.7], "texture": "#0"},
				"up": {"uv": [13.01194, 12.63244, 9.24882, 12.23244], "texture": "#0"},
				"down": {"uv": [14.01194, 11.23244, 10.24882, 11.63244], "texture": "#0"}
			}
		},
		{
			"from": [9.26301, 7.75267, 7.975],
			"to": [9.41301, 7.80267, 8.025],
			"rotation": {"angle": 22.5, "axis": "z", "origin": [7.96364, 8.03131, 7.99375]},
			"faces": {
				"north": {"uv": [13.24882, 15.23244, 13.84882, 15.43244], "texture": "#0"},
				"east": {"uv": [8.24882, 13.23244, 8.44882, 13.43244], "texture": "#0"},
				"south": {"uv": [11.24882, 10.23244, 11.84882, 10.43244], "texture": "#0"},
				"west": {"uv": [9.24882, 13.23244, 9.44882, 13.43244], "texture": "#0"},
				"down": {"uv": [11.84882, 11.23244, 11.24882, 11.43244], "texture": "#0"}
			}
		},
		{
			"from": [9.67149, 8.91098, 7.951],
			"to": [9.79649, 9.06098, 8.051],
			"rotation": {"angle": -45, "axis": "z", "origin": [8.29649, 8.13598, 7]},
			"faces": {
				"north": {"uv": [8.9, 14.4, 9.4, 15], "texture": "#0"},
				"south": {"uv": [10.7, 10.6, 11.2, 11.2], "texture": "#0"},
				"up": {"uv": [11.2, 13.4, 10.7, 13], "texture": "#0"},
				"down": {"uv": [12.2, 10.6, 11.7, 11], "texture": "#0"}
			}
		},
		{
			"from": [9.88623, 7.5294, 7.95],
			"to": [10.01123, 7.7294, 8.05],
			"rotation": {"angle": 0, "axis": "y", "origin": [9.08623, 9.0544, 7]},
			"faces": {
				"north": {"uv": [8.7, 8.2, 9.2, 9], "texture": "#0"},
				"east": {"uv": [10.7, 11.6, 11.1, 12.4], "texture": "#0"},
				"south": {"uv": [8.9, 13.4, 9.4, 14.2], "texture": "#0"},
				"west": {"uv": [10.7, 12.6, 11.1, 13.4], "texture": "#0"}
			}
		},
		{
			"from": [9.19883, 7.19289, 7.951],
			"to": [9.49883, 7.29289, 8.051],
			"rotation": {"angle": 0, "axis": "y", "origin": [7.67383, 6.41789, 7]},
			"faces": {
				"north": {"uv": [10.3, 11.2, 11.5, 11.6], "texture": "#0"},
				"south": {"uv": [10.5, 12.6, 11.7, 13], "texture": "#0"},
				"up": {"uv": [12.9, 13, 11.7, 12.6], "texture": "#0"},
				"down": {"uv": [11.9, 12.6, 10.7, 13], "texture": "#0"}
			}
		},
		{
			"from": [9.9115, 6.66829, 7.95],
			"to": [10.2365, 6.76829, 8.05],
			"rotation": {"angle": 22.5, "axis": "z", "origin": [8.3865, 5.89329, 7]},
			"faces": {
				"north": {"uv": [8.7, 9.6, 10, 10], "texture": "#0"},
				"south": {"uv": [8.7, 10.6, 10, 11], "texture": "#0"},
				"up": {"uv": [11, 12, 9.7, 11.6], "texture": "#0"},
				"down": {"uv": [11, 10.6, 9.7, 11], "texture": "#0"}
			}
		},
		{
			"from": [9.35537, 7.06262, 7.949],
			"to": [9.68037, 7.16262, 8.049],
			"rotation": {"angle": 22.5, "axis": "z", "origin": [7.80537, 6.28762, 7]},
			"faces": {
				"north": {"uv": [10.3, 15.6, 11.6, 16], "texture": "#0"},
				"south": {"uv": [14.7, 8.6, 16, 9], "texture": "#0"},
				"down": {"uv": [12, 15.6, 10.7, 16], "texture": "#0"}
			}
		},
		{
			"from": [10.79376, 6.46592, 7.951],
			"to": [11.09376, 6.56592, 8.051],
			"rotation": {"angle": 45, "axis": "z", "origin": [9.26876, 5.69092, 7]},
			"faces": {
				"north": {"uv": [9.7, 14.6, 10.9, 15], "texture": "#0"},
				"south": {"uv": [8.7, 10.6, 9.9, 11], "texture": "#0"},
				"up": {"uv": [10.9, 10, 9.7, 9.6], "texture": "#0"},
				"down": {"uv": [10.9, 10.6, 9.7, 11], "texture": "#0"}
			}
		},
		{
			"from": [6.24477, 7.61514, 7.999],
			"to": [8.34477, 7.81514, 8.049],
			"rotation": {"angle": 0, "axis": "y", "origin": [3.99477, 6.89014, 7]},
			"faces": {
				"north": {"uv": [0, 0, 8.4, 0.8], "texture": "#0"},
				"south": {"uv": [0, 1, 8.4, 1.8], "texture": "#0"},
				"up": {"uv": [8.4, 2.2, 0, 2], "texture": "#0"},
				"down": {"uv": [8.4, 0, 0, 0.2], "texture": "#0"}
			}
		},
		{
			"from": [5.99862, 7.61514, 7.999],
			"to": [6.24477, 7.71319, 8.049],
			"rotation": {"angle": 0, "axis": "y", "origin": [6.18222, 7.98375, 7.999]},
			"faces": {
				"north": {"uv": [0, 2, 0.9846, 2.3922], "texture": "#0"},
				"south": {"uv": [7, 0, 7.9846, 0.3922], "texture": "#0"},
				"west": {"uv": [1, 2, 1.2, 2.3922], "texture": "#0"},
				"down": {"uv": [7.9846, 1, 7, 1.2], "texture": "#0"}
			}
		},
		{
			"from": [6.15071, 7.80532, 7.951],
			"to": [8.25071, 8.00532, 8.001],
			"rotation": {"angle": 22.5, "axis": "z", "origin": [7.96364, 8.03131, 7.99375]},
			"faces": {
				"north": {"uv": [0, 3, 8.4, 3.8], "texture": "#0"},
				"south": {"uv": [0, 2, 8.4, 2.8], "texture": "#0"},
				"up": {"uv": [8.4, 3.2, 0, 3], "texture": "#0"},
				"down": {"uv": [8.4, 3, 0, 3.2], "texture": "#0"}
			}
		},
		{
			"from": [7.48797, 7.66862, 8.051],
			"to": [7.58797, 7.76862, 8.076],
			"rotation": {"angle": 45, "axis": "z", "origin": [7.53797, 7.71862, 8.0635]},
			"faces": {
				"east": {"uv": [10.4, 1.4, 10.5, 1.8], "texture": "#0"},
				"south": {"uv": [11.4, 0.4, 11.8, 0.8], "texture": "#0"},
				"west": {"uv": [11.4, 1.4, 11.5, 1.8], "texture": "#0"},
				"up": {"uv": [10.8, 0.5, 10.4, 0.4], "texture": "#0"},
				"down": {"uv": [10.6, 0.2, 10.2, 0.3], "texture": "#0"}
			}
		},
		{
			"from": [7.51297, 7.69362, 7.924],
			"to": [7.56297, 7.74362, 7.949],
			"rotation": {"angle": 45, "axis": "z", "origin": [7.53797, 7.71862, 7.9365]},
			"faces": {
				"north": {"uv": [11.2, 0.6, 11, 0.8], "texture": "#0"},
				"east": {"uv": [10.7, 1, 10.6, 1.2], "texture": "#0"},
				"west": {"uv": [11.1, 1, 11, 1.2], "texture": "#0"},
				"up": {"uv": [11.4, 1.2, 11.2, 1.3], "texture": "#0"},
				"down": {"uv": [11, 1.1, 10.8, 1], "texture": "#0"}
			}
		},
		{
			"from": [5.90906, 7.70404, 8],
			"to": [6.17548, 7.80404, 8.05],
			"rotation": {"angle": 22.5, "axis": "z", "origin": [6.18222, 7.98375, 7.999]},
			"faces": {
				"north": {"uv": [7, 1, 8.06568, 1.4], "texture": "#0"},
				"south": {"uv": [2.91568, 1.2, 1.85, 1.6], "texture": "#0"},
				"up": {"uv": [7.06568, 1.2, 6, 1], "texture": "#0"}
			}
		},
		{
			"from": [6.19745, 7.22175, 7.951],
			"to": [6.4436, 7.3198, 8.001],
			"rotation": {"angle": 22.5, "axis": "z", "origin": [6.38691, 6.95235, 8.001]},
			"faces": {
				"north": {"uv": [7, 1, 7.9846, 1.3922], "texture": "#0"},
				"south": {"uv": [4, 2, 4.9846, 2.3922], "texture": "#0"},
				"west": {"uv": [7, 2, 7.2, 2.3922], "texture": "#0"},
				"up": {"uv": [5.9846, 2.2, 5, 2], "texture": "#0"}
			}
		},
		{
			"from": [6.10878, 7.12874, 7.95],
			"to": [6.3752, 7.22874, 8],
			"rotation": {"angle": 0, "axis": "y", "origin": [6.38691, 6.95235, 8.001]},
			"faces": {
				"north": {"uv": [7.15, 1.1, 7.55, 2.16568], "rotation": 90, "texture": "#0"},
				"south": {"uv": [7, 2, 8.06568, 2.4], "texture": "#0"},
				"down": {"uv": [4.06568, 2, 3, 2.2], "texture": "#0"}
			}
		}
	],
	"display": {
		"thirdperson_righthand": {
			"rotation": [-5.45, -63.66, -75.75],
			"translation": [-1, 0.75, 0]
		},
		"thirdperson_lefthand": {
			"rotation": [-5.45, -63.66, 104.25],
			"translation": [-1, 0.75, 0]
		},
		"firstperson_righthand": {
			"rotation": [-5.45, -63.66, -75.75],
			"translation": [-6.75, 6.5, 7.5]
		},
		"firstperson_lefthand": {
			"rotation": [-5.45, -63.66, 104.25],
			"translation": [-6.75, 6.5, 7.5]
		},
		"ground": {
			"rotation": [90, 0, 0],
			"translation": [0, -3.5, 0]
		},
		"gui": {
			"rotation": [-27.5, 13.1, -42.09],
			"translation": [0.25, 0, 0],
			"scale": [4, 4, 4]
		}
	}
}