{
	"format_version": "1.21.6",
	"credit": "Made with Blockbench",
	"texture_size": [4, 4],
	"textures": {
		"0": "f_model/thread",
		"particle": "f_model/thread"
	},
	"elements": [
		{
			"from": [7.8344, 6.004, 7.6002],
			"to": [8.1656, 10.004, 7.7002],
			"rotation": {"angle": -22.5, "axis": "y", "origin": [8, 8.002, 8]},
			"faces": {
				"north": {"uv": [8, 12, 8.3312, 16], "texture": "#0"},
				"south": {"uv": [8, 12, 8.3312, 16], "texture": "#0"},
				"up": {"uv": [10.3312, 15.5376, 10, 15.4376], "texture": "#0"},
				"down": {"uv": [0.3312, 13.6688, 0, 13.7688], "texture": "#0"}
			}
		},
		{
			"from": [7.8012, 6.404, 8.33996],
			"to": [8.1988, 9.604, 8.47996],
			"rotation": {"angle": 45, "axis": "y", "origin": [8, 8.002, 8]},
			"faces": {
				"south": {"uv": [6, 1.2, 6.3976, 4.4], "texture": "#0"},
				"up": {"uv": [4.3976, 0.14, 4, 0], "texture": "#0"},
				"down": {"uv": [12.3976, 5.4, 12, 5.54], "texture": "#0"}
			}
		},
		{
			"from": [7.8012, 6.4, 8.33996],
			"to": [8.1988, 9.6, 8.47996],
			"rotation": {"angle": 0, "axis": "y", "origin": [8, 8.002, 8]},
			"faces": {
				"south": {"uv": [4, 1.4, 4.3976, 4.6], "texture": "#0"},
				"up": {"uv": [10.3976, 0.14, 10, 0], "texture": "#0"},
				"down": {"uv": [16, 5.4, 15.6024, 5.54], "texture": "#0"}
			}
		},
		{
			"from": [7.52004, 6.404, 7.8012],
			"to": [7.66004, 9.604, 8.1988],
			"rotation": {"angle": 45, "axis": "y", "origin": [8, 8.002, 8]},
			"faces": {
				"west": {"uv": [2, 1.6, 2.3976, 4.8], "texture": "#0"},
				"up": {"uv": [8.14, 0.3976, 8, 0], "texture": "#0"},
				"down": {"uv": [15.7424, 5.4, 15.6024, 5.7976], "texture": "#0"}
			}
		},
		{
			"from": [7.8012, 6.404, 7.52004],
			"to": [8.1988, 9.604, 7.66004],
			"rotation": {"angle": 45, "axis": "y", "origin": [8, 8.002, 8]},
			"faces": {
				"north": {"uv": [14, 1.6, 14.3976, 4.8], "texture": "#0"},
				"up": {"uv": [14.3976, 0.14, 14, 0], "texture": "#0"},
				"down": {"uv": [6.3976, 5.4, 6, 5.54], "texture": "#0"}
			}
		},
		{
			"from": [7.52004, 6.4, 7.8012],
			"to": [7.66004, 9.6, 8.1988],
			"rotation": {"angle": 0, "axis": "y", "origin": [8, 8.002, 8]},
			"faces": {
				"west": {"uv": [0, 1.8, 0.3976, 5], "texture": "#0"},
				"up": {"uv": [14.14, 0.3976, 14, 0], "texture": "#0"},
				"down": {"uv": [4.14, 5.4, 4, 5.7976], "texture": "#0"}
			}
		},
		{
			"from": [7.8012, 6.4, 7.52004],
			"to": [8.1988, 9.6, 7.66004],
			"rotation": {"angle": 0, "axis": "y", "origin": [8, 8.002, 8]},
			"faces": {
				"north": {"uv": [12, 1.4, 12.3976, 4.6], "texture": "#0"},
				"up": {"uv": [14.3976, 0.14, 14, 0], "texture": "#0"},
				"down": {"uv": [2.3976, 5.4, 2, 5.54], "texture": "#0"}
			}
		},
		{
			"from": [8.33996, 6.404, 7.8012],
			"to": [8.47996, 9.604, 8.1988],
			"rotation": {"angle": 45, "axis": "y", "origin": [8, 8.002, 8]},
			"faces": {
				"east": {"uv": [10, 1.2, 10.3976, 4.4], "texture": "#0"},
				"up": {"uv": [12.14, 0.3976, 12, 0], "texture": "#0"},
				"down": {"uv": [0.14, 5.4, 0, 5.7976], "texture": "#0"}
			}
		},
		{
			"from": [8.33996, 6.4, 7.8012],
			"to": [8.47996, 9.6, 8.1988],
			"rotation": {"angle": 0, "axis": "y", "origin": [8, 8.002, 8]},
			"faces": {
				"east": {"uv": [8, 1, 8.3976, 4.2], "texture": "#0"},
				"up": {"uv": [6.14, 0.3976, 6, 0], "texture": "#0"},
				"down": {"uv": [10.14, 5.4, 10, 5.7976], "texture": "#0"}
			}
		},
		{
			"from": [7.8344, 6, 7.6002],
			"to": [8.1656, 10, 7.7002],
			"rotation": {"angle": 22.5, "axis": "y", "origin": [8, 8.002, 8]},
			"faces": {
				"north": {"uv": [12, 12, 12.3312, 16], "texture": "#0"},
				"south": {"uv": [8, 12, 8.3312, 16], "texture": "#0"},
				"up": {"uv": [2.3312, 15.7688, 2, 15.6688], "texture": "#0"},
				"down": {"uv": [12.3312, 13.9, 12, 14], "texture": "#0"}
			}
		},
		{
			"from": [7.6002, 6.004, 7.8344],
			"to": [7.7002, 10.004, 8.1656],
			"rotation": {"angle": -22.5, "axis": "y", "origin": [8, 8.002, 8]},
			"faces": {
				"east": {"uv": [14, 12, 14.3312, 16], "texture": "#0"},
				"west": {"uv": [6, 12, 6.3312, 16], "texture": "#0"},
				"up": {"uv": [0.1, 16, 0, 15.6688], "texture": "#0"},
				"down": {"uv": [14.1, 15.6688, 14, 16], "texture": "#0"}
			}
		},
		{
			"from": [7.6002, 6, 7.8344],
			"to": [7.7002, 10, 8.1656],
			"rotation": {"angle": 22.5, "axis": "y", "origin": [8, 8.002, 8]},
			"faces": {
				"east": {"uv": [14, 12, 14.3312, 16], "texture": "#0"},
				"west": {"uv": [4, 12, 4.3312, 16], "texture": "#0"},
				"up": {"uv": [12.1, 15.7688, 12, 15.4376], "texture": "#0"},
				"down": {"uv": [10.1, 13.6688, 10, 14], "texture": "#0"}
			}
		},
		{
			"from": [7.8344, 6.004, 8.2998],
			"to": [8.1656, 10.004, 8.3998],
			"rotation": {"angle": -22.5, "axis": "y", "origin": [8, 8.002, 8]},
			"faces": {
				"north": {"uv": [10, 12, 10.3312, 16], "texture": "#0"},
				"south": {"uv": [0, 12, 0.3312, 16], "texture": "#0"},
				"up": {"uv": [12.3312, 13.5376, 12, 13.4376], "texture": "#0"},
				"down": {"uv": [8.3312, 13.6688, 8, 13.7688], "texture": "#0"}
			}
		},
		{
			"from": [7.8344, 6, 8.2998],
			"to": [8.1656, 10, 8.3998],
			"rotation": {"angle": 22.5, "axis": "y", "origin": [8, 8.002, 8]},
			"faces": {
				"north": {"uv": [8, 12, 8.3312, 16], "texture": "#0"},
				"south": {"uv": [12, 12, 12.3312, 16], "texture": "#0"},
				"up": {"uv": [10.3312, 16, 10, 15.9], "texture": "#0"},
				"down": {"uv": [6.3312, 13.6688, 6, 13.7688], "texture": "#0"}
			}
		},
		{
			"from": [8.2998, 6.004, 7.8344],
			"to": [8.3998, 10.004, 8.1656],
			"rotation": {"angle": -22.5, "axis": "y", "origin": [8, 8.002, 8]},
			"faces": {
				"east": {"uv": [6, 12, 6.3312, 16], "texture": "#0"},
				"west": {"uv": [12, 12, 12.3312, 16], "texture": "#0"},
				"up": {"uv": [10.1, 14.2312, 10, 13.9], "texture": "#0"},
				"down": {"uv": [4.1, 13.6688, 4, 14], "texture": "#0"}
			}
		},
		{
			"from": [8.2998, 6, 7.8344],
			"to": [8.3998, 10, 8.1656],
			"rotation": {"angle": 22.5, "axis": "y", "origin": [8, 8.002, 8]},
			"faces": {
				"east": {"uv": [10, 12, 10.3312, 16], "texture": "#0"},
				"west": {"uv": [10, 12, 10.3312, 16], "texture": "#0"},
				"up": {"uv": [12.1, 16, 12, 15.6688], "texture": "#0"},
				"down": {"uv": [2.1, 13.6688, 2, 14], "texture": "#0"}
			}
		}
	],
	"display": {
		"thirdperson_righthand": {
			"rotation": [-174.12, 39.77, 164.25],
			"translation": [-1, 0.25, 0.75],
			"scale": [0.25, 0.25, 0.25]
		},
		"thirdperson_lefthand": {
			"rotation": [-174.12, 39.77, 164.25],
			"translation": [-1, 0.25, 0.75],
			"scale": [0.25, 0.25, 0.25]
		},
		"firstperson_righthand": {
			"rotation": [-174.12, 39.77, 164.25],
			"translation": [-7, 6.25, 8.25],
			"scale": [0.25, 0.25, 0.25]
		},
		"firstperson_lefthand": {
			"rotation": [-174.12, 39.77, 164.25],
			"translation": [-7, 6.25, 8.25],
			"scale": [0.25, 0.25, 0.25]
		},
		"ground": {
			"rotation": [-90, 0, 0],
			"translation": [0, -3.25, 0],
			"scale": [0.25, 0.25, 0.25]
		},
		"gui": {
			"rotation": [35.08, -21.07, 17.58],
			"translation": [-0.25, -0.25, 0],
			"scale": [2.5, 2.5, 2.5]
		}
	}
}