{
	"format_version": "1.9.0",
	"credit": "Made with Blockbench",
	"texture_size": [4, 4],
	"textures": {
		"0": "f_model/thread",
		"particle": "f_model/thread"
	},
	"elements": [
		{
			"from": [8.5324, 8, 6.31768],
			"to": [8.5424, 8.01, 7.51768],
			"rotation": {"angle": 22.5, "axis": "y", "origin": [10.5374, 8, 4.31768]},
			"faces": {
				"east": {"uv": [0, 0, 2.4, 0.02], "texture": "#0"},
				"south": {"uv": [0, 0, 0.02, 0.02], "texture": "#0"},
				"west": {"uv": [0, 0, 2.4, 0.02], "texture": "#0"},
				"up": {"uv": [0, 2.4, 0.02, 0], "texture": "#0"},
				"down": {"uv": [0, 0, 0.02, 2.4], "texture": "#0"}
			}
		},
		{
			"from": [8.08692, 8.02, 6.41878],
			"to": [8.09692, 8.03, 7.61878],
			"rotation": {"angle": -45, "axis": "y", "origin": [6.09192, 8.02, 9.61878]},
			"faces": {
				"north": {"uv": [0, 0, 0.02, 0.02], "texture": "#0"},
				"east": {"uv": [0, 0, 2.4, 0.02], "texture": "#0"},
				"west": {"uv": [0, 0, 2.4, 0.02], "texture": "#0"},
				"up": {"uv": [0, 2.4, 0.02, 0], "texture": "#0"},
				"down": {"uv": [0, 0, 0.02, 2.4], "texture": "#0"}
			}
		},
		{
			"from": [7.6909, 8, 8.5707],
			"to": [9.0909, 8.03, 8.6307],
			"rotation": {"angle": -22.5, "axis": "y", "origin": [5.0909, 7.998, 6.5757]},
			"faces": {
				"north": {"uv": [0, 0, 2.8, 0.06], "texture": "#0"},
				"south": {"uv": [0, 1, 2.8, 1.06], "texture": "#0"},
				"up": {"uv": [3.2, 2.07, 0.4, 1.95], "texture": "#0"},
				"down": {"uv": [3.2, 1.95, 0.4, 2.07], "texture": "#0"}
			}
		},
		{
			"from": [9.39964, 7.998, 6.92888],
			"to": [9.45964, 8.028, 8.32888],
			"rotation": {"angle": 0, "axis": "y", "origin": [11.40464, 8, 4.32888]},
			"faces": {
				"east": {"uv": [2, 4, 4.8, 4.06], "texture": "#0"},
				"west": {"uv": [4, 2, 6.8, 2.06], "texture": "#0"},
				"up": {"uv": [5.8, 6.07, 3, 5.95], "rotation": 90, "texture": "#0"},
				"down": {"uv": [7.4, 3.95, 4.6, 4.07], "rotation": 90, "texture": "#0"}
			}
		},
		{
			"from": [5.98982, 7.998, 5.29684],
			"to": [6.04982, 8.028, 6.69684],
			"rotation": {"angle": 45, "axis": "y", "origin": [8.03482, 7.998, 2.69684]},
			"faces": {
				"east": {"uv": [0, 4, 2.8, 4.06], "texture": "#0"},
				"west": {"uv": [4, 0, 6.8, 0.06], "texture": "#0"},
				"up": {"uv": [3.8, 6.07, 1, 5.95], "rotation": 90, "texture": "#0"},
				"down": {"uv": [7.4, 1.95, 4.6, 2.07], "rotation": 90, "texture": "#0"}
			}
		},
		{
			"from": [10.24656, 7.998, 9.27112],
			"to": [10.30656, 8.028, 10.67112],
			"rotation": {"angle": -22.5, "axis": "y", "origin": [12.25156, 7.996, 6.67112]},
			"faces": {
				"east": {"uv": [3, 1, 5.8, 1.06], "texture": "#0"},
				"west": {"uv": [2, 3, 4.8, 3.06], "texture": "#0"},
				"up": {"uv": [5.8, 4.07, 3, 3.95], "rotation": 90, "texture": "#0"},
				"down": {"uv": [6.4, 3.95, 3.6, 4.07], "rotation": 90, "texture": "#0"}
			}
		},
		{
			"from": [7.86968, 8.002, 5.93894],
			"to": [8.46968, 8.032, 5.99894],
			"rotation": {"angle": 0, "axis": "y", "origin": [4.46968, 8, 3.98394]},
			"faces": {
				"north": {"uv": [5, 3, 6.2, 3.06], "texture": "#0"},
				"south": {"uv": [4, 5, 5.2, 5.06], "texture": "#0"},
				"up": {"uv": [6.6, 6.07, 5.4, 5.95], "texture": "#0"},
				"down": {"uv": [6.6, 5.95, 5.4, 6.07], "texture": "#0"}
			}
		},
		{
			"from": [6.50514, 8, 9.35168],
			"to": [7.63058, 8.03, 9.41168],
			"rotation": {"angle": 45, "axis": "y", "origin": [3.63058, 8, 7.35668]},
			"faces": {
				"north": {"uv": [5, 1, 7.25088, 1.06], "texture": "#0"},
				"south": {"uv": [2, 5, 4.25088, 5.06], "texture": "#0"},
				"up": {"uv": [7.25088, 4.07, 5, 3.95], "texture": "#0"},
				"down": {"uv": [5.25088, 5.95, 3, 6.07], "texture": "#0"}
			}
		},
		{
			"from": [5.69194, 8.002, 5.68212],
			"to": [5.75194, 8.032, 7.64192],
			"rotation": {"angle": -22.5, "axis": "y", "origin": [3.73694, 8, 9.68212]},
			"faces": {
				"east": {"uv": [4, 4, 7.9196, 4.06], "texture": "#0"},
				"west": {"uv": [0, 5, 3.9196, 5.06], "texture": "#0"},
				"up": {"uv": [8.9196, 2.07, 5, 1.95], "rotation": 90, "texture": "#0"},
				"down": {"uv": [4.9196, 5.95, 1, 6.07], "rotation": 90, "texture": "#0"}
			}
		},
		{
			"from": [7.4115, 7.998, 11.0964],
			"to": [8.4115, 8.028, 11.1564],
			"rotation": {"angle": 22.5, "axis": "y", "origin": [4.8115, 7.998, 9.1014]},
			"faces": {
				"north": {"uv": [2, 2, 4, 2.06], "texture": "#0"},
				"south": {"uv": [0, 3, 2, 3.06], "texture": "#0"},
				"up": {"uv": [5, 2.07, 3, 1.95], "texture": "#0"},
				"down": {"uv": [3, 3.95, 1, 4.07], "texture": "#0"}
			}
		},
		{
			"from": [5.02322, 8, 8.00644],
			"to": [5.08322, 8.03, 9.00644],
			"rotation": {"angle": 22.5, "axis": "y", "origin": [7.02822, 8, 5.00644]},
			"faces": {
				"east": {"uv": [0, 2, 2, 2.06], "texture": "#0"},
				"west": {"uv": [2, 0, 4, 0.06], "texture": "#0"},
				"up": {"uv": [3, 4.07, 1, 3.95], "rotation": 90, "texture": "#0"},
				"down": {"uv": [5, 1.95, 3, 2.07], "rotation": 90, "texture": "#0"}
			}
		}
	],
	"display": {
		"thirdperson_righthand": {
			"rotation": [-81.85, -8.45, 95.14],
			"translation": [-1, -0.75, -0.5],
			"scale": [0.5, 0.5, 0.5]
		},
		"thirdperson_lefthand": {
			"rotation": [-81.85, -8.45, 95.14],
			"translation": [-1, -0.75, -0.5],
			"scale": [0.5, 0.5, 0.5]
		},
		"firstperson_righthand": {
			"rotation": [-81.85, -8.45, 95.14],
			"translation": [-6, 5.25, 6.5],
			"scale": [0.5, 0.5, 0.5]
		},
		"firstperson_lefthand": {
			"rotation": [-81.85, -8.45, 95.14],
			"translation": [-6, 5.25, 6.5],
			"scale": [0.5, 0.5, 0.5]
		},
		"ground": {
			"translation": [0, -3.5, 0],
			"scale": [0.5, 0.5, 0.5]
		},
		"gui": {
			"rotation": [-140.26, 37.49, 28],
			"translation": [0, -0.75, 0],
			"scale": [4, 4, 4]
		}
	}
}