{
	"format_version": "1.9.0",
	"credit": "Made with Blockbench",
	"textures": {
		"0": "f_model/canned_corn",
		"particle": "f_model/canned_corn"
	},
	"elements": [
		{
			"from": [7.4201, 6.002, 6.6],
			"to": [8.5799, 8.402, 6.65],
			"rotation": {"angle": 0, "axis": "y", "origin": [8, 8, 8]},
			"faces": {
				"north": {"uv": [4.675, 11.3, 5.2549, 12.5], "texture": "#0"},
				"east": {"uv": [0, 1, 0.025, 2.2], "texture": "#0"},
				"south": {"uv": [1, 0, 1.5799, 1.2], "texture": "#0"},
				"west": {"uv": [1, 1, 1.025, 2.2], "texture": "#0"},
				"up": {"uv": [0.5799, 2.025, 0, 2], "texture": "#0"},
				"down": {"uv": [2.5799, 0, 2, 0.025], "texture": "#0"}
			}
		},
		{
			"from": [7.4201, 6, 6.6],
			"to": [8.5799, 8.4, 6.65],
			"rotation": {"angle": -45, "axis": "y", "origin": [8, 8, 8]},
			"faces": {
				"north": {"uv": [4.225, 11.3, 4.8049, 12.5], "texture": "#0"},
				"south": {"uv": [6, 0, 6.5799, 1.2], "texture": "#0"},
				"up": {"uv": [1.5799, 6.025, 1, 6], "texture": "#0"},
				"down": {"uv": [6.5799, 1, 6, 1.025], "texture": "#0"}
			}
		},
		{
			"from": [9.35, 6.002, 7.4201],
			"to": [9.4, 8.402, 8.5799],
			"rotation": {"angle": 0, "axis": "y", "origin": [8, 8, 8]},
			"faces": {
				"east": {"uv": [3.65, 11.3, 4.2299, 12.5], "texture": "#0"},
				"west": {"uv": [4, 5, 4.5799, 6.2], "texture": "#0"},
				"up": {"uv": [5.025, 4.5799, 5, 4], "texture": "#0"},
				"down": {"uv": [5.025, 5, 5, 5.5799], "texture": "#0"}
			}
		},
		{
			"from": [7.4201, 6, 9.35],
			"to": [8.5799, 8.4, 9.4],
			"rotation": {"angle": 45, "axis": "y", "origin": [8, 8, 8]},
			"faces": {
				"north": {"uv": [5, 1, 5.5799, 2.2], "texture": "#0"},
				"south": {"uv": [3.075, 11.3, 3.6549, 12.5], "texture": "#0"},
				"up": {"uv": [5.5799, 2.025, 5, 2], "texture": "#0"},
				"down": {"uv": [3.5799, 5, 3, 5.025], "texture": "#0"}
			}
		},
		{
			"from": [7.4201, 6.002, 9.35],
			"to": [8.5799, 8.402, 9.4],
			"rotation": {"angle": 0, "axis": "y", "origin": [8, 8, 8]},
			"faces": {
				"north": {"uv": [4, 4, 4.5799, 5.2], "texture": "#0"},
				"south": {"uv": [2.5, 11.3, 3.0799, 12.5], "texture": "#0"},
				"up": {"uv": [5.5799, 0.025, 5, 0], "texture": "#0"},
				"down": {"uv": [1.5799, 5, 1, 5.025], "texture": "#0"}
			}
		},
		{
			"from": [7.42228, 8.44028, 8.7759],
			"to": [8.54068, 10.64028, 8.8259],
			"rotation": {"angle": 22.5, "axis": "z", "origin": [8.01674, 9.37546, 9.1375]},
			"faces": {
				"north": {"uv": [15.175, 14.65, 14.075, 15.2092], "rotation": 270, "texture": "#0"},
				"south": {"uv": [15.175, 14.2092, 14.075, 13.65], "rotation": 90, "texture": "#0"},
				"up": {"uv": [0, 0, 0.5592, 0.025], "rotation": 180, "texture": "#0"},
				"down": {"uv": [0, 0, 0.5592, 0.025], "texture": "#0"}
			}
		},
		{
			"from": [6.98352, 8.25, 8.7838],
			"to": [9.05, 8.55, 8.8338],
			"rotation": {"angle": 0, "axis": "z", "origin": [7.66858, 9.37546, 8.85216]},
			"faces": {
				"north": {"uv": [14.225, 13.65, 14.075, 14.68324], "rotation": 270, "texture": "#0"},
				"south": {"uv": [14.225, 14.68324, 14.075, 13.65], "rotation": 90, "texture": "#0"},
				"down": {"uv": [0, 0, 1.03324, 0.025], "texture": "#0"}
			}
		},
		{
			"from": [7.4408, 6.106, 6.65],
			"to": [8.5592, 6.156, 9.35],
			"rotation": {"angle": 45, "axis": "y", "origin": [8, 6.8, 8]},
			"faces": {
				"up": {"uv": [15.425, 15.2092, 14.075, 14.65], "rotation": 90, "texture": "#0"},
				"down": {"uv": [15.425, 14.65, 14.075, 15.2092], "rotation": 90, "texture": "#0"}
			}
		},
		{
			"from": [6.65, 6.104, 7.4408],
			"to": [9.35, 6.154, 8.5592],
			"rotation": {"angle": 0, "axis": "y", "origin": [8, 6.8, 8]},
			"faces": {
				"up": {"uv": [15.425, 14.2092, 14.075, 13.65], "texture": "#0"},
				"down": {"uv": [15.425, 13.65, 14.075, 14.2092], "texture": "#0"}
			}
		},
		{
			"from": [6.65, 6.102, 7.4408],
			"to": [9.35, 6.152, 8.5592],
			"rotation": {"angle": 45, "axis": "y", "origin": [8, 6.8, 8]},
			"faces": {
				"up": {"uv": [15.425, 14.2092, 14.075, 13.65], "texture": "#0"},
				"down": {"uv": [15.425, 13.65, 14.075, 14.2092], "texture": "#0"}
			}
		},
		{
			"from": [7.4408, 6.1, 6.65],
			"to": [8.5592, 6.15, 9.35],
			"rotation": {"angle": 0, "axis": "y", "origin": [8, 6.8, 8]},
			"faces": {
				"up": {"uv": [15.425, 14.2092, 14.075, 13.65], "rotation": 90, "texture": "#0"},
				"down": {"uv": [15.425, 14.65, 14.075, 15.2092], "rotation": 90, "texture": "#0"}
			}
		},
		{
			"from": [6.41714, 8.252, 8.2486],
			"to": [6.7849, 8.302, 8.71638],
			"rotation": {"angle": 45, "axis": "y", "origin": [7.76714, 9.048, 7.76714]},
			"faces": {
				"up": {"uv": [15.14638, 14.08389, 14.9625, 13.85], "rotation": 180, "texture": "#0"},
				"down": {"uv": [15.14638, 13.85, 14.9625, 14.08389], "rotation": 180, "texture": "#0"}
			}
		},
		{
			"from": [6.40456, 8.252, 7.98602],
			"to": [6.52232, 8.302, 8.2538],
			"rotation": {"angle": 45, "axis": "y", "origin": [7.75456, 9.048, 7.75456]},
			"faces": {
				"up": {"uv": [15.04638, 13.98389, 14.9625, 13.85], "rotation": 180, "texture": "#0"},
				"down": {"uv": [15.04638, 13.85, 14.9625, 13.98389], "rotation": 180, "texture": "#0"}
			}
		},
		{
			"from": [7.08352, 8.25, 8.8319],
			"to": [7.4, 8.3, 9],
			"rotation": {"angle": 0, "axis": "y", "origin": [8, 8.95, 8]},
			"faces": {
				"up": {"uv": [14.93324, 14.00905, 14.8, 13.95], "texture": "#0"},
				"down": {"uv": [14.8, 14.00905, 14.93324, 13.95], "rotation": 180, "texture": "#0"}
			}
		},
		{
			"from": [9.2151, 8.252, 8.2486],
			"to": [9.58286, 8.302, 8.71638],
			"rotation": {"angle": -45, "axis": "y", "origin": [8.23286, 9.048, 7.76714]},
			"faces": {
				"up": {"uv": [14.9625, 14.08389, 15.14638, 13.85], "rotation": 180, "texture": "#0"},
				"down": {"uv": [14.9625, 13.85, 15.14638, 14.08389], "rotation": 180, "texture": "#0"}
			}
		},
		{
			"from": [9.47768, 8.252, 7.98602],
			"to": [9.59544, 8.302, 8.2538],
			"rotation": {"angle": -45, "axis": "y", "origin": [8.24544, 9.048, 7.75456]},
			"faces": {
				"up": {"uv": [14.9625, 13.98389, 15.04638, 13.85], "rotation": 180, "texture": "#0"},
				"down": {"uv": [14.9625, 13.85, 15.04638, 13.98389], "rotation": 180, "texture": "#0"}
			}
		},
		{
			"from": [8.6, 8.25, 8.8319],
			"to": [8.91648, 8.3, 9],
			"rotation": {"angle": 0, "axis": "y", "origin": [8, 8.95, 8]},
			"faces": {
				"up": {"uv": [14.8, 14.00905, 14.93324, 13.95], "texture": "#0"},
				"down": {"uv": [14.93324, 14.00905, 14.8, 13.95], "rotation": 180, "texture": "#0"}
			}
		},
		{
			"from": [7.4201, 8.25, 8.8319],
			"to": [8.5799, 8.3, 9.35],
			"rotation": {"angle": 0, "axis": "y", "origin": [8, 8.95, 8]},
			"faces": {
				"up": {"uv": [14.77074, 14.02155, 14.1875, 13.7625], "texture": "#0"},
				"down": {"uv": [14.1875, 14.02155, 14.77074, 13.7625], "rotation": 180, "texture": "#0"}
			}
		},
		{
			"from": [7.76674, 9.9272, 9.69028],
			"to": [8.26674, 10.4272, 9.74028],
			"rotation": {"angle": -45, "axis": "x", "origin": [8.01674, 9.37546, 9.1375]},
			"faces": {
				"north": {"uv": [0, 0, 0.25, 0.25], "rotation": 180, "texture": "#0"},
				"east": {"uv": [15.1, 0.65, 15.35, 0.675], "rotation": 270, "texture": "#0"},
				"south": {"uv": [15.4, 0.85, 15.15, 0.6], "texture": "#0"},
				"west": {"uv": [15.05, 0.7, 15.3, 0.725], "rotation": 90, "texture": "#0"},
				"down": {"uv": [15.1, 0.7, 15.35, 0.725], "texture": "#0"}
			}
		},
		{
			"from": [7.76674, 9.4272, 9.69028],
			"to": [8.26674, 9.5272, 9.74028],
			"rotation": {"angle": -45, "axis": "x", "origin": [8.01674, 9.37546, 9.1375]},
			"faces": {
				"north": {"uv": [0, 0, 0.25, 0.05], "rotation": 180, "texture": "#0"},
				"east": {"uv": [14.8, 1.4, 14.85, 1.425], "rotation": 270, "texture": "#0"},
				"south": {"uv": [14.95, 1.3, 14.7, 1.25], "texture": "#0"},
				"west": {"uv": [14.65, 1.3, 14.7, 1.325], "rotation": 90, "texture": "#0"},
				"up": {"uv": [14.6, 1.25, 14.85, 1.275], "rotation": 180, "texture": "#0"},
				"down": {"uv": [14.55, 1.3, 14.8, 1.325], "texture": "#0"}
			}
		},
		{
			"from": [7.66674, 9.4772, 9.69028],
			"to": [7.76674, 10.0772, 9.74028],
			"rotation": {"angle": -45, "axis": "x", "origin": [8.01674, 9.37546, 9.1375]},
			"faces": {
				"north": {"uv": [0, 0, 0.05, 0.3], "rotation": 180, "texture": "#0"},
				"east": {"uv": [14.65, 0.7, 14.95, 0.725], "rotation": 270, "texture": "#0"},
				"south": {"uv": [14.8, 0.9, 14.75, 0.6], "texture": "#0"},
				"west": {"uv": [14.55, 0.7, 14.85, 0.725], "rotation": 90, "texture": "#0"},
				"up": {"uv": [14.65, 0.7, 14.7, 0.725], "rotation": 180, "texture": "#0"},
				"down": {"uv": [14.7, 0.75, 14.75, 0.775], "texture": "#0"}
			}
		},
		{
			"from": [8.26674, 9.4772, 9.69028],
			"to": [8.36674, 10.0772, 9.74028],
			"rotation": {"angle": -45, "axis": "x", "origin": [8.01674, 9.37546, 9.1375]},
			"faces": {
				"north": {"uv": [0, 0, 0.05, 0.3], "rotation": 180, "texture": "#0"},
				"east": {"uv": [15.1, 1.3, 15.4, 1.325], "rotation": 270, "texture": "#0"},
				"south": {"uv": [15.25, 1.4, 15.2, 1.1], "texture": "#0"},
				"west": {"uv": [15.05, 1.2, 15.35, 1.225], "rotation": 90, "texture": "#0"},
				"up": {"uv": [15.25, 1.3, 15.3, 1.325], "rotation": 180, "texture": "#0"},
				"down": {"uv": [15.15, 1.2, 15.2, 1.225], "texture": "#0"}
			}
		},
		{
			"from": [6.70204, 8.73108, 8.7819],
			"to": [9.40204, 9.84948, 8.8319],
			"rotation": {"angle": -22.5, "axis": "z", "origin": [8.01674, 9.37546, 9.1375]},
			"faces": {
				"north": {"uv": [15.475, 13.85, 14.125, 14.4092], "texture": "#0"},
				"east": {"uv": [0, 0, 0.5592, 0.025], "rotation": 270, "texture": "#0"},
				"south": {"uv": [15.425, 15.2092, 14.075, 14.65], "texture": "#0"},
				"west": {"uv": [0, 0, 0.5592, 0.025], "rotation": 90, "texture": "#0"}
			}
		},
		{
			"from": [7.49284, 8.44028, 8.7779],
			"to": [8.61124, 10.64028, 8.8279],
			"rotation": {"angle": -22.5, "axis": "z", "origin": [8.01674, 9.37546, 9.1375]},
			"faces": {
				"north": {"uv": [15.175, 13.55, 14.075, 14.1092], "rotation": 270, "texture": "#0"},
				"south": {"uv": [15.175, 14.2092, 14.075, 13.65], "rotation": 270, "texture": "#0"},
				"up": {"uv": [0, 0, 0.5592, 0.025], "rotation": 180, "texture": "#0"},
				"down": {"uv": [0, 0, 0.5592, 0.025], "texture": "#0"}
			}
		},
		{
			"from": [6.63148, 8.73108, 8.7799],
			"to": [9.33148, 9.84948, 8.8299],
			"rotation": {"angle": 22.5, "axis": "z", "origin": [8.01674, 9.37546, 9.1375]},
			"faces": {
				"north": {"uv": [14.075, 13.75, 15.425, 14.3092], "rotation": 180, "texture": "#0"},
				"east": {"uv": [0, 0, 0.5592, 0.025], "rotation": 270, "texture": "#0"},
				"south": {"uv": [15.425, 14.2092, 14.075, 13.65], "texture": "#0"},
				"west": {"uv": [0, 0, 0.5592, 0.025], "rotation": 90, "texture": "#0"}
			}
		},
		{
			"from": [7.4201, 6, 6.6],
			"to": [8.5799, 8.4, 6.65],
			"rotation": {"angle": 45, "axis": "y", "origin": [8, 8, 8]},
			"faces": {
				"north": {"uv": [5.25, 11.3, 5.8299, 12.5], "texture": "#0"},
				"east": {"uv": [2, 1, 2.025, 2.2], "texture": "#0"},
				"south": {"uv": [2, 2, 2.5799, 3.2], "texture": "#0"},
				"west": {"uv": [0, 3, 0.025, 4.2], "texture": "#0"},
				"up": {"uv": [3.5799, 0.025, 3, 0], "texture": "#0"},
				"down": {"uv": [1.5799, 3, 1, 3.025], "texture": "#0"}
			}
		},
		{
			"from": [6.6, 6.002, 7.4201],
			"to": [6.65, 8.402, 8.5799],
			"rotation": {"angle": 0, "axis": "y", "origin": [8, 8, 8]},
			"faces": {
				"north": {"uv": [3, 1, 3.025, 2.2], "texture": "#0"},
				"east": {"uv": [2, 3, 2.5799, 4.2], "texture": "#0"},
				"south": {"uv": [3, 2, 3.025, 3.2], "texture": "#0"},
				"west": {"uv": [5.825, 11.3, 6.4049, 12.5], "texture": "#0"},
				"up": {"uv": [0.025, 4.5799, 0, 4], "texture": "#0"},
				"down": {"uv": [4.025, 0, 4, 0.5799], "texture": "#0"}
			}
		},
		{
			"from": [7.4201, 6, 9.35],
			"to": [8.5799, 8.4, 9.4],
			"rotation": {"angle": -45, "axis": "y", "origin": [8, 8, 8]},
			"faces": {
				"north": {"uv": [1, 4, 1.5799, 5.2], "texture": "#0"},
				"east": {"uv": [4, 1, 4.025, 2.2], "texture": "#0"},
				"south": {"uv": [6.4, 11.3, 6.9799, 12.5], "texture": "#0"},
				"west": {"uv": [4, 2, 4.025, 3.2], "texture": "#0"},
				"up": {"uv": [3.5799, 4.025, 3, 4], "texture": "#0"},
				"down": {"uv": [4.5799, 3, 4, 3.025], "texture": "#0"}
			}
		}
	],
	"display": {
		"thirdperson_righthand": {
			"rotation": [-19.98, 61.59, 26.39],
			"translation": [-1.5, 0.25, -0.5],
			"scale": [0.5, 0.5, 0.5]
		},
		"thirdperson_lefthand": {
			"rotation": [-19.98, 61.59, 26.39],
			"translation": [-1.5, 0.25, -0.5],
			"scale": [0.5, 0.5, 0.5]
		},
		"firstperson_righthand": {
			"rotation": [-19.98, 61.59, 26.39],
			"translation": [-6, 6, 7.25],
			"scale": [0.5, 0.5, 0.5]
		},
		"firstperson_lefthand": {
			"rotation": [-19.98, 61.59, 26.39],
			"translation": [-6, 6, 7.25],
			"scale": [0.5, 0.5, 0.5]
		},
		"ground": {
			"rotation": [28, 0, 90],
			"translation": [0, -2.25, 0],
			"scale": [0.5, 0.5, 0.5]
		},
		"gui": {
			"rotation": [19.84, 68.69, -5.18],
			"translation": [0, -0.5, 0],
			"scale": [2.5, 2.5, 2.5]
		}
	}
}