{
  "variants": {
    "normal": [
      {
        "model": "office"
      },
      {
        "model": "office", "y": 90
      },
      {
        "model": "office", "y": 180
      },
      {
        "model": "office", "y": 270
      },
      {
        "model": "office_1"
      },
      {
        "model": "office_1", "y": 90
      },
      {
        "model": "office_1", "y": 180
      },
      {
        "model": "office_1", "y": 270
      },
      {
        "model": "office_2"
      },
      {
        "model": "office_2", "y": 90
      },
      {
        "model": "office_2", "y": 180
      },
      {
        "model": "office_2", "y": 270
      }
    ]
  }
}