{
  "variants": {
    "normal": [
      {
        "model": "laboratory", "weight": 1
      },
      {
        "model": "laboratory", "y": 90, "weight": 1
      },
      {
        "model": "laboratory", "y": 180, "weight": 1
      },
      {
        "model": "laboratory", "y": 270, "weight": 1
      },
      {
        "model": "laboratory_1", "weight": 3
      },
      {
        "model": "laboratory_1", "y": 90, "weight": 3
      },
      {
        "model": "laboratory_1", "y": 180, "weight": 3
      },
      {
        "model": "laboratory_1", "y": 270, "weight": 3
      },
      {
        "model": "laboratory_2", "weight": 2
      },
      {
        "model": "laboratory_2", "y": 90, "weight": 2
      },
      {
        "model": "laboratory_2", "y": 180, "weight": 2
      },
      {
        "model": "laboratory_2", "y": 270, "weight": 2
      }
    ]
  }
}