{
    "multipart": [
      { "when": { "snowy": "false" },
        "apply": { "model": "grass_normal" }
      },
      { "when": { "snowy": "false" },
        "apply": [
		     { "model": "grass_musor", "weight": 100 },
		     { "model": "grass_musor", "y": 90, "weight": 100 },
		     { "model": "grass_musor", "y": 180, "weight": 100 },
		     { "model": "grass_musor", "y": 270, "weight": 100 },
		     { "model": "grass_musor_1", "weight": 1 },
		     { "model": "grass_musor_1", "y": 90, "weight": 1 },
		     { "model": "grass_musor_1", "y": 180, "weight": 1 },
		     { "model": "grass_musor_1", "y": 270, "weight": 1 },
		     { "model": "grass_musor_2", "weight": 1 },
		     { "model": "grass_musor_2", "y": 90, "weight": 1 },
		     { "model": "grass_musor_2", "y": 180, "weight": 1 },
		     { "model": "grass_musor_2", "y": 270, "weight": 1 },
		     { "model": "grass_musor_3", "weight": 1 },
		     { "model": "grass_musor_3", "y": 90, "weight": 1 },
		     { "model": "grass_musor_3", "y": 180, "weight": 1 },
		     { "model": "grass_musor_3", "y": 270, "weight": 1 }
      ] },
      { "when": { "snowy": "true" },
	"apply": { "model": "grass_snowed" }
      }
    ]
}
