{
    "multipart": [
      { "apply": { "model": "gravel" } },

      { "apply": [
		     { "model": "grass_musor_7", "weight": 45 },
		     { "model": "grass_musor_8", "weight": 1 },
		     { "model": "grass_musor_8", "y": 90, "weight": 1, "uvlock": true },
		     { "model": "grass_musor_8", "y": 180, "weight": 1, "uvlock": true },
		     { "model": "grass_musor_8", "y": 270, "weight": 1, "uvlock": true },
		     { "model": "grass_musor_9", "weight": 1 },
		     { "model": "grass_musor_9", "y": 90, "weight": 1, "uvlock": true },
		     { "model": "grass_musor_9", "y": 180, "weight": 1, "uvlock": true },
		     { "model": "grass_musor_9", "y": 270, "weight": 1, "uvlock": true }
      ] }
    ]
}
