{
  "variants": {
    "normal": [
      {
        "model": "hardened_clay"
      },
      {
        "model": "hardened_clay", "y": 90
      },
      {
        "model": "hardened_clay", "y": 180
      },
      {
        "model": "hardened_clay", "y": 270
      },
      {
        "model": "hardened_clay_1"
      },
      {
        "model": "hardened_clay_1", "y": 90
      },
      {
        "model": "hardened_clay_1", "y": 180
      },
      {
        "model": "hardened_clay_1", "y": 270
      }
    ]
  }
}