{
  "variants": {
    "normal": [
      {
        "model": "beach"
      },
      {
        "model": "beach", "y": 90
      },
      {
        "model": "beach", "y": 180
      },
      {
        "model": "beach", "y": 270
      },
      {
        "model": "beach_1"
      },
      {
        "model": "beach_1", "y": 90
      },
      {
        "model": "beach_1", "y": 180
      },
      {
        "model": "beach_1", "y": 270
      },
      {
        "model": "beach_2"
      },
      {
        "model": "beach_2", "y": 90
      },
      {
        "model": "beach_2", "y": 180
      },
      {
        "model": "beach_2", "y": 270
      }
    ]
  }
}