{
  "variants": {
    "normal": [
      {
        "model": "homely"
      },
      {
        "model": "homely", "y": 90
      },
      {
        "model": "homely", "y": 180
      },
      {
        "model": "homely", "y": 270
      },
      {
        "model": "homely_1"
      },
      {
        "model": "homely_1", "y": 90
      },
      {
        "model": "homely_1", "y": 180
      },
      {
        "model": "homely_1", "y": 270
      },
      {
        "model": "homely_2"
      },
      {
        "model": "homely_2", "y": 90
      },
      {
        "model": "homely_2", "y": 180
      },
      {
        "model": "homely_2", "y": 270
      }
    ]
  }
}