{
    "multipart": [
      { "apply": { "model": "sand" } },

      { "apply": [
		     { "model": "grass_musor_4", "weight": 300 },
		     { "model": "grass_musor_5", "weight": 1 },
		     { "model": "grass_musor_5", "y": 90, "weight": 1, "uvlock": true },
		     { "model": "grass_musor_5", "y": 180, "weight": 1, "uvlock": true },
		     { "model": "grass_musor_5", "y": 270, "weight": 1, "uvlock": true },
		     { "model": "grass_musor_6", "weight": 1 },
		     { "model": "grass_musor_6", "y": 90, "weight": 1, "uvlock": true },
		     { "model": "grass_musor_6", "y": 180, "weight": 1, "uvlock": true },
		     { "model": "grass_musor_6", "y": 270, "weight": 1, "uvlock": true }
      ] }
    ]
}
