{
  "variants": {
    "normal": [
      {
        "model": "waste"
      },
      {
        "model": "waste", "y": 90
      },
      {
        "model": "waste", "y": 180
      },
      {
        "model": "waste", "y": 270
      },
      {
        "model": "waste_1"
      },
      {
        "model": "waste_1", "y": 90
      },
      {
        "model": "waste_1", "y": 180
      },
      {
        "model": "waste_1", "y": 270
      },
      {
        "model": "waste_2"
      },
      {
        "model": "waste_2", "y": 90
      },
      {
        "model": "waste_2", "y": 180
      },
      {
        "model": "waste_2", "y": 270
      },
      {
        "model": "waste_3"
      },
      {
        "model": "waste_3", "y": 90
      },
      {
        "model": "waste_3", "y": 180
      },
      {
        "model": "waste_3", "y": 270
      },
      {
        "model": "waste_4"
      },
      {
        "model": "waste_4", "y": 90
      },
      {
        "model": "waste_4", "y": 180
      },
      {
        "model": "waste_4", "y": 270
      }
    ]
  }
}