{
    "multipart": [
        { "apply": { "model": "window_post", "uvlock": true } },
        {   "when": { "OR": [
		{ "north": false, "east": true },
		{ "north": false, "west": true }
	    ]},
            "apply": { "model": "window_noside", "uvlock": true }
        },
        {   "when": { "OR": [
		{ "east": false, "north": true },
		{ "east": false, "south": true }
	    ]},
            "apply": { "model": "window_noside", "y": 90, "uvlock": true }
        },
        {   "when": { "OR": [
		{ "south": false, "east": true },
		{ "south": false, "west": true }
	    ]},
            "apply": { "model": "window_noside", "y": 180, "uvlock": true }
        },
        {   "when": { "OR": [
		{ "west": false, "north": true },
		{ "west": false, "south": true }
	    ]},
            "apply": { "model": "window_noside", "y": 270, "uvlock": true }
        },
        {   "when": { "OR": [
		{ "north": false, "east": false, "south": false, "west": false },
		{ "north": true, "east": true, "south": true, "west": true }
	    ]},
            "apply": { "model": "window_stand", "uvlock": true }
        },
        {   "when": { "north": true, "east": false, "south": false, "west": false },
            "apply": { "model": "window_ends", "uvlock": true }
        },
        {   "when": { "north": false, "east": true, "south": false, "west": false },
            "apply": { "model": "window_ends", "y": 90, "uvlock": true }
        },
        {   "when": { "north": false, "east": false, "south": true, "west": false },
            "apply": { "model": "window_ends", "y": 180, "uvlock": true }
        },
        {   "when": { "north": false, "east": false, "south": false, "west": true },
            "apply": { "model": "window_ends", "y": 270, "uvlock": true }
        },
        {   "when": { "north": true },
            "apply": { "model": "window_side", "uvlock": true }
        },
        {   "when": { "east": true },
            "apply": { "model": "window_side", "y": 90, "uvlock": true }
        },
        {   "when": { "south": true },
            "apply": { "model": "window_side", "y": 180, "uvlock": true }
        },
        {   "when": { "west": true },
            "apply": { "model": "window_side", "y": 270, "uvlock": true }
        }
    ]
}
