{
    "variants": {
        "normal": [
        { "model": "tall_grass", "weight": 12 },
        { "model": "tall_grass", "y": 90, "weight": 12 },
        { "model": "tall_grass", "y": 180, "weight": 12 },
        { "model": "tall_grass", "y": 270, "weight": 12 },
        { "model": "tall_grass_1", "weight": 12 },
        { "model": "tall_grass_1", "y": 90, "weight": 12 },
        { "model": "tall_grass_1", "y": 180, "weight": 12 },
        { "model": "tall_grass_1", "y": 270, "weight": 12 },
        { "model": "tall_grass_2", "weight": 3 },
        { "model": "tall_grass_2", "y": 90, "weight": 3 },
        { "model": "tall_grass_2", "y": 180, "weight": 3 },
        { "model": "tall_grass_2", "y": 270, "weight": 3 },
        { "model": "tall_grass_3", "weight": 7 },
        { "model": "tall_grass_3", "y": 90, "weight": 7 },
        { "model": "tall_grass_3", "y": 180, "weight": 7 },
        { "model": "tall_grass_3", "y": 270, "weight": 7 },
        { "model": "tall_grass_4", "weight": 6 },
        { "model": "tall_grass_4", "y": 90, "weight": 6 },
        { "model": "tall_grass_4", "y": 180, "weight": 6 },
        { "model": "tall_grass_4", "y": 270, "weight": 6 },
        { "model": "tall_grass_5", "weight": 7 },
        { "model": "tall_grass_5", "y": 90, "weight": 7 },
        { "model": "tall_grass_5", "y": 180, "weight": 7 },
        { "model": "tall_grass_5", "y": 270, "weight": 7 },
        { "model": "tall_grass_6", "weight": 5 },
        { "model": "tall_grass_6", "y": 90, "weight": 5 },
        { "model": "tall_grass_6", "y": 180, "weight": 5 },
        { "model": "tall_grass_6", "y": 270, "weight": 5 },
        { "model": "tall_grass_7", "weight": 1 },
        { "model": "tall_grass_7", "y": 90, "weight": 1 },
        { "model": "tall_grass_7", "y": 180, "weight": 1 },
        { "model": "tall_grass_7", "y": 270, "weight": 1 }
	]
    }
}
