{
  "variants": {
    "normal": [
      {
        "model": "debris"
      },
      {
        "model": "debris", "y": 90
      },
      {
        "model": "debris", "y": 180
      },
      {
        "model": "debris", "y": 270
      },
      {
        "model": "debris_1"
      },
      {
        "model": "debris_1", "y": 90
      },
      {
        "model": "debris_1", "y": 180
      },
      {
        "model": "debris_1", "y": 270
      },
      {
        "model": "debris_2"
      },
      {
        "model": "debris_2", "y": 90
      },
      {
        "model": "debris_2", "y": 180
      },
      {
        "model": "debris_2", "y": 270
      },
      {
        "model": "debris_3"
      },
      {
        "model": "debris_3", "y": 90
      },
      {
        "model": "debris_3", "y": 180
      },
      {
        "model": "debris_3", "y": 270
      }
    ]
  }
}