{
	"credit": "Made with Blockbench",
	"ambientocclusion": false,
	"texture_size": [32, 32],
	"textures": {
		"0": "blocks/door_acacia",
		"particle": "blocks/door_acacia"
	},
	"elements": [
		{
			"from": [-0.5, 14.5, 14],
			"to": [-0.1, 15.5, 15],
			"rotation": {"angle": 0, "axis": "y", "origin": [0, 14, 8]},
			"faces": {
				"north": {"uv": [11.45, 14.5, 11.25, 15], "texture": "#0"},
				"south": {"uv": [12, 15.5, 12.2, 16], "texture": "#0"},
				"up": {"uv": [11.25, 15.25, 11.45, 15.75], "texture": "#0"},
				"down": {"uv": [11.75, 14.25, 11.95, 14.75], "texture": "#0"}
			}
		},
		{
			"from": [-1, 14.5, 11],
			"to": [-0.5, 15.5, 15],
			"rotation": {"angle": 0, "axis": "y", "origin": [0, 14, 8]},
			"faces": {
				"north": {"uv": [11.5, 14.5, 11.25, 15], "texture": "#0"},
				"east": {"uv": [11, 15.5, 13, 16], "texture": "#0"},
				"south": {"uv": [12.25, 15, 12.5, 15.5], "texture": "#0"},
				"west": {"uv": [13, 14, 11, 14.5], "texture": "#0"},
				"up": {"uv": [11.25, 14, 11.5, 16], "texture": "#0"},
				"down": {"uv": [11.75, 14, 12, 16], "texture": "#0"}
			}
		},
		{
			"from": [-0.1, 13, 13.9],
			"to": [0, 16, 15.1],
			"rotation": {"angle": 0, "axis": "y", "origin": [0, 14, 8]},
			"faces": {
				"north": {"uv": [11.3, 14.5, 11.25, 16], "texture": "#0"},
				"south": {"uv": [12, 14.5, 12.05, 16], "texture": "#0"},
				"west": {"uv": [12.85, 14.5, 12.25, 16], "texture": "#0"},
				"up": {"uv": [11.25, 15.25, 11.3, 15.85], "texture": "#0"},
				"down": {"uv": [11.75, 14.25, 11.8, 14.85], "texture": "#0"}
			}
		},
		{
			"from": [1, 13, 13.9],
			"to": [1.1, 16, 15.1],
			"rotation": {"angle": 0, "axis": "y", "origin": [0, 14, 8]},
			"faces": {
				"north": {"uv": [12, 14.5, 12.05, 16], "texture": "#0"},
				"east": {"uv": [12.85, 14.5, 12.25, 16], "texture": "#0"},
				"south": {"uv": [11.3, 14.5, 11.25, 16], "texture": "#0"},
				"up": {"uv": [11.25, 15.25, 11.3, 15.85], "rotation": 180, "texture": "#0"},
				"down": {"uv": [11.75, 14.25, 11.8, 14.85], "rotation": 180, "texture": "#0"}
			}
		},
		{
			"from": [1.5, 14.5, 11],
			"to": [2, 15.5, 15],
			"rotation": {"angle": 0, "axis": "y", "origin": [0, 14, 8]},
			"faces": {
				"north": {"uv": [12.25, 15, 12.5, 15.5], "texture": "#0"},
				"east": {"uv": [13, 14, 11, 14.5], "texture": "#0"},
				"south": {"uv": [11.5, 14.5, 11.25, 15], "texture": "#0"},
				"west": {"uv": [11, 15.5, 13, 16], "texture": "#0"},
				"up": {"uv": [11.25, 14, 11.5, 16], "rotation": 180, "texture": "#0"},
				"down": {"uv": [11.75, 14, 12, 16], "rotation": 180, "texture": "#0"}
			}
		},
		{
			"from": [1.1, 14.5, 14],
			"to": [1.5, 15.5, 15],
			"rotation": {"angle": 0, "axis": "y", "origin": [0, 14, 8]},
			"faces": {
				"north": {"uv": [12, 15.5, 12.2, 16], "texture": "#0"},
				"south": {"uv": [11.45, 14.5, 11.25, 15], "texture": "#0"},
				"up": {"uv": [11.25, 15.25, 11.45, 15.75], "rotation": 180, "texture": "#0"},
				"down": {"uv": [11.75, 14.25, 11.95, 14.75], "rotation": 180, "texture": "#0"}
			}
		},
		{
			"from": [0, 0, 0],
			"to": [1, 16, 16],
			"faces": {
				"north": {"uv": [11, 8, 10.5, 16], "texture": "#0"},
				"east": {"uv": [0, 8, 8, 16], "texture": "#0"},
				"south": {"uv": [8.5, 8, 9, 16], "texture": "#0"},
				"west": {"uv": [8, 8, 0, 16], "texture": "#0"},
				"down": {"uv": [8, 8, 8.5, 16], "texture": "#0"}
			}
		}
	]
}