{
	"credit": "Made with Blockbench",
	"texture_size": [32, 32],
	"textures": {
		"1": "blocks/electrical",
		"particle": "blocks/electrical"
	},
	"elements": [
		{
			"from": [3, 0, 3],
			"to": [13, 5, 9],
			"faces": {
				"north": {"uv": [2.75, 8.25, 7.75, 10.75], "texture": "#1"},
				"east": {"uv": [8, 9, 11, 11.5], "texture": "#1"},
				"south": {"uv": [2.75, 11.25, 7.75, 13.75], "texture": "#1"},
				"west": {"uv": [8, 9, 11, 11.5], "texture": "#1"},
				"up": {"uv": [10, 8.5, 15, 11.5], "texture": "#1"},
				"down": {"uv": [10, 8.5, 15, 11.5], "texture": "#1", "cullface": "down"}
			}
		},
		{
			"from": [3.662, 0.838, 2.752],
			"to": [5.162, 1.459, 3],
			"rotation": {"angle": 0, "axis": "z", "origin": [4.162, 1.25, 2.877]},
			"faces": {
				"north": {"uv": [12.5, 4.25, 13.5, 5.25], "rotation": 270, "texture": "#1"},
				"east": {"uv": [13, 3.75, 14, 3.875], "rotation": 90, "texture": "#1"},
				"west": {"uv": [13, 3.75, 14, 3.875], "rotation": 90, "texture": "#1"}
			}
		},
		{
			"from": [4.1015, 0.3985, 2.75],
			"to": [4.7225, 1.8985, 3],
			"rotation": {"angle": 0, "axis": "z", "origin": [4.412, 1.1485, 2.875]},
			"faces": {
				"north": {"uv": [12.5, 4.25, 13.5, 5.25], "rotation": 180, "texture": "#1"},
				"up": {"uv": [13, 3.75, 14, 3.875], "rotation": 180, "texture": "#1"},
				"down": {"uv": [13, 3.75, 14, 3.875], "rotation": 180, "texture": "#1"}
			}
		},
		{
			"from": [3.66189, 0.83827, 2.751],
			"to": [5.16189, 1.45927, 3],
			"rotation": {"angle": 45, "axis": "z", "origin": [4.41189, 1.14877, 2.876]},
			"faces": {
				"north": {"uv": [12.5, 4.25, 13.5, 5.25], "rotation": 270, "texture": "#1"},
				"east": {"uv": [13, 3.75, 14, 3.875], "rotation": 90, "texture": "#1"},
				"west": {"uv": [13, 3.75, 14, 3.875], "rotation": 90, "texture": "#1"}
			}
		},
		{
			"from": [3.66227, 0.83811, 2.753],
			"to": [5.16227, 1.45911, 3],
			"rotation": {"angle": -45, "axis": "z", "origin": [4.41227, 1.14861, 2.878]},
			"faces": {
				"north": {"uv": [12.5, 4.25, 13.5, 5.25], "rotation": 270, "texture": "#1"},
				"east": {"uv": [13, 3.75, 14, 3.875], "rotation": 90, "texture": "#1"},
				"west": {"uv": [13, 3.75, 14, 3.875], "rotation": 90, "texture": "#1"}
			}
		},
		{
			"from": [3.5, 4.5, 9],
			"to": [4, 4.75, 9.25],
			"faces": {
				"east": {"uv": [8.25, 4, 8.375, 4.125], "texture": "#1"},
				"south": {"uv": [8.25, 4, 8.5, 4.125], "texture": "#1"},
				"west": {"uv": [8.25, 4, 8.375, 4.125], "texture": "#1"},
				"up": {"uv": [8.25, 4, 8.5, 4.125], "texture": "#1"},
				"down": {"uv": [8.25, 4, 8.5, 4.125], "texture": "#1"}
			}
		}
	],
	"display": {
		"ground": {
			"translation": [0, 4.25, 0]
		}
	}
}