{
	"credit": "Made with Blockbench",
	"ambientocclusion": false,
	"textures": {
		"0": "blocks/glass_black",
		"particle": "blocks/glass_black"
	},
	"elements": [
		{
			"from": [7, 14, 0],
			"to": [9, 16, 7],
			"faces": {
				"north": {"uv": [7, 0, 9, 2], "texture": "#0"},
				"east": {"uv": [9, 0, 16, 2], "texture": "#0"},
				"west": {"uv": [7, 0, 0, 2], "texture": "#0"},
				"up": {"uv": [7, 0, 9, 7], "texture": "#0"},
				"down": {"uv": [7, 9, 9, 16], "texture": "#0"}
			}
		},
		{
			"from": [7, 0, 0],
			"to": [9, 2, 7],
			"faces": {
				"north": {"uv": [7, 14, 9, 16], "texture": "#0"},
				"east": {"uv": [9, 14, 16, 16], "texture": "#0"},
				"west": {"uv": [7, 14, 0, 16], "texture": "#0"},
				"up": {"uv": [7, 0, 9, 7], "texture": "#0"},
				"down": {"uv": [7, 9, 9, 16], "texture": "#0"}
			}
		}
	]
}