{
	"credit": "Made with Blockbench",
	"ambientocclusion": false,
	"textures": {
		"0": "blocks/leaves_birch",
		"particle": "blocks/leaves_birch"
	},
	"elements": [
		{
			"from": [0, 0, 0],
			"to": [16, 16, 16],
			"faces": {
				"north": {"uv": [4, 0, 12, 8], "texture": "#0"},
				"east": {"uv": [4, 0, 12, 8], "texture": "#0"},
				"south": {"uv": [4, 0, 12, 8], "texture": "#0"},
				"west": {"uv": [4, 0, 12, 8], "texture": "#0"},
				"up": {"uv": [4, 0, 12, 8], "texture": "#0"},
				"down": {"uv": [4, 0, 12, 8], "texture": "#0"}
			}
		}
	]
}