{
	"credit": "Made with Blockbench",
	"ambientocclusion": false,
	"textures": {
		"0": "blocks/leaves_birch",
		"particle": "blocks/leaves_birch"
	},
	"elements": [
		{
			"from": [-5, -15, 4],
			"to": [27, 1, 4],
			"shade": false,
			"rotation": {"angle": -22.5, "axis": "y", "origin": [0, -7, -1]},
			"faces": {
				"north": {"uv": [0, 8, 16, 16], "texture": "#0", "cullface": "down"},
				"south": {"uv": [0, 8, 16, 16], "texture": "#0", "cullface": "down"}
			}
		},
		{
			"from": [7, -15, -10],
			"to": [7, 1, 22],
			"shade": false,
			"rotation": {"angle": -22.5, "axis": "y", "origin": [0, -7, -1]},
			"faces": {
				"east": {"uv": [0, 8, 16, 16], "texture": "#0", "cullface": "down"},
				"west": {"uv": [0, 8, 16, 16], "texture": "#0", "cullface": "down"}
			}
		},
		{
			"from": [8, -15, -10],
			"to": [8, 1, 22],
			"shade": false,
			"rotation": {"angle": 22.5, "axis": "y", "origin": [12, -7, 4]},
			"faces": {
				"east": {"uv": [0, 8, 16, 16], "texture": "#0", "cullface": "down"},
				"west": {"uv": [0, 8, 16, 16], "texture": "#0", "cullface": "down"}
			}
		}
	]
}