{
	"credit": "Made with Blockbench",
	"ambientocclusion": false,
	"texture_size": [32, 32],
	"textures": {
		"0": "blocks/door_birch",
		"particle": "blocks/door_birch"
	},
	"elements": [
		{
			"from": [0, 0, 0],
			"to": [1, 16, 1],
			"faces": {
				"north": {"uv": [9, 8, 8.5, 16], "texture": "#0"},
				"east": {"uv": [0, 8, 0.5, 16], "texture": "#0"},
				"south": {"uv": [10, 8, 10.5, 16], "texture": "#0"},
				"west": {"uv": [0.5, 8, 0, 16], "texture": "#0"},
				"down": {"uv": [8, 8, 8.5, 8.5], "texture": "#0"}
			}
		},
		{
			"from": [0, 1, 1],
			"to": [1, 16, 15],
			"faces": {
				"east": {"uv": [0.5, 8, 7.5, 15.5], "texture": "#0"},
				"west": {"uv": [7.5, 8, 0.5, 15.5], "texture": "#0"}
			}
		},
		{
			"from": [0, 0, 1],
			"to": [1, 1, 15],
			"faces": {
				"east": {"uv": [0.5, 15.5, 7.5, 16], "texture": "#0"},
				"west": {"uv": [7.5, 15.5, 0.5, 16], "texture": "#0"},
				"up": {"uv": [0, 0, 0.5, 7], "texture": "#0"},
				"down": {"uv": [8, 8, 8.5, 15], "texture": "#0"}
			}
		},
		{
			"from": [0, 0, 15],
			"to": [1, 16, 16],
			"faces": {
				"north": {"uv": [9, 8, 8.5, 16], "texture": "#0"},
				"east": {"uv": [7.5, 7.75, 8, 15.75], "texture": "#0"},
				"south": {"uv": [10.5, 8, 11, 16], "texture": "#0"},
				"west": {"uv": [8, 7.75, 7.5, 15.75], "texture": "#0"},
				"down": {"uv": [8, 8, 8.5, 8.5], "texture": "#0"}
			}
		},
		{
			"from": [-0.5, 14.5, 1],
			"to": [0, 15.5, 2],
			"rotation": {"angle": 0, "axis": "y", "origin": [0, 14, 8]},
			"faces": {
				"north": {"uv": [11.5, 14.5, 11.25, 15], "texture": "#0"},
				"south": {"uv": [12, 15.5, 12.25, 16], "texture": "#0"},
				"up": {"uv": [11.25, 15.25, 11.5, 15.75], "texture": "#0"},
				"down": {"uv": [11.75, 14.25, 12, 14.75], "texture": "#0"}
			}
		},
		{
			"from": [1, 14.5, 1],
			"to": [1.5, 15.5, 2],
			"rotation": {"angle": 0, "axis": "y", "origin": [0, 14, 8]},
			"faces": {
				"north": {"uv": [12, 15.5, 12.25, 16], "texture": "#0"},
				"south": {"uv": [11.5, 14.5, 11.25, 15], "texture": "#0"},
				"up": {"uv": [11.25, 15.25, 11.5, 15.75], "rotation": 180, "texture": "#0"},
				"down": {"uv": [11.75, 14.25, 12, 14.75], "rotation": 180, "texture": "#0"}
			}
		},
		{
			"from": [1.5, 14.5, 1],
			"to": [2, 15.5, 5],
			"rotation": {"angle": 0, "axis": "y", "origin": [0, 14, 8]},
			"faces": {
				"north": {"uv": [12.25, 15, 12.5, 15.5], "texture": "#0"},
				"east": {"uv": [13, 14, 11, 14.5], "texture": "#0"},
				"south": {"uv": [11.5, 14.5, 11.25, 15], "texture": "#0"},
				"west": {"uv": [11, 15.5, 13, 16], "texture": "#0"},
				"up": {"uv": [11.25, 14, 11.5, 16], "rotation": 180, "texture": "#0"},
				"down": {"uv": [11.75, 14, 12, 16], "rotation": 180, "texture": "#0"}
			}
		},
		{
			"from": [-1, 14.5, 1],
			"to": [-0.5, 15.5, 5],
			"rotation": {"angle": 0, "axis": "y", "origin": [0, 14, 8]},
			"faces": {
				"north": {"uv": [11.5, 14.5, 11.25, 15], "texture": "#0"},
				"east": {"uv": [11, 15.5, 13, 16], "texture": "#0"},
				"south": {"uv": [12.25, 15, 12.5, 15.5], "texture": "#0"},
				"west": {"uv": [13, 14, 11, 14.5], "texture": "#0"},
				"up": {"uv": [11.25, 14, 11.5, 16], "texture": "#0"},
				"down": {"uv": [11.75, 14, 12, 16], "texture": "#0"}
			}
		}
	]
}