{
	"credit": "Made with Blockbench",
	"ambientocclusion": false,
	"texture_size": [32, 32],
	"textures": {
		"2": "blocks/door_birch"
	},
	"elements": [
		{
			"from": [0, 0, 1],
			"to": [1, 15, 15],
			"faces": {
				"east": {"uv": [0.5, 0.5, 7.5, 8], "texture": "#2"},
				"west": {"uv": [7.5, 0.5, 0.5, 8], "texture": "#2"}
			}
		},
		{
			"from": [0, 15, 1],
			"to": [1, 16, 15],
			"faces": {
				"east": {"uv": [0.5, 0, 7.5, 0.5], "texture": "#2"},
				"west": {"uv": [7.5, 0, 0.5, 0.5], "texture": "#2"},
				"up": {"uv": [0, 0, 0.5, 7], "texture": "#2"},
				"down": {"uv": [8, 8, 8.5, 15], "texture": "#2"}
			}
		},
		{
			"from": [0, 0, 15],
			"to": [1, 16, 16],
			"faces": {
				"north": {"uv": [9, 0, 8.5, 8], "texture": "#2"},
				"east": {"uv": [7.5, 0, 8, 8], "texture": "#2"},
				"south": {"uv": [10.5, 0, 11, 8], "texture": "#2"},
				"west": {"uv": [8, 0, 7.5, 8], "texture": "#2"},
				"up": {"uv": [0, 0, 0.5, 0.5], "texture": "#2"}
			}
		},
		{
			"from": [0, 0, 0],
			"to": [1, 16, 1],
			"faces": {
				"north": {"uv": [9, 0, 8.5, 8], "texture": "#2"},
				"east": {"uv": [0, 0.25, 0.5, 8.25], "texture": "#2"},
				"south": {"uv": [10, 0, 10.5, 8], "texture": "#2"},
				"west": {"uv": [0.5, 0.25, 0, 8.25], "texture": "#2"},
				"up": {"uv": [0, 0, 0.5, 0.5], "texture": "#2"}
			}
		}
	]
}