{
	"credit": "Made with Blockbench",
	"texture_size": [32, 32],
	"textures": {
		"0": "blocks/bookshelf",
		"particle": "blocks/bookshelf"
	},
	"elements": [
		{
			"from": [0.1, 10, 0.1],
			"to": [15.9, 11, 15.9],
			"faces": {
				"north": {"uv": [0, 0, 7.9, 0.5], "texture": "#0"},
				"east": {"uv": [0, 0, 7.9, 0.5], "texture": "#0"},
				"south": {"uv": [0, 0, 7.9, 0.5], "texture": "#0"},
				"west": {"uv": [0, 0, 7.9, 0.5], "texture": "#0"},
				"up": {"uv": [0, 0, 7.9, 7.9], "texture": "#0"},
				"down": {"uv": [0, 0, 7.9, 7.9], "texture": "#0"}
			}
		},
		{
			"from": [0, 0, 0],
			"to": [16, 1, 16],
			"faces": {
				"north": {"uv": [0, 0, 8, 0.5], "texture": "#0"},
				"east": {"uv": [0, 0, 8, 0.5], "texture": "#0"},
				"south": {"uv": [0, 0, 8, 0.5], "texture": "#0"},
				"west": {"uv": [0, 0, 8, 0.5], "texture": "#0"},
				"up": {"uv": [0, 0, 8, 8], "texture": "#0"},
				"down": {"uv": [0, 0, 8, 8], "texture": "#0"}
			}
		},
		{
			"from": [0.1, 5, 0.1],
			"to": [15.9, 6, 15.9],
			"faces": {
				"north": {"uv": [0, 0, 7.9, 0.5], "texture": "#0"},
				"east": {"uv": [0, 0, 7.9, 0.5], "texture": "#0"},
				"south": {"uv": [0, 0, 7.9, 0.5], "texture": "#0"},
				"west": {"uv": [0, 0, 7.9, 0.5], "texture": "#0"},
				"up": {"uv": [0, 0, 7.9, 7.9], "texture": "#0"},
				"down": {"uv": [0, 0, 7.9, 7.9], "texture": "#0"}
			}
		},
		{
			"from": [0, 15, 0],
			"to": [16, 16, 16],
			"faces": {
				"north": {"uv": [0, 0, 8, 0.5], "texture": "#0"},
				"east": {"uv": [0, 0, 8, 0.5], "texture": "#0"},
				"south": {"uv": [0, 0, 8, 0.5], "texture": "#0"},
				"west": {"uv": [0, 0, 8, 0.5], "texture": "#0"},
				"up": {"uv": [0, 0, 8, 8], "texture": "#0"},
				"down": {"uv": [0, 0, 8, 8], "texture": "#0"}
			}
		},
		{
			"from": [3, 1, 3],
			"to": [13, 15, 13],
			"faces": {
				"north": {"uv": [0, 0, 5, 7], "texture": "#0"},
				"east": {"uv": [0, 0, 5, 7], "texture": "#0"},
				"south": {"uv": [0, 0, 5, 7], "texture": "#0"},
				"west": {"uv": [0, 0, 5, 7], "texture": "#0"}
			}
		},
		{
			"from": [0, 1, 14],
			"to": [2, 15, 16],
			"faces": {
				"north": {"uv": [0, 0, 1, 7], "texture": "#0"},
				"east": {"uv": [0, 0, 1, 7], "texture": "#0"},
				"south": {"uv": [0, 0, 1, 7], "texture": "#0"},
				"west": {"uv": [0, 0, 1, 7], "texture": "#0"}
			}
		},
		{
			"from": [8.8, 1, 13.2],
			"to": [8.8, 4.8, 15.9],
			"faces": {
				"east": {"uv": [13.25, 4.95, 14.6, 6.85], "texture": "#0"},
				"west": {"uv": [13.25, 4.95, 14.6, 6.85], "texture": "#0"}
			}
		},
		{
			"from": [8.8, 1, 15.9],
			"to": [9.3, 4.8, 15.9],
			"faces": {
				"north": {"uv": [14.25, 5.2, 14.5, 7.1], "texture": "#0"},
				"south": {"uv": [14.25, 5.2, 14.5, 7.1], "texture": "#0"}
			}
		},
		{
			"from": [9.3, 1, 13.2],
			"to": [9.3, 4.8, 15.9],
			"faces": {
				"east": {"uv": [13.25, 4.95, 14.6, 6.85], "texture": "#0"},
				"west": {"uv": [13.25, 4.95, 14.6, 6.85], "texture": "#0"}
			}
		},
		{
			"from": [8.8, 1.1, 13.3],
			"to": [9.3, 4.7, 15.9],
			"faces": {
				"north": {"uv": [15.4, 9.5, 15.65, 11.3], "texture": "#0"},
				"up": {"uv": [15.4, 9.5, 15.65, 10.8], "texture": "#0"},
				"down": {"uv": [15.4, 9.5, 15.65, 10.8], "rotation": 180, "texture": "#0"}
			}
		},
		{
			"from": [10.9, 1, 6.3],
			"to": [11.9, 15, 9.2],
			"rotation": {"angle": -45, "axis": "y", "origin": [-0.1, 0, 0]},
			"faces": {
				"east": {"uv": [0, 0, 1.45, 7], "texture": "#0"},
				"west": {"uv": [0, 0, 1.45, 7], "texture": "#0"}
			}
		},
		{
			"from": [17.7, 1, -0.5],
			"to": [20.6, 15, 0.5],
			"rotation": {"angle": -45, "axis": "y", "origin": [0, 0, 0]},
			"faces": {
				"north": {"uv": [0, 0, 1.45, 7], "texture": "#0"},
				"south": {"uv": [0, 0, 1.45, 7], "texture": "#0"}
			}
		},
		{
			"from": [2.3, 1, -0.5],
			"to": [5.2, 15, 0.5],
			"rotation": {"angle": -45, "axis": "y", "origin": [0, 0, 0]},
			"faces": {
				"north": {"uv": [0, 0, 1.45, 7], "texture": "#0"},
				"south": {"uv": [0, 0, 1.45, 7], "texture": "#0"}
			}
		},
		{
			"from": [14, 1, 14],
			"to": [16, 15, 16],
			"faces": {
				"north": {"uv": [0, 0, 1, 7], "texture": "#0"},
				"east": {"uv": [0, 0, 1, 7], "texture": "#0"},
				"south": {"uv": [0, 0, 1, 7], "texture": "#0"},
				"west": {"uv": [0, 0, 1, 7], "texture": "#0"}
			}
		},
		{
			"from": [0, 1, 0],
			"to": [2, 15, 2],
			"faces": {
				"north": {"uv": [0, 0, 1, 7], "texture": "#0"},
				"east": {"uv": [0, 0, 1, 7], "texture": "#0"},
				"south": {"uv": [0, 0, 1, 7], "texture": "#0"},
				"west": {"uv": [0, 0, 1, 7], "texture": "#0"}
			}
		},
		{
			"from": [14, 1, 0],
			"to": [16, 15, 2],
			"faces": {
				"north": {"uv": [0, 0, 1, 7], "texture": "#0"},
				"east": {"uv": [0, 0, 1, 7], "texture": "#0"},
				"south": {"uv": [0, 0, 1, 7], "texture": "#0"},
				"west": {"uv": [0, 0, 1, 7], "texture": "#0"}
			}
		},
		{
			"from": [10.8, 1, 13.2],
			"to": [10.8, 4.8, 15.9],
			"faces": {
				"east": {"uv": [3.5, 8.2, 4.85, 10.1], "texture": "#0"},
				"west": {"uv": [3.5, 8.2, 4.85, 10.1], "texture": "#0"}
			}
		},
		{
			"from": [10.8, 1, 15.9],
			"to": [11.3, 4.8, 15.9],
			"faces": {
				"north": {"uv": [3.25, 8.7, 3.5, 10.6], "texture": "#0"},
				"south": {"uv": [3.25, 8.7, 3.5, 10.6], "texture": "#0"}
			}
		},
		{
			"from": [11.3, 1, 13.2],
			"to": [11.3, 4.8, 15.9],
			"faces": {
				"east": {"uv": [2.75, 13.95, 4.1, 15.85], "texture": "#0"},
				"west": {"uv": [2.75, 13.95, 4.1, 15.85], "texture": "#0"}
			}
		},
		{
			"from": [10.8, 1.1, 13.3],
			"to": [11.3, 4.7, 15.9],
			"faces": {
				"north": {"uv": [15.4, 9.5, 15.65, 11.3], "texture": "#0"},
				"up": {"uv": [15.4, 9.5, 15.65, 10.8], "texture": "#0"},
				"down": {"uv": [15.4, 9.5, 15.65, 10.8], "rotation": 180, "texture": "#0"}
			}
		},
		{
			"from": [11, 1, -9.2],
			"to": [12, 15, -6.3],
			"rotation": {"angle": -45, "axis": "y", "origin": [0, 0, 0]},
			"faces": {
				"east": {"uv": [0, 0, 1.45, 7], "texture": "#0"},
				"west": {"uv": [0, 0, 1.45, 7], "texture": "#0"}
			}
		},
		{
			"from": [3.6, 6, 8.3],
			"to": [6.2, 9.6, 8.8],
			"rotation": {"angle": -22.5, "axis": "y", "origin": [0, 0, 0]},
			"faces": {
				"north": {"uv": [10.75, 1.75, 12.05, 3.55], "texture": "#0"},
				"east": {"uv": [11.25, 1.75, 11.5, 3.55], "texture": "#0"},
				"south": {"uv": [10.75, 1.75, 12.05, 3.55], "texture": "#0"},
				"west": {"uv": [10.75, 1.75, 11, 3.55], "texture": "#0"},
				"up": {"uv": [11, 1.75, 11.25, 3.05], "rotation": 90, "texture": "#0"},
				"down": {"uv": [11, 2, 11.25, 3.3], "rotation": 90, "texture": "#0"}
			}
		},
		{
			"from": [6.2, 6, 0.1],
			"to": [6.7, 9.6, 2.7],
			"faces": {
				"north": {"uv": [10.75, 1.75, 11, 3.55], "texture": "#0"},
				"east": {"uv": [10.75, 1.75, 12.05, 3.55], "texture": "#0"},
				"south": {"uv": [11.25, 1.75, 11.5, 3.55], "texture": "#0"},
				"west": {"uv": [10.75, 1.75, 12.05, 3.55], "texture": "#0"},
				"up": {"uv": [11, 1.75, 11.25, 3.05], "rotation": 180, "texture": "#0"},
				"down": {"uv": [11, 2, 11.25, 3.3], "texture": "#0"}
			}
		},
		{
			"from": [8.3, 6, 13.2],
			"to": [8.8, 9.6, 15.8],
			"faces": {
				"north": {"uv": [11.25, 1.75, 11.5, 3.55], "texture": "#0"},
				"east": {"uv": [10.75, 1.75, 12.05, 3.55], "texture": "#0"},
				"south": {"uv": [10.75, 1.75, 11, 3.55], "texture": "#0"},
				"west": {"uv": [10.75, 1.75, 12.05, 3.55], "texture": "#0"},
				"up": {"uv": [11, 1.75, 11.25, 3.05], "texture": "#0"},
				"down": {"uv": [11, 2, 11.25, 3.3], "rotation": 180, "texture": "#0"}
			}
		},
		{
			"from": [7.6, 6, 13.2],
			"to": [8.1, 9.6, 15.8],
			"faces": {
				"north": {"uv": [11.25, 1.75, 11.5, 3.55], "texture": "#0"},
				"east": {"uv": [10.75, 1.75, 12.05, 3.55], "texture": "#0"},
				"south": {"uv": [10.75, 1.75, 11, 3.55], "texture": "#0"},
				"west": {"uv": [10.75, 1.75, 12.05, 3.55], "texture": "#0"},
				"up": {"uv": [11, 1.75, 11.25, 3.05], "texture": "#0"},
				"down": {"uv": [11, 2, 11.25, 3.3], "rotation": 180, "texture": "#0"}
			}
		},
		{
			"from": [6.3, 6, 13.2],
			"to": [6.8, 9.6, 15.8],
			"faces": {
				"north": {"uv": [11.25, 1.75, 11.5, 3.55], "texture": "#0"},
				"east": {"uv": [10.75, 1.75, 12.05, 3.55], "texture": "#0"},
				"south": {"uv": [10.75, 1.75, 11, 3.55], "texture": "#0"},
				"west": {"uv": [10.75, 1.75, 12.05, 3.55], "texture": "#0"},
				"up": {"uv": [11, 1.75, 11.25, 3.05], "texture": "#0"},
				"down": {"uv": [11, 2, 11.25, 3.3], "rotation": 180, "texture": "#0"}
			}
		},
		{
			"from": [5.6, 6, 13.2],
			"to": [6.1, 9.6, 15.8],
			"faces": {
				"north": {"uv": [11.25, 1.75, 11.5, 3.55], "texture": "#0"},
				"east": {"uv": [10.75, 1.75, 12.05, 3.55], "texture": "#0"},
				"south": {"uv": [10.75, 1.75, 11, 3.55], "texture": "#0"},
				"west": {"uv": [10.75, 1.75, 12.05, 3.55], "texture": "#0"},
				"up": {"uv": [11, 1.75, 11.25, 3.05], "texture": "#0"},
				"down": {"uv": [11, 2, 11.25, 3.3], "rotation": 180, "texture": "#0"}
			}
		},
		{
			"from": [4.3, 6, 13.2],
			"to": [4.8, 9.6, 15.8],
			"faces": {
				"north": {"uv": [11.25, 1.75, 11.5, 3.55], "texture": "#0"},
				"east": {"uv": [10.75, 1.75, 12.05, 3.55], "texture": "#0"},
				"south": {"uv": [10.75, 1.75, 11, 3.55], "texture": "#0"},
				"west": {"uv": [10.75, 1.75, 12.05, 3.55], "texture": "#0"},
				"up": {"uv": [11, 1.75, 11.25, 3.05], "texture": "#0"},
				"down": {"uv": [11, 2, 11.25, 3.3], "rotation": 180, "texture": "#0"}
			}
		},
		{
			"from": [8.9, 6, 13.2],
			"to": [9.4, 9.6, 15.8],
			"faces": {
				"north": {"uv": [11.25, 1.75, 11.5, 3.55], "texture": "#0"},
				"east": {"uv": [10.75, 1.75, 12.05, 3.55], "texture": "#0"},
				"south": {"uv": [10.75, 1.75, 11, 3.55], "texture": "#0"},
				"west": {"uv": [10.75, 1.75, 12.05, 3.55], "texture": "#0"},
				"up": {"uv": [11, 1.75, 11.25, 3.05], "texture": "#0"},
				"down": {"uv": [11, 2, 11.25, 3.3], "rotation": 180, "texture": "#0"}
			}
		},
		{
			"from": [-8.3, 11, 8.5],
			"to": [-5.6, 14.8, 8.5],
			"rotation": {"angle": 45, "axis": "y", "origin": [0, 0, 0]},
			"faces": {
				"north": {"uv": [9.7, 1.425, 8.35, 3.325], "texture": "#0"},
				"south": {"uv": [8.35, 1.425, 9.7, 3.325], "texture": "#0"}
			}
		},
		{
			"from": [-8.3, 11, 8.5],
			"to": [-8.3, 14.8, 9],
			"rotation": {"angle": 45, "axis": "y", "origin": [0, 0, 0]},
			"faces": {
				"east": {"uv": [8.5, 0.1, 8.75, 2], "texture": "#0"},
				"west": {"uv": [8.5, 0.1, 8.75, 2], "texture": "#0"}
			}
		},
		{
			"from": [-8.3, 11, 9],
			"to": [-5.6, 14.8, 9],
			"rotation": {"angle": 45, "axis": "y", "origin": [0, 0, 0]},
			"faces": {
				"north": {"uv": [9.1, 0.1, 10.45, 2], "texture": "#0"},
				"south": {"uv": [9.1, 0.1, 10.45, 2], "texture": "#0"}
			}
		},
		{
			"from": [-8.3, 11.1, 8.5],
			"to": [-5.7, 14.7, 9],
			"rotation": {"angle": 45, "axis": "y", "origin": [0, 0, 0]},
			"faces": {
				"east": {"uv": [15.4, 9.5, 15.65, 11.3], "texture": "#0"},
				"up": {"uv": [15.4, 9.5, 15.65, 10.8], "rotation": 90, "texture": "#0"},
				"down": {"uv": [15.4, 9.5, 15.65, 10.8], "rotation": 90, "texture": "#0"}
			}
		},
		{
			"from": [9.6, 11, 11.9],
			"to": [12.3, 14.8, 11.9],
			"rotation": {"angle": 22.5, "axis": "y", "origin": [0, 0, 0]},
			"faces": {
				"north": {"uv": [10, 12, 11.35, 13.9], "texture": "#0"},
				"south": {"uv": [10, 12, 11.35, 13.9], "texture": "#0"}
			}
		},
		{
			"from": [12.3, 11, 11.4],
			"to": [12.3, 14.8, 11.9],
			"rotation": {"angle": 22.5, "axis": "y", "origin": [0, 0, 0]},
			"faces": {
				"east": {"uv": [12.25, 12.95, 12.5, 14.85], "texture": "#0"},
				"west": {"uv": [12.25, 12.95, 12.5, 14.85], "texture": "#0"}
			}
		},
		{
			"from": [9.6, 11, 11.4],
			"to": [12.3, 14.8, 11.4],
			"rotation": {"angle": 22.5, "axis": "y", "origin": [0, 0, 0]},
			"faces": {
				"north": {"uv": [10, 14.1, 11.35, 16], "texture": "#0"},
				"south": {"uv": [10, 14.1, 11.35, 16], "texture": "#0"}
			}
		},
		{
			"from": [9.7, 11.1, 11.4],
			"to": [12.3, 14.7, 11.9],
			"rotation": {"angle": 22.5, "axis": "y", "origin": [0, 0, 0]},
			"faces": {
				"west": {"uv": [15.4, 9.5, 15.65, 11.3], "texture": "#0"},
				"up": {"uv": [15.4, 9.5, 15.65, 10.8], "rotation": 270, "texture": "#0"},
				"down": {"uv": [15.4, 9.5, 15.65, 10.8], "rotation": 270, "texture": "#0"}
			}
		},
		{
			"from": [7.7, 11, 0.2],
			"to": [7.7, 14.8, 2.9],
			"faces": {
				"east": {"uv": [3.5, 8.2, 4.85, 10.1], "texture": "#0"},
				"west": {"uv": [3.5, 8.2, 4.85, 10.1], "texture": "#0"}
			}
		},
		{
			"from": [7.2, 11, 0.2],
			"to": [7.7, 14.8, 0.2],
			"faces": {
				"north": {"uv": [3.25, 8.7, 3.5, 10.6], "texture": "#0"},
				"south": {"uv": [3.25, 8.7, 3.5, 10.6], "texture": "#0"}
			}
		},
		{
			"from": [7.2, 11, 0.2],
			"to": [7.2, 14.8, 2.9],
			"faces": {
				"east": {"uv": [2.75, 13.95, 4.1, 15.85], "texture": "#0"},
				"west": {"uv": [2.75, 13.95, 4.1, 15.85], "texture": "#0"}
			}
		},
		{
			"from": [7.2, 11.1, 0.2],
			"to": [7.7, 14.7, 2.8],
			"faces": {
				"south": {"uv": [15.4, 9.5, 15.65, 11.3], "texture": "#0"},
				"up": {"uv": [15.4, 9.5, 15.65, 10.8], "rotation": 180, "texture": "#0"},
				"down": {"uv": [15.4, 9.5, 15.65, 10.8], "texture": "#0"}
			}
		},
		{
			"from": [8.3, 11, 0.2],
			"to": [8.3, 14.8, 2.9],
			"faces": {
				"east": {"uv": [3.5, 8.2, 4.85, 10.1], "texture": "#0"},
				"west": {"uv": [3.5, 8.2, 4.85, 10.1], "texture": "#0"}
			}
		},
		{
			"from": [7.8, 11, 0.2],
			"to": [8.3, 14.8, 0.2],
			"faces": {
				"north": {"uv": [3.25, 8.7, 3.5, 10.6], "texture": "#0"},
				"south": {"uv": [3.25, 8.7, 3.5, 10.6], "texture": "#0"}
			}
		},
		{
			"from": [7.8, 11, 0.2],
			"to": [7.8, 14.8, 2.9],
			"faces": {
				"east": {"uv": [2.75, 13.95, 4.1, 15.85], "texture": "#0"},
				"west": {"uv": [2.75, 13.95, 4.1, 15.85], "texture": "#0"}
			}
		},
		{
			"from": [7.8, 11.1, 0.2],
			"to": [8.3, 14.7, 2.8],
			"faces": {
				"south": {"uv": [15.4, 9.5, 15.65, 11.3], "texture": "#0"},
				"up": {"uv": [15.4, 9.5, 15.65, 10.8], "rotation": 180, "texture": "#0"},
				"down": {"uv": [15.4, 9.5, 15.65, 10.8], "texture": "#0"}
			}
		},
		{
			"from": [9.7, 11, 0.2],
			"to": [9.7, 14.8, 2.9],
			"faces": {
				"east": {"uv": [3.5, 8.2, 4.85, 10.1], "texture": "#0"},
				"west": {"uv": [3.5, 8.2, 4.85, 10.1], "texture": "#0"}
			}
		},
		{
			"from": [9.2, 11, 0.2],
			"to": [9.7, 14.8, 0.2],
			"faces": {
				"north": {"uv": [3.25, 8.7, 3.5, 10.6], "texture": "#0"},
				"south": {"uv": [3.25, 8.7, 3.5, 10.6], "texture": "#0"}
			}
		},
		{
			"from": [9.2, 11, 0.2],
			"to": [9.2, 14.8, 2.9],
			"faces": {
				"east": {"uv": [2.75, 13.95, 4.1, 15.85], "texture": "#0"},
				"west": {"uv": [2.75, 13.95, 4.1, 15.85], "texture": "#0"}
			}
		},
		{
			"from": [9.2, 11.1, 0.2],
			"to": [9.7, 14.7, 2.8],
			"faces": {
				"south": {"uv": [15.4, 9.5, 15.65, 11.3], "texture": "#0"},
				"up": {"uv": [15.4, 9.5, 15.65, 10.8], "rotation": 180, "texture": "#0"},
				"down": {"uv": [15.4, 9.5, 15.65, 10.8], "texture": "#0"}
			}
		},
		{
			"from": [10.7, 11, 0.2],
			"to": [10.7, 14.8, 2.9],
			"faces": {
				"east": {"uv": [3.5, 8.2, 4.85, 10.1], "texture": "#0"},
				"west": {"uv": [3.5, 8.2, 4.85, 10.1], "texture": "#0"}
			}
		},
		{
			"from": [10.2, 11, 0.2],
			"to": [10.7, 14.8, 0.2],
			"faces": {
				"north": {"uv": [3.25, 8.7, 3.5, 10.6], "texture": "#0"},
				"south": {"uv": [3.25, 8.7, 3.5, 10.6], "texture": "#0"}
			}
		},
		{
			"from": [10.2, 11, 0.2],
			"to": [10.2, 14.8, 2.9],
			"faces": {
				"east": {"uv": [2.75, 13.95, 4.1, 15.85], "texture": "#0"},
				"west": {"uv": [2.75, 13.95, 4.1, 15.85], "texture": "#0"}
			}
		},
		{
			"from": [10.2, 11.1, 0.2],
			"to": [10.7, 14.7, 2.8],
			"faces": {
				"south": {"uv": [15.4, 9.5, 15.65, 11.3], "texture": "#0"},
				"up": {"uv": [15.4, 9.5, 15.65, 10.8], "rotation": 180, "texture": "#0"},
				"down": {"uv": [15.4, 9.5, 15.65, 10.8], "texture": "#0"}
			}
		},
		{
			"from": [11.3, 11, 0.2],
			"to": [11.3, 14.8, 2.9],
			"faces": {
				"east": {"uv": [3.5, 8.2, 4.85, 10.1], "texture": "#0"},
				"west": {"uv": [3.5, 8.2, 4.85, 10.1], "texture": "#0"}
			}
		},
		{
			"from": [10.8, 11, 0.2],
			"to": [11.3, 14.8, 0.2],
			"faces": {
				"north": {"uv": [3.25, 8.7, 3.5, 10.6], "texture": "#0"},
				"south": {"uv": [3.25, 8.7, 3.5, 10.6], "texture": "#0"}
			}
		},
		{
			"from": [10.8, 11, 0.2],
			"to": [10.8, 14.8, 2.9],
			"faces": {
				"east": {"uv": [2.75, 13.95, 4.1, 15.85], "texture": "#0"},
				"west": {"uv": [2.75, 13.95, 4.1, 15.85], "texture": "#0"}
			}
		},
		{
			"from": [10.8, 11.1, 0.2],
			"to": [11.3, 14.7, 2.8],
			"faces": {
				"south": {"uv": [15.4, 9.5, 15.65, 11.3], "texture": "#0"},
				"up": {"uv": [15.4, 9.5, 15.65, 10.8], "rotation": 180, "texture": "#0"},
				"down": {"uv": [15.4, 9.5, 15.65, 10.8], "texture": "#0"}
			}
		},
		{
			"from": [12.1, 11, -4.7],
			"to": [12.1, 14.8, -2],
			"rotation": {"angle": -22.5, "axis": "y", "origin": [0, 0, 0]},
			"faces": {
				"east": {"uv": [3.5, 8.2, 4.85, 10.1], "texture": "#0"},
				"west": {"uv": [3.5, 8.2, 4.85, 10.1], "texture": "#0"}
			}
		},
		{
			"from": [11.6, 11, -4.7],
			"to": [12.1, 14.8, -4.7],
			"rotation": {"angle": -22.5, "axis": "y", "origin": [0, 0, 0]},
			"faces": {
				"north": {"uv": [3.25, 8.7, 3.5, 10.6], "texture": "#0"},
				"south": {"uv": [3.25, 8.7, 3.5, 10.6], "texture": "#0"}
			}
		},
		{
			"from": [11.6, 11, -4.7],
			"to": [11.6, 14.8, -2],
			"rotation": {"angle": -22.5, "axis": "y", "origin": [0, 0, 0]},
			"faces": {
				"east": {"uv": [2.75, 13.95, 4.1, 15.85], "texture": "#0"},
				"west": {"uv": [2.75, 13.95, 4.1, 15.85], "texture": "#0"}
			}
		},
		{
			"from": [11.6, 11.1, -4.7],
			"to": [12.1, 14.7, -2.1],
			"rotation": {"angle": -22.5, "axis": "y", "origin": [0, 0, 0]},
			"faces": {
				"south": {"uv": [15.4, 9.5, 15.65, 11.3], "texture": "#0"},
				"up": {"uv": [15.4, 9.5, 15.65, 10.8], "rotation": 180, "texture": "#0"},
				"down": {"uv": [15.4, 9.5, 15.65, 10.8], "texture": "#0"}
			}
		},
		{
			"from": [10.7, 1, 0.1],
			"to": [10.7, 4.8, 2.8],
			"faces": {
				"east": {"uv": [13.25, 4.95, 14.6, 6.85], "texture": "#0"},
				"west": {"uv": [13.25, 4.95, 14.6, 6.85], "texture": "#0"}
			}
		},
		{
			"from": [10.2, 1, 0.1],
			"to": [10.7, 4.8, 0.1],
			"faces": {
				"north": {"uv": [14.25, 5.2, 14.5, 7.1], "texture": "#0"},
				"south": {"uv": [14.25, 5.2, 14.5, 7.1], "texture": "#0"}
			}
		},
		{
			"from": [10.2, 1, 0.1],
			"to": [10.2, 4.8, 2.8],
			"faces": {
				"east": {"uv": [13.25, 4.95, 14.6, 6.85], "texture": "#0"},
				"west": {"uv": [13.25, 4.95, 14.6, 6.85], "texture": "#0"}
			}
		},
		{
			"from": [10.2, 1.1, 0.1],
			"to": [10.7, 4.7, 2.7],
			"faces": {
				"south": {"uv": [15.4, 9.5, 15.65, 11.3], "texture": "#0"},
				"up": {"uv": [15.4, 9.5, 15.65, 10.8], "rotation": 180, "texture": "#0"},
				"down": {"uv": [15.4, 9.5, 15.65, 10.8], "texture": "#0"}
			}
		},
		{
			"from": [10, 1, 0.1],
			"to": [10, 4.8, 2.8],
			"faces": {
				"east": {"uv": [13.25, 4.95, 14.6, 6.85], "texture": "#0"},
				"west": {"uv": [13.25, 4.95, 14.6, 6.85], "texture": "#0"}
			}
		},
		{
			"from": [9.5, 1, 0.1],
			"to": [10, 4.8, 0.1],
			"faces": {
				"north": {"uv": [14.25, 5.2, 14.5, 7.1], "texture": "#0"},
				"south": {"uv": [14.25, 5.2, 14.5, 7.1], "texture": "#0"}
			}
		},
		{
			"from": [9.5, 1, 0.1],
			"to": [9.5, 4.8, 2.8],
			"faces": {
				"east": {"uv": [13.25, 4.95, 14.6, 6.85], "texture": "#0"},
				"west": {"uv": [13.25, 4.95, 14.6, 6.85], "texture": "#0"}
			}
		},
		{
			"from": [9.5, 1.1, 0.1],
			"to": [10, 4.7, 2.7],
			"faces": {
				"south": {"uv": [15.4, 9.5, 15.65, 11.3], "texture": "#0"},
				"up": {"uv": [15.4, 9.5, 15.65, 10.8], "rotation": 180, "texture": "#0"},
				"down": {"uv": [15.4, 9.5, 15.65, 10.8], "texture": "#0"}
			}
		},
		{
			"from": [9.8, 6, 0.1],
			"to": [9.8, 9.8, 2.8],
			"faces": {
				"east": {"uv": [13.25, 4.95, 14.6, 6.85], "texture": "#0"},
				"west": {"uv": [13.25, 4.95, 14.6, 6.85], "texture": "#0"}
			}
		},
		{
			"from": [9.3, 6, 0.1],
			"to": [9.8, 9.8, 0.1],
			"faces": {
				"north": {"uv": [14.25, 5.2, 14.5, 7.1], "texture": "#0"},
				"south": {"uv": [14.25, 5.2, 14.5, 7.1], "texture": "#0"}
			}
		},
		{
			"from": [9.3, 6, 0.1],
			"to": [9.3, 9.8, 2.8],
			"faces": {
				"east": {"uv": [13.25, 4.95, 14.6, 6.85], "texture": "#0"},
				"west": {"uv": [13.25, 4.95, 14.6, 6.85], "texture": "#0"}
			}
		},
		{
			"from": [9.3, 6.1, 0.1],
			"to": [9.8, 9.7, 2.7],
			"faces": {
				"south": {"uv": [15.4, 9.5, 15.65, 11.3], "texture": "#0"},
				"up": {"uv": [15.4, 9.5, 15.65, 10.8], "rotation": 180, "texture": "#0"},
				"down": {"uv": [15.4, 9.5, 15.65, 10.8], "texture": "#0"}
			}
		},
		{
			"from": [0.1, 11, 5.7],
			"to": [2.8, 14.8, 5.7],
			"faces": {
				"north": {"uv": [13.25, 4.95, 14.6, 6.85], "texture": "#0"},
				"south": {"uv": [13.25, 4.95, 14.6, 6.85], "texture": "#0"}
			}
		},
		{
			"from": [0.1, 11, 5.7],
			"to": [0.1, 14.8, 6.2],
			"faces": {
				"east": {"uv": [14.25, 5.2, 14.5, 7.1], "texture": "#0"},
				"west": {"uv": [14.25, 5.2, 14.5, 7.1], "texture": "#0"}
			}
		},
		{
			"from": [0.1, 11, 6.2],
			"to": [2.8, 14.8, 6.2],
			"faces": {
				"north": {"uv": [13.25, 4.95, 14.6, 6.85], "texture": "#0"},
				"south": {"uv": [13.25, 4.95, 14.6, 6.85], "texture": "#0"}
			}
		},
		{
			"from": [0.1, 11.1, 5.7],
			"to": [2.7, 14.7, 6.2],
			"faces": {
				"east": {"uv": [15.4, 9.5, 15.65, 11.3], "texture": "#0"},
				"up": {"uv": [15.4, 9.5, 15.65, 10.8], "rotation": 90, "texture": "#0"},
				"down": {"uv": [15.4, 9.5, 15.65, 10.8], "rotation": 90, "texture": "#0"}
			}
		},
		{
			"from": [13.1, 11, 4.6],
			"to": [15.8, 14.8, 4.6],
			"faces": {
				"north": {"uv": [8.5, 5.2, 9.85, 7.1], "texture": "#0"},
				"south": {"uv": [8.5, 5.2, 9.85, 7.1], "texture": "#0"}
			}
		},
		{
			"from": [15.8, 11, 4.1],
			"to": [15.8, 14.8, 4.6],
			"faces": {
				"east": {"uv": [9.25, 5.45, 9.5, 7.35], "texture": "#0"},
				"west": {"uv": [9.25, 5.45, 9.5, 7.35], "texture": "#0"}
			}
		},
		{
			"from": [13.1, 11, 4.1],
			"to": [15.8, 14.8, 4.1],
			"faces": {
				"north": {"uv": [8.5, 5.2, 9.85, 7.1], "texture": "#0"},
				"south": {"uv": [8.5, 5.2, 9.85, 7.1], "texture": "#0"}
			}
		},
		{
			"from": [13.2, 11.1, 4.1],
			"to": [15.8, 14.7, 4.6],
			"faces": {
				"west": {"uv": [15.4, 9.5, 15.65, 11.3], "texture": "#0"},
				"up": {"uv": [15.4, 9.5, 15.65, 10.8], "rotation": 270, "texture": "#0"},
				"down": {"uv": [15.4, 9.5, 15.65, 10.8], "rotation": 270, "texture": "#0"}
			}
		},
		{
			"from": [13.2, 1, 7.7],
			"to": [15.9, 4.8, 7.7],
			"faces": {
				"north": {"uv": [10.5, 9.45, 11.85, 11.35], "texture": "#0"},
				"south": {"uv": [10.5, 9.45, 11.85, 11.35], "texture": "#0"}
			}
		},
		{
			"from": [15.9, 1, 7.2],
			"to": [15.9, 4.8, 7.7],
			"faces": {
				"east": {"uv": [10.75, 9.2, 11, 11.1], "texture": "#0"},
				"west": {"uv": [10.75, 9.2, 11, 11.1], "texture": "#0"}
			}
		},
		{
			"from": [13.2, 1, 7.2],
			"to": [15.9, 4.8, 7.2],
			"faces": {
				"north": {"uv": [10.5, 9.45, 11.85, 11.35], "texture": "#0"},
				"south": {"uv": [10.5, 9.45, 11.85, 11.35], "texture": "#0"}
			}
		},
		{
			"from": [13.3, 1.1, 7.2],
			"to": [15.9, 4.7, 7.7],
			"faces": {
				"west": {"uv": [15.4, 9.5, 15.65, 11.3], "texture": "#0"},
				"up": {"uv": [15.4, 9.5, 15.65, 10.8], "rotation": 270, "texture": "#0"},
				"down": {"uv": [15.4, 9.5, 15.65, 10.8], "rotation": 270, "texture": "#0"}
			}
		},
		{
			"from": [13.2, 1, 6.4],
			"to": [15.9, 4.8, 6.4],
			"faces": {
				"north": {"uv": [10.5, 9.45, 11.85, 11.35], "texture": "#0"},
				"south": {"uv": [10.5, 9.45, 11.85, 11.35], "texture": "#0"}
			}
		},
		{
			"from": [15.9, 1, 5.9],
			"to": [15.9, 4.8, 6.4],
			"faces": {
				"east": {"uv": [10.75, 9.2, 11, 11.1], "texture": "#0"},
				"west": {"uv": [10.75, 9.2, 11, 11.1], "texture": "#0"}
			}
		},
		{
			"from": [13.2, 1, 5.9],
			"to": [15.9, 4.8, 5.9],
			"faces": {
				"north": {"uv": [10.5, 9.45, 11.85, 11.35], "texture": "#0"},
				"south": {"uv": [10.5, 9.45, 11.85, 11.35], "texture": "#0"}
			}
		},
		{
			"from": [13.3, 1.1, 5.9],
			"to": [15.9, 4.7, 6.4],
			"faces": {
				"west": {"uv": [15.4, 9.5, 15.65, 11.3], "texture": "#0"},
				"up": {"uv": [15.4, 9.5, 15.65, 10.8], "rotation": 270, "texture": "#0"},
				"down": {"uv": [15.4, 9.5, 15.65, 10.8], "rotation": 270, "texture": "#0"}
			}
		},
		{
			"from": [13.2, 1, 5.6],
			"to": [15.9, 4.8, 5.6],
			"faces": {
				"north": {"uv": [10.5, 9.45, 11.85, 11.35], "texture": "#0"},
				"south": {"uv": [10.5, 9.45, 11.85, 11.35], "texture": "#0"}
			}
		},
		{
			"from": [15.9, 1, 5.1],
			"to": [15.9, 4.8, 5.6],
			"faces": {
				"east": {"uv": [10.75, 9.2, 11, 11.1], "texture": "#0"},
				"west": {"uv": [10.75, 9.2, 11, 11.1], "texture": "#0"}
			}
		},
		{
			"from": [13.2, 1, 5.1],
			"to": [15.9, 4.8, 5.1],
			"faces": {
				"north": {"uv": [10.5, 9.45, 11.85, 11.35], "texture": "#0"},
				"south": {"uv": [10.5, 9.45, 11.85, 11.35], "texture": "#0"}
			}
		},
		{
			"from": [13.3, 1.1, 5.1],
			"to": [15.9, 4.7, 5.6],
			"faces": {
				"west": {"uv": [15.4, 9.5, 15.65, 11.3], "texture": "#0"},
				"up": {"uv": [15.4, 9.5, 15.65, 10.8], "rotation": 270, "texture": "#0"},
				"down": {"uv": [15.4, 9.5, 15.65, 10.8], "rotation": 270, "texture": "#0"}
			}
		},
		{
			"from": [13.2, 1, 8.7],
			"to": [15.9, 4.8, 8.7],
			"faces": {
				"north": {"uv": [10.5, 9.45, 11.85, 11.35], "texture": "#0"},
				"south": {"uv": [10.5, 9.45, 11.85, 11.35], "texture": "#0"}
			}
		},
		{
			"from": [15.9, 1, 8.2],
			"to": [15.9, 4.8, 8.7],
			"faces": {
				"east": {"uv": [10.75, 9.2, 11, 11.1], "texture": "#0"},
				"west": {"uv": [10.75, 9.2, 11, 11.1], "texture": "#0"}
			}
		},
		{
			"from": [13.2, 1, 8.2],
			"to": [15.9, 4.8, 8.2],
			"faces": {
				"north": {"uv": [10.5, 9.45, 11.85, 11.35], "texture": "#0"},
				"south": {"uv": [10.5, 9.45, 11.85, 11.35], "texture": "#0"}
			}
		},
		{
			"from": [13.3, 1.1, 8.2],
			"to": [15.9, 4.7, 8.7],
			"faces": {
				"west": {"uv": [15.4, 9.5, 15.65, 11.3], "texture": "#0"},
				"up": {"uv": [15.4, 9.5, 15.65, 10.8], "rotation": 270, "texture": "#0"},
				"down": {"uv": [15.4, 9.5, 15.65, 10.8], "rotation": 270, "texture": "#0"}
			}
		},
		{
			"from": [13.2, 1, 9.3],
			"to": [15.9, 4.8, 9.3],
			"faces": {
				"north": {"uv": [10.5, 9.45, 11.85, 11.35], "texture": "#0"},
				"south": {"uv": [10.5, 9.45, 11.85, 11.35], "texture": "#0"}
			}
		},
		{
			"from": [15.9, 1, 8.8],
			"to": [15.9, 4.8, 9.3],
			"faces": {
				"east": {"uv": [10.75, 9.2, 11, 11.1], "texture": "#0"},
				"west": {"uv": [10.75, 9.2, 11, 11.1], "texture": "#0"}
			}
		},
		{
			"from": [13.2, 1, 8.8],
			"to": [15.9, 4.8, 8.8],
			"faces": {
				"north": {"uv": [10.5, 9.45, 11.85, 11.35], "texture": "#0"},
				"south": {"uv": [10.5, 9.45, 11.85, 11.35], "texture": "#0"}
			}
		},
		{
			"from": [13.3, 1.1, 8.8],
			"to": [15.9, 4.7, 9.3],
			"faces": {
				"west": {"uv": [15.4, 9.5, 15.65, 11.3], "texture": "#0"},
				"up": {"uv": [15.4, 9.5, 15.65, 10.8], "rotation": 270, "texture": "#0"},
				"down": {"uv": [15.4, 9.5, 15.65, 10.8], "rotation": 270, "texture": "#0"}
			}
		},
		{
			"from": [13.2, -3.2, 10.8],
			"to": [15.9, 0.6, 10.8],
			"rotation": {"angle": -22.5, "axis": "x", "origin": [0, 0, 0]},
			"faces": {
				"north": {"uv": [10.5, 9.45, 11.85, 11.35], "texture": "#0"},
				"south": {"uv": [10.5, 9.45, 11.85, 11.35], "texture": "#0"}
			}
		},
		{
			"from": [15.9, -3.2, 10.3],
			"to": [15.9, 0.6, 10.8],
			"rotation": {"angle": -22.5, "axis": "x", "origin": [0, 0, 0]},
			"faces": {
				"east": {"uv": [10.75, 9.2, 11, 11.1], "texture": "#0"},
				"west": {"uv": [10.75, 9.2, 11, 11.1], "texture": "#0"}
			}
		},
		{
			"from": [13.2, -3.2, 10.3],
			"to": [15.9, 0.6, 10.3],
			"rotation": {"angle": -22.5, "axis": "x", "origin": [0, 0, 0]},
			"faces": {
				"north": {"uv": [10.5, 9.45, 11.85, 11.35], "texture": "#0"},
				"south": {"uv": [10.5, 9.45, 11.85, 11.35], "texture": "#0"}
			}
		},
		{
			"from": [13.3, -3.1, 10.3],
			"to": [15.9, 0.5, 10.8],
			"rotation": {"angle": -22.5, "axis": "x", "origin": [0, 0, 0]},
			"faces": {
				"west": {"uv": [15.4, 9.5, 15.65, 11.3], "texture": "#0"},
				"up": {"uv": [15.4, 9.5, 15.65, 10.8], "rotation": 270, "texture": "#0"},
				"down": {"uv": [15.4, 9.5, 15.65, 10.8], "rotation": 270, "texture": "#0"}
			}
		},
		{
			"from": [0.2, 11, 9],
			"to": [2.9, 14.8, 9],
			"faces": {
				"north": {"uv": [10.5, 9.45, 11.85, 11.35], "texture": "#0"},
				"south": {"uv": [10.5, 9.45, 11.85, 11.35], "texture": "#0"}
			}
		},
		{
			"from": [0.2, 11, 9],
			"to": [0.2, 14.8, 9.5],
			"faces": {
				"east": {"uv": [10.75, 9.2, 11, 11.1], "texture": "#0"},
				"west": {"uv": [10.75, 9.2, 11, 11.1], "texture": "#0"}
			}
		},
		{
			"from": [0.2, 11, 9.5],
			"to": [2.9, 14.8, 9.5],
			"faces": {
				"north": {"uv": [10.5, 9.45, 11.85, 11.35], "texture": "#0"},
				"south": {"uv": [10.5, 9.45, 11.85, 11.35], "texture": "#0"}
			}
		},
		{
			"from": [0.2, 11.1, 9],
			"to": [2.8, 14.7, 9.5],
			"faces": {
				"east": {"uv": [15.4, 9.5, 15.65, 11.3], "texture": "#0"},
				"up": {"uv": [15.4, 9.5, 15.65, 10.8], "rotation": 90, "texture": "#0"},
				"down": {"uv": [15.4, 9.5, 15.65, 10.8], "rotation": 90, "texture": "#0"}
			}
		},
		{
			"from": [3.5, 6, -0.3],
			"to": [6.2, 9.8, -0.3],
			"rotation": {"angle": -22.5, "axis": "y", "origin": [0, 0, 0]},
			"faces": {
				"north": {"uv": [11.25, 4.2, 12.6, 6.1], "texture": "#0"},
				"south": {"uv": [11.25, 4.2, 12.6, 6.1], "texture": "#0"}
			}
		},
		{
			"from": [3.5, 6, -0.3],
			"to": [3.5, 9.8, 0.2],
			"rotation": {"angle": -22.5, "axis": "y", "origin": [0, 0, 0]},
			"faces": {
				"east": {"uv": [11.75, 5.7, 12, 7.6], "texture": "#0"},
				"west": {"uv": [11.75, 5.7, 12, 7.6], "texture": "#0"}
			}
		},
		{
			"from": [3.5, 6, 0.2],
			"to": [6.2, 9.8, 0.2],
			"rotation": {"angle": -22.5, "axis": "y", "origin": [0, 0, 0]},
			"faces": {
				"north": {"uv": [11.25, 4.2, 12.6, 6.1], "texture": "#0"},
				"south": {"uv": [11.25, 4.2, 12.6, 6.1], "texture": "#0"}
			}
		},
		{
			"from": [3.5, 6.1, -0.3],
			"to": [6.1, 9.7, 0.2],
			"rotation": {"angle": -22.5, "axis": "y", "origin": [0, 0, 0]},
			"faces": {
				"east": {"uv": [15.4, 9.5, 15.65, 11.3], "texture": "#0"},
				"up": {"uv": [15.4, 9.5, 15.65, 10.8], "rotation": 90, "texture": "#0"},
				"down": {"uv": [15.4, 9.5, 15.65, 10.8], "rotation": 90, "texture": "#0"}
			}
		},
		{
			"from": [4.9, 1, 0.1],
			"to": [4.9, 4.8, 2.8],
			"faces": {
				"east": {"uv": [0.5, 9.2, 1.85, 11.1], "texture": "#0"},
				"west": {"uv": [0.5, 9.2, 1.85, 11.1], "texture": "#0"}
			}
		},
		{
			"from": [4.4, 1, 0.1],
			"to": [4.9, 4.8, 0.1],
			"faces": {
				"north": {"uv": [1.5, 8.95, 1.75, 10.85], "texture": "#0"},
				"south": {"uv": [1.5, 8.95, 1.75, 10.85], "texture": "#0"}
			}
		},
		{
			"from": [4.4, 1, 0.1],
			"to": [4.4, 4.8, 2.8],
			"faces": {
				"east": {"uv": [0.5, 9.2, 1.85, 11.1], "texture": "#0"},
				"west": {"uv": [0.5, 9.2, 1.85, 11.1], "texture": "#0"}
			}
		},
		{
			"from": [4.4, 1.1, 0.1],
			"to": [4.9, 4.7, 2.7],
			"faces": {
				"south": {"uv": [15.4, 9.5, 15.65, 11.3], "texture": "#0"},
				"up": {"uv": [15.4, 9.5, 15.65, 10.8], "rotation": 180, "texture": "#0"},
				"down": {"uv": [15.4, 9.5, 15.65, 10.8], "texture": "#0"}
			}
		},
		{
			"from": [5.5, 1, 0.1],
			"to": [5.5, 4.8, 2.8],
			"faces": {
				"east": {"uv": [0.5, 9.2, 1.85, 11.1], "texture": "#0"},
				"west": {"uv": [0.5, 9.2, 1.85, 11.1], "texture": "#0"}
			}
		},
		{
			"from": [0.2, 6, 11.3],
			"to": [2.9, 9.8, 11.3],
			"faces": {
				"north": {"uv": [8.5, 5.2, 9.85, 7.1], "texture": "#0"},
				"south": {"uv": [8.5, 5.2, 9.85, 7.1], "texture": "#0"}
			}
		},
		{
			"from": [0.2, 6, 11.3],
			"to": [0.2, 9.8, 11.8],
			"faces": {
				"east": {"uv": [9.25, 5.45, 9.5, 7.35], "texture": "#0"},
				"west": {"uv": [9.25, 5.45, 9.5, 7.35], "texture": "#0"}
			}
		},
		{
			"from": [0.2, 6, 11.8],
			"to": [2.9, 9.8, 11.8],
			"faces": {
				"north": {"uv": [8.5, 5.2, 9.85, 7.1], "texture": "#0"},
				"south": {"uv": [8.5, 5.2, 9.85, 7.1], "texture": "#0"}
			}
		},
		{
			"from": [0.2, 6.1, 11.3],
			"to": [2.8, 9.7, 11.8],
			"faces": {
				"east": {"uv": [15.4, 9.5, 15.65, 11.3], "texture": "#0"},
				"up": {"uv": [15.4, 9.5, 15.65, 10.8], "rotation": 90, "texture": "#0"},
				"down": {"uv": [15.4, 9.5, 15.65, 10.8], "rotation": 90, "texture": "#0"}
			}
		},
		{
			"from": [5, 1, 0.1],
			"to": [5.5, 4.8, 0.1],
			"faces": {
				"north": {"uv": [1.5, 8.95, 1.75, 10.85], "texture": "#0"},
				"south": {"uv": [1.5, 8.95, 1.75, 10.85], "texture": "#0"}
			}
		},
		{
			"from": [5, 1, 0.1],
			"to": [5, 4.8, 2.8],
			"faces": {
				"east": {"uv": [0.5, 9.2, 1.85, 11.1], "texture": "#0"},
				"west": {"uv": [0.5, 9.2, 1.85, 11.1], "texture": "#0"}
			}
		},
		{
			"from": [5, 1.1, 0.1],
			"to": [5.5, 4.7, 2.7],
			"faces": {
				"south": {"uv": [15.4, 9.5, 15.65, 11.3], "texture": "#0"},
				"up": {"uv": [15.4, 9.5, 15.65, 10.8], "rotation": 180, "texture": "#0"},
				"down": {"uv": [15.4, 9.5, 15.65, 10.8], "texture": "#0"}
			}
		},
		{
			"from": [10.9, 6, 0.1],
			"to": [10.9, 9.8, 2.8],
			"faces": {
				"east": {"uv": [0.5, 9.2, 1.85, 11.1], "texture": "#0"},
				"west": {"uv": [0.5, 9.2, 1.85, 11.1], "texture": "#0"}
			}
		},
		{
			"from": [10.4, 6, 0.1],
			"to": [10.9, 9.8, 0.1],
			"faces": {
				"north": {"uv": [1.5, 8.95, 1.75, 10.85], "texture": "#0"},
				"south": {"uv": [1.5, 8.95, 1.75, 10.85], "texture": "#0"}
			}
		},
		{
			"from": [10.4, 6, 0.1],
			"to": [10.4, 9.8, 2.8],
			"faces": {
				"east": {"uv": [0.5, 9.2, 1.85, 11.1], "texture": "#0"},
				"west": {"uv": [0.5, 9.2, 1.85, 11.1], "texture": "#0"}
			}
		},
		{
			"from": [10.4, 6.1, 0.1],
			"to": [10.9, 9.7, 2.7],
			"faces": {
				"south": {"uv": [15.4, 9.5, 15.65, 11.3], "texture": "#0"},
				"up": {"uv": [15.4, 9.5, 15.65, 10.8], "rotation": 180, "texture": "#0"},
				"down": {"uv": [15.4, 9.5, 15.65, 10.8], "texture": "#0"}
			}
		},
		{
			"from": [6, 11, 0.1],
			"to": [6, 14.8, 2.8],
			"faces": {
				"east": {"uv": [0.5, 9.2, 1.85, 11.1], "texture": "#0"},
				"west": {"uv": [0.5, 9.2, 1.85, 11.1], "texture": "#0"}
			}
		},
		{
			"from": [5.5, 11, 0.1],
			"to": [6, 14.8, 0.1],
			"faces": {
				"north": {"uv": [1.5, 8.95, 1.75, 10.85], "texture": "#0"},
				"south": {"uv": [1.5, 8.95, 1.75, 10.85], "texture": "#0"}
			}
		},
		{
			"from": [5.5, 11, 0.1],
			"to": [5.5, 14.8, 2.8],
			"faces": {
				"east": {"uv": [0.5, 9.2, 1.85, 11.1], "texture": "#0"},
				"west": {"uv": [0.5, 9.2, 1.85, 11.1], "texture": "#0"}
			}
		},
		{
			"from": [5.5, 11.1, 0.1],
			"to": [6, 14.7, 2.7],
			"faces": {
				"south": {"uv": [15.4, 9.5, 15.65, 11.3], "texture": "#0"},
				"up": {"uv": [15.4, 9.5, 15.65, 10.8], "rotation": 180, "texture": "#0"},
				"down": {"uv": [15.4, 9.5, 15.65, 10.8], "texture": "#0"}
			}
		},
		{
			"from": [0.2, 6, 4.1],
			"to": [2.9, 9.8, 4.1],
			"faces": {
				"north": {"uv": [0.5, 9.2, 1.85, 11.1], "texture": "#0"},
				"south": {"uv": [0.5, 9.2, 1.85, 11.1], "texture": "#0"}
			}
		},
		{
			"from": [0.2, 6, 4.1],
			"to": [0.2, 9.8, 4.6],
			"faces": {
				"east": {"uv": [1.5, 8.95, 1.75, 10.85], "texture": "#0"},
				"west": {"uv": [1.5, 8.95, 1.75, 10.85], "texture": "#0"}
			}
		},
		{
			"from": [0.2, 11.1, 8.1],
			"to": [2.8, 14.7, 8.6],
			"faces": {
				"east": {"uv": [15.4, 9.5, 15.65, 11.3], "texture": "#0"},
				"up": {"uv": [15.4, 9.5, 15.65, 10.8], "rotation": 90, "texture": "#0"},
				"down": {"uv": [15.4, 9.5, 15.65, 10.8], "rotation": 90, "texture": "#0"}
			}
		},
		{
			"from": [0.2, 11, 8.1],
			"to": [2.9, 14.8, 8.1],
			"faces": {
				"north": {"uv": [0.5, 9.2, 1.85, 11.1], "texture": "#0"},
				"south": {"uv": [0.5, 9.2, 1.85, 11.1], "texture": "#0"}
			}
		},
		{
			"from": [0.2, 11, 8.6],
			"to": [2.9, 14.8, 8.6],
			"faces": {
				"north": {"uv": [0.5, 9.2, 1.85, 11.1], "texture": "#0"},
				"south": {"uv": [0.5, 9.2, 1.85, 11.1], "texture": "#0"}
			}
		},
		{
			"from": [0.2, 11, 8.1],
			"to": [0.2, 14.8, 8.6],
			"faces": {
				"east": {"uv": [1.5, 8.95, 1.75, 10.85], "texture": "#0"},
				"west": {"uv": [1.5, 8.95, 1.75, 10.85], "texture": "#0"}
			}
		},
		{
			"from": [0.2, 6.1, 7.1],
			"to": [2.8, 9.7, 7.6],
			"faces": {
				"east": {"uv": [15.4, 9.5, 15.65, 11.3], "texture": "#0"},
				"up": {"uv": [15.4, 9.5, 15.65, 10.8], "rotation": 90, "texture": "#0"},
				"down": {"uv": [15.4, 9.5, 15.65, 10.8], "rotation": 90, "texture": "#0"}
			}
		},
		{
			"from": [0.2, 6, 7.1],
			"to": [2.9, 9.8, 7.1],
			"faces": {
				"north": {"uv": [0.5, 9.2, 1.85, 11.1], "texture": "#0"},
				"south": {"uv": [0.5, 9.2, 1.85, 11.1], "texture": "#0"}
			}
		},
		{
			"from": [0.2, 6, 7.6],
			"to": [2.9, 9.8, 7.6],
			"faces": {
				"north": {"uv": [0.5, 9.2, 1.85, 11.1], "texture": "#0"},
				"south": {"uv": [0.5, 9.2, 1.85, 11.1], "texture": "#0"}
			}
		},
		{
			"from": [0.2, 6, 7.1],
			"to": [0.2, 9.8, 7.6],
			"faces": {
				"east": {"uv": [1.5, 8.95, 1.75, 10.85], "texture": "#0"},
				"west": {"uv": [1.5, 8.95, 1.75, 10.85], "texture": "#0"}
			}
		},
		{
			"from": [10.1, 1.1, 13.2],
			"to": [10.6, 4.7, 15.8],
			"faces": {
				"north": {"uv": [15.4, 9.5, 15.65, 11.3], "texture": "#0"},
				"up": {"uv": [15.4, 9.5, 15.65, 10.8], "texture": "#0"},
				"down": {"uv": [15.4, 9.5, 15.65, 10.8], "rotation": 180, "texture": "#0"}
			}
		},
		{
			"from": [10.1, 1, 13.1],
			"to": [10.1, 4.8, 15.8],
			"faces": {
				"east": {"uv": [0.5, 9.2, 1.85, 11.1], "texture": "#0"},
				"west": {"uv": [0.5, 9.2, 1.85, 11.1], "texture": "#0"}
			}
		},
		{
			"from": [10.6, 1, 13.1],
			"to": [10.6, 4.8, 15.8],
			"faces": {
				"east": {"uv": [0.5, 9.2, 1.85, 11.1], "texture": "#0"},
				"west": {"uv": [0.5, 9.2, 1.85, 11.1], "texture": "#0"}
			}
		},
		{
			"from": [5.3, 1, 13.2],
			"to": [5.3, 4.8, 15.9],
			"faces": {
				"east": {"uv": [11.25, 4.2, 12.6, 6.1], "texture": "#0"},
				"west": {"uv": [11.25, 4.2, 12.6, 6.1], "texture": "#0"}
			}
		},
		{
			"from": [5.3, 1, 15.9],
			"to": [5.8, 4.8, 15.9],
			"faces": {
				"north": {"uv": [11.75, 5.7, 12, 7.6], "texture": "#0"},
				"south": {"uv": [11.75, 5.7, 12, 7.6], "texture": "#0"}
			}
		},
		{
			"from": [5.8, 1, 13.2],
			"to": [5.8, 4.8, 15.9],
			"faces": {
				"east": {"uv": [11.25, 4.2, 12.6, 6.1], "texture": "#0"},
				"west": {"uv": [11.25, 4.2, 12.6, 6.1], "texture": "#0"}
			}
		},
		{
			"from": [5.3, 1.1, 13.3],
			"to": [5.8, 4.7, 15.9],
			"faces": {
				"north": {"uv": [15.4, 9.5, 15.65, 11.3], "texture": "#0"},
				"up": {"uv": [15.4, 9.5, 15.65, 10.8], "texture": "#0"},
				"down": {"uv": [15.4, 9.5, 15.65, 10.8], "rotation": 180, "texture": "#0"}
			}
		},
		{
			"from": [5.9, 1, 13.2],
			"to": [5.9, 4.8, 15.9],
			"faces": {
				"east": {"uv": [11.25, 4.2, 12.6, 6.1], "texture": "#0"},
				"west": {"uv": [11.25, 4.2, 12.6, 6.1], "texture": "#0"}
			}
		},
		{
			"from": [5.9, 1, 15.9],
			"to": [6.4, 4.8, 15.9],
			"faces": {
				"north": {"uv": [11.75, 5.7, 12, 7.6], "texture": "#0"},
				"south": {"uv": [11.75, 5.7, 12, 7.6], "texture": "#0"}
			}
		},
		{
			"from": [6.4, 1, 13.2],
			"to": [6.4, 4.8, 15.9],
			"faces": {
				"east": {"uv": [11.25, 4.2, 12.6, 6.1], "texture": "#0"},
				"west": {"uv": [11.25, 4.2, 12.6, 6.1], "texture": "#0"}
			}
		},
		{
			"from": [5.9, 1.1, 13.3],
			"to": [6.4, 4.7, 15.9],
			"faces": {
				"north": {"uv": [15.4, 9.5, 15.65, 11.3], "texture": "#0"},
				"up": {"uv": [15.4, 9.5, 15.65, 10.8], "texture": "#0"},
				"down": {"uv": [15.4, 9.5, 15.65, 10.8], "rotation": 180, "texture": "#0"}
			}
		},
		{
			"from": [13.1, 1, 4.9],
			"to": [15.8, 4.8, 4.9],
			"faces": {
				"north": {"uv": [11.25, 4.2, 12.6, 6.1], "texture": "#0"},
				"south": {"uv": [11.25, 4.2, 12.6, 6.1], "texture": "#0"}
			}
		},
		{
			"from": [15.8, 1, 4.4],
			"to": [15.8, 4.8, 4.9],
			"faces": {
				"east": {"uv": [11.75, 5.7, 12, 7.6], "texture": "#0"},
				"west": {"uv": [11.75, 5.7, 12, 7.6], "texture": "#0"}
			}
		},
		{
			"from": [13.1, 1, 4.4],
			"to": [15.8, 4.8, 4.4],
			"faces": {
				"north": {"uv": [11.25, 4.2, 12.6, 6.1], "texture": "#0"},
				"south": {"uv": [11.25, 4.2, 12.6, 6.1], "texture": "#0"}
			}
		},
		{
			"from": [13.2, 1.1, 4.4],
			"to": [15.8, 4.7, 4.9],
			"faces": {
				"west": {"uv": [15.4, 9.5, 15.65, 11.3], "texture": "#0"},
				"up": {"uv": [15.4, 9.5, 15.65, 10.8], "rotation": 270, "texture": "#0"},
				"down": {"uv": [15.4, 9.5, 15.65, 10.8], "rotation": 270, "texture": "#0"}
			}
		},
		{
			"from": [10.1, 1, 15.8],
			"to": [10.6, 4.8, 15.8],
			"faces": {
				"north": {"uv": [1.5, 8.95, 1.75, 10.85], "texture": "#0"},
				"south": {"uv": [1.5, 8.95, 1.75, 10.85], "texture": "#0"}
			}
		},
		{
			"from": [9.5, 6.1, 13.2],
			"to": [10, 9.7, 15.8],
			"faces": {
				"north": {"uv": [15.4, 9.5, 15.65, 11.3], "texture": "#0"},
				"up": {"uv": [15.4, 9.5, 15.65, 10.8], "texture": "#0"},
				"down": {"uv": [15.4, 9.5, 15.65, 10.8], "rotation": 180, "texture": "#0"}
			}
		},
		{
			"from": [9.5, 6, 13.1],
			"to": [9.5, 9.8, 15.8],
			"faces": {
				"east": {"uv": [0.5, 9.2, 1.85, 11.1], "texture": "#0"},
				"west": {"uv": [0.5, 9.2, 1.85, 11.1], "texture": "#0"}
			}
		},
		{
			"from": [10, 6, 13.1],
			"to": [10, 9.8, 15.8],
			"faces": {
				"east": {"uv": [0.5, 9.2, 1.85, 11.1], "texture": "#0"},
				"west": {"uv": [0.5, 9.2, 1.85, 11.1], "texture": "#0"}
			}
		},
		{
			"from": [9.5, 6, 15.8],
			"to": [10, 9.8, 15.8],
			"faces": {
				"north": {"uv": [1.5, 8.95, 1.75, 10.85], "texture": "#0"},
				"south": {"uv": [1.5, 8.95, 1.75, 10.85], "texture": "#0"}
			}
		},
		{
			"from": [10.1, 6.1, 13.2],
			"to": [10.6, 9.7, 15.8],
			"faces": {
				"north": {"uv": [15.4, 9.5, 15.65, 11.3], "texture": "#0"},
				"up": {"uv": [15.4, 9.5, 15.65, 10.8], "texture": "#0"},
				"down": {"uv": [15.4, 9.5, 15.65, 10.8], "rotation": 180, "texture": "#0"}
			}
		},
		{
			"from": [10.1, 6, 13.1],
			"to": [10.1, 9.8, 15.8],
			"faces": {
				"east": {"uv": [0.5, 9.2, 1.85, 11.1], "texture": "#0"},
				"west": {"uv": [0.5, 9.2, 1.85, 11.1], "texture": "#0"}
			}
		},
		{
			"from": [10.6, 6, 13.1],
			"to": [10.6, 9.8, 15.8],
			"faces": {
				"east": {"uv": [0.5, 9.2, 1.85, 11.1], "texture": "#0"},
				"west": {"uv": [0.5, 9.2, 1.85, 11.1], "texture": "#0"}
			}
		},
		{
			"from": [10.1, 6, 15.8],
			"to": [10.6, 9.8, 15.8],
			"faces": {
				"north": {"uv": [1.5, 8.95, 1.75, 10.85], "texture": "#0"},
				"south": {"uv": [1.5, 8.95, 1.75, 10.85], "texture": "#0"}
			}
		},
		{
			"from": [13.2, 11.1, 10.4],
			"to": [15.8, 14.7, 10.9],
			"faces": {
				"west": {"uv": [15.4, 9.5, 15.65, 11.3], "texture": "#0"},
				"up": {"uv": [15.4, 9.5, 15.65, 10.8], "rotation": 270, "texture": "#0"},
				"down": {"uv": [15.4, 9.5, 15.65, 10.8], "rotation": 270, "texture": "#0"}
			}
		},
		{
			"from": [13.1, 11, 10.9],
			"to": [15.8, 14.8, 10.9],
			"faces": {
				"north": {"uv": [0.5, 9.2, 1.85, 11.1], "texture": "#0"},
				"south": {"uv": [0.5, 9.2, 1.85, 11.1], "texture": "#0"}
			}
		},
		{
			"from": [13.1, 11, 10.4],
			"to": [15.8, 14.8, 10.4],
			"faces": {
				"north": {"uv": [0.5, 9.2, 1.85, 11.1], "texture": "#0"},
				"south": {"uv": [0.5, 9.2, 1.85, 11.1], "texture": "#0"}
			}
		},
		{
			"from": [15.8, 11, 10.4],
			"to": [15.8, 14.8, 10.9],
			"faces": {
				"east": {"uv": [1.5, 8.95, 1.75, 10.85], "texture": "#0"},
				"west": {"uv": [1.5, 8.95, 1.75, 10.85], "texture": "#0"}
			}
		},
		{
			"from": [13.2, 11.1, 9.7],
			"to": [15.8, 14.7, 10.2],
			"faces": {
				"west": {"uv": [15.4, 9.5, 15.65, 11.3], "texture": "#0"},
				"up": {"uv": [15.4, 9.5, 15.65, 10.8], "rotation": 270, "texture": "#0"},
				"down": {"uv": [15.4, 9.5, 15.65, 10.8], "rotation": 270, "texture": "#0"}
			}
		},
		{
			"from": [13.1, 11, 10.2],
			"to": [15.8, 14.8, 10.2],
			"faces": {
				"north": {"uv": [0.5, 9.2, 1.85, 11.1], "texture": "#0"},
				"south": {"uv": [0.5, 9.2, 1.85, 11.1], "texture": "#0"}
			}
		},
		{
			"from": [13.1, 11, 9.7],
			"to": [15.8, 14.8, 9.7],
			"faces": {
				"north": {"uv": [0.5, 9.2, 1.85, 11.1], "texture": "#0"},
				"south": {"uv": [0.5, 9.2, 1.85, 11.1], "texture": "#0"}
			}
		},
		{
			"from": [15.8, 11, 9.7],
			"to": [15.8, 14.8, 10.2],
			"faces": {
				"east": {"uv": [1.5, 8.95, 1.75, 10.85], "texture": "#0"},
				"west": {"uv": [1.5, 8.95, 1.75, 10.85], "texture": "#0"}
			}
		},
		{
			"from": [13.2, 11.1, 8.4],
			"to": [15.8, 14.7, 8.9],
			"faces": {
				"west": {"uv": [15.4, 9.5, 15.65, 11.3], "texture": "#0"},
				"up": {"uv": [15.4, 9.5, 15.65, 10.8], "rotation": 270, "texture": "#0"},
				"down": {"uv": [15.4, 9.5, 15.65, 10.8], "rotation": 270, "texture": "#0"}
			}
		},
		{
			"from": [13.1, 11, 8.9],
			"to": [15.8, 14.8, 8.9],
			"faces": {
				"north": {"uv": [0.5, 9.2, 1.85, 11.1], "texture": "#0"},
				"south": {"uv": [0.5, 9.2, 1.85, 11.1], "texture": "#0"}
			}
		},
		{
			"from": [13.1, 11, 8.4],
			"to": [15.8, 14.8, 8.4],
			"faces": {
				"north": {"uv": [0.5, 9.2, 1.85, 11.1], "texture": "#0"},
				"south": {"uv": [0.5, 9.2, 1.85, 11.1], "texture": "#0"}
			}
		},
		{
			"from": [15.8, 11, 8.4],
			"to": [15.8, 14.8, 8.9],
			"faces": {
				"east": {"uv": [1.5, 8.95, 1.75, 10.85], "texture": "#0"},
				"west": {"uv": [1.5, 8.95, 1.75, 10.85], "texture": "#0"}
			}
		},
		{
			"from": [13.2, 11.1, 11.1],
			"to": [15.8, 14.7, 11.6],
			"faces": {
				"west": {"uv": [15.4, 9.5, 15.65, 11.3], "texture": "#0"},
				"up": {"uv": [15.4, 9.5, 15.65, 10.8], "rotation": 270, "texture": "#0"},
				"down": {"uv": [15.4, 9.5, 15.65, 10.8], "rotation": 270, "texture": "#0"}
			}
		},
		{
			"from": [13.1, 11, 11.6],
			"to": [15.8, 14.8, 11.6],
			"faces": {
				"north": {"uv": [0.5, 9.2, 1.85, 11.1], "texture": "#0"},
				"south": {"uv": [0.5, 9.2, 1.85, 11.1], "texture": "#0"}
			}
		},
		{
			"from": [13.1, 11, 11.1],
			"to": [15.8, 14.8, 11.1],
			"faces": {
				"north": {"uv": [0.5, 9.2, 1.85, 11.1], "texture": "#0"},
				"south": {"uv": [0.5, 9.2, 1.85, 11.1], "texture": "#0"}
			}
		},
		{
			"from": [15.8, 11, 11.1],
			"to": [15.8, 14.8, 11.6],
			"faces": {
				"east": {"uv": [1.5, 8.95, 1.75, 10.85], "texture": "#0"},
				"west": {"uv": [1.5, 8.95, 1.75, 10.85], "texture": "#0"}
			}
		},
		{
			"from": [13.2, 11.1, 7.6],
			"to": [15.8, 14.7, 8.1],
			"faces": {
				"west": {"uv": [15.4, 9.5, 15.65, 11.3], "texture": "#0"},
				"up": {"uv": [15.4, 9.5, 15.65, 10.8], "rotation": 270, "texture": "#0"},
				"down": {"uv": [15.4, 9.5, 15.65, 10.8], "rotation": 270, "texture": "#0"}
			}
		},
		{
			"from": [13.1, 11, 8.1],
			"to": [15.8, 14.8, 8.1],
			"faces": {
				"north": {"uv": [0.5, 9.2, 1.85, 11.1], "texture": "#0"},
				"south": {"uv": [0.5, 9.2, 1.85, 11.1], "texture": "#0"}
			}
		},
		{
			"from": [13.1, 11, 7.6],
			"to": [15.8, 14.8, 7.6],
			"faces": {
				"north": {"uv": [0.5, 9.2, 1.85, 11.1], "texture": "#0"},
				"south": {"uv": [0.5, 9.2, 1.85, 11.1], "texture": "#0"}
			}
		},
		{
			"from": [15.8, 11, 7.6],
			"to": [15.8, 14.8, 8.1],
			"faces": {
				"east": {"uv": [1.5, 8.95, 1.75, 10.85], "texture": "#0"},
				"west": {"uv": [1.5, 8.95, 1.75, 10.85], "texture": "#0"}
			}
		},
		{
			"from": [13.2, 11.1, 4.9],
			"to": [15.8, 14.7, 5.4],
			"faces": {
				"west": {"uv": [15.4, 9.5, 15.65, 11.3], "texture": "#0"},
				"up": {"uv": [15.4, 9.5, 15.65, 10.8], "rotation": 270, "texture": "#0"},
				"down": {"uv": [15.4, 9.5, 15.65, 10.8], "rotation": 270, "texture": "#0"}
			}
		},
		{
			"from": [13.1, 11, 5.4],
			"to": [15.8, 14.8, 5.4],
			"faces": {
				"north": {"uv": [0.5, 9.2, 1.85, 11.1], "texture": "#0"},
				"south": {"uv": [0.5, 9.2, 1.85, 11.1], "texture": "#0"}
			}
		},
		{
			"from": [13.1, 11, 4.9],
			"to": [15.8, 14.8, 4.9],
			"faces": {
				"north": {"uv": [0.5, 9.2, 1.85, 11.1], "texture": "#0"},
				"south": {"uv": [0.5, 9.2, 1.85, 11.1], "texture": "#0"}
			}
		},
		{
			"from": [15.8, 11, 4.9],
			"to": [15.8, 14.8, 5.4],
			"faces": {
				"east": {"uv": [1.5, 8.95, 1.75, 10.85], "texture": "#0"},
				"west": {"uv": [1.5, 8.95, 1.75, 10.85], "texture": "#0"}
			}
		},
		{
			"from": [0.2, 6, 4.6],
			"to": [2.9, 9.8, 4.6],
			"faces": {
				"north": {"uv": [0.5, 9.2, 1.85, 11.1], "texture": "#0"},
				"south": {"uv": [0.5, 9.2, 1.85, 11.1], "texture": "#0"}
			}
		},
		{
			"from": [0.2, 6.1, 4.1],
			"to": [2.8, 9.7, 4.6],
			"faces": {
				"east": {"uv": [15.4, 9.5, 15.65, 11.3], "texture": "#0"},
				"up": {"uv": [15.4, 9.5, 15.65, 10.8], "rotation": 90, "texture": "#0"},
				"down": {"uv": [15.4, 9.5, 15.65, 10.8], "rotation": 90, "texture": "#0"}
			}
		},
		{
			"from": [-2.1, 6, 5.5],
			"to": [0.6, 9.8, 5.5],
			"rotation": {"angle": 22.5, "axis": "y", "origin": [0, 0, 0]},
			"faces": {
				"north": {"uv": [0.5, 9.2, 1.85, 11.1], "texture": "#0"},
				"south": {"uv": [0.5, 9.2, 1.85, 11.1], "texture": "#0"}
			}
		},
		{
			"from": [-2.1, 6, 5.5],
			"to": [-2.1, 9.8, 6],
			"rotation": {"angle": 22.5, "axis": "y", "origin": [0, 0, 0]},
			"faces": {
				"east": {"uv": [1.5, 8.95, 1.75, 10.85], "texture": "#0"},
				"west": {"uv": [1.5, 8.95, 1.75, 10.85], "texture": "#0"}
			}
		},
		{
			"from": [-2.1, 6, 6],
			"to": [0.6, 9.8, 6],
			"rotation": {"angle": 22.5, "axis": "y", "origin": [0, 0, 0]},
			"faces": {
				"north": {"uv": [0.5, 9.2, 1.85, 11.1], "texture": "#0"},
				"south": {"uv": [0.5, 9.2, 1.85, 11.1], "texture": "#0"}
			}
		},
		{
			"from": [-2.1, 6.1, 5.5],
			"to": [0.5, 9.7, 6],
			"rotation": {"angle": 22.5, "axis": "y", "origin": [0, 0, 0]},
			"faces": {
				"east": {"uv": [15.4, 9.5, 15.65, 11.3], "texture": "#0"},
				"up": {"uv": [15.4, 9.5, 15.65, 10.8], "rotation": 90, "texture": "#0"},
				"down": {"uv": [15.4, 9.5, 15.65, 10.8], "rotation": 90, "texture": "#0"}
			}
		}
	],
	"display": {
		"thirdperson_righthand": {
			"translation": [-6, 0, 0]
		},
		"thirdperson_lefthand": {
			"translation": [-6, 0, 0]
		},
		"firstperson_righthand": {
			"translation": [4, -4.5, 0]
		},
		"firstperson_lefthand": {
			"translation": [4, -4.5, 0]
		},
		"ground": {
			"translation": [0, 3.75, 0]
		},
		"gui": {
			"rotation": [18, 64, 0],
			"translation": [0, -1.75, 0],
			"scale": [0.5, 0.5, 0.5]
		}
	}
}