{
	"credit": "Made with Blockbench",
	"texture_size": [32, 32],
	"textures": {
		"0": "blocks/bookshelf",
		"particle": "blocks/bookshelf"
	},
	"elements": [
		{
			"from": [0.1, 10, 0.1],
			"to": [15.9, 11, 15.9],
			"faces": {
				"north": {"uv": [0, 0, 7.9, 0.5], "texture": "#0"},
				"east": {"uv": [0, 0, 7.9, 0.5], "texture": "#0"},
				"south": {"uv": [0, 0, 7.9, 0.5], "texture": "#0"},
				"west": {"uv": [0, 0, 7.9, 0.5], "texture": "#0"},
				"up": {"uv": [0, 0, 7.9, 7.9], "texture": "#0"},
				"down": {"uv": [0, 0, 7.9, 7.9], "texture": "#0"}
			}
		},
		{
			"from": [0, 0, 0],
			"to": [16, 1, 16],
			"faces": {
				"north": {"uv": [0, 0, 8, 0.5], "texture": "#0"},
				"east": {"uv": [0, 0, 8, 0.5], "texture": "#0"},
				"south": {"uv": [0, 0, 8, 0.5], "texture": "#0"},
				"west": {"uv": [0, 0, 8, 0.5], "texture": "#0"},
				"up": {"uv": [0, 0, 8, 8], "texture": "#0"},
				"down": {"uv": [0, 0, 8, 8], "texture": "#0"}
			}
		},
		{
			"from": [0.1, 5, 0.1],
			"to": [15.9, 6, 15.9],
			"faces": {
				"north": {"uv": [0, 0, 7.9, 0.5], "texture": "#0"},
				"east": {"uv": [0, 0, 7.9, 0.5], "texture": "#0"},
				"south": {"uv": [0, 0, 7.9, 0.5], "texture": "#0"},
				"west": {"uv": [0, 0, 7.9, 0.5], "texture": "#0"},
				"up": {"uv": [0, 0, 7.9, 7.9], "texture": "#0"},
				"down": {"uv": [0, 0, 7.9, 7.9], "texture": "#0"}
			}
		},
		{
			"from": [0, 15, 0],
			"to": [16, 16, 16],
			"faces": {
				"north": {"uv": [0, 0, 8, 0.5], "texture": "#0"},
				"east": {"uv": [0, 0, 8, 0.5], "texture": "#0"},
				"south": {"uv": [0, 0, 8, 0.5], "texture": "#0"},
				"west": {"uv": [0, 0, 8, 0.5], "texture": "#0"},
				"up": {"uv": [0, 0, 8, 8], "texture": "#0"},
				"down": {"uv": [0, 0, 8, 8], "texture": "#0"}
			}
		},
		{
			"from": [3, 1, 3],
			"to": [13, 15, 13],
			"faces": {
				"north": {"uv": [0, 0, 5, 7], "texture": "#0"},
				"east": {"uv": [0, 0, 5, 7], "texture": "#0"},
				"south": {"uv": [0, 0, 5, 7], "texture": "#0"},
				"west": {"uv": [0, 0, 5, 7], "texture": "#0"}
			}
		},
		{
			"from": [0, 1, 14],
			"to": [2, 15, 16],
			"faces": {
				"north": {"uv": [0, 0, 1, 7], "texture": "#0"},
				"east": {"uv": [0, 0, 1, 7], "texture": "#0"},
				"south": {"uv": [0, 0, 1, 7], "texture": "#0"},
				"west": {"uv": [0, 0, 1, 7], "texture": "#0"}
			}
		},
		{
			"from": [11, 1, 6.3],
			"to": [12, 15, 9.2],
			"rotation": {"angle": -45, "axis": "y", "origin": [0, 0, 0]},
			"faces": {
				"east": {"uv": [0, 0, 1.45, 7], "texture": "#0"},
				"west": {"uv": [0, 0, 1.45, 7], "texture": "#0"}
			}
		},
		{
			"from": [11, 1, -9.2],
			"to": [12, 15, -6.3],
			"rotation": {"angle": -45, "axis": "y", "origin": [0, 0, 0]},
			"faces": {
				"east": {"uv": [0, 0, 1.45, 7], "texture": "#0"},
				"west": {"uv": [0, 0, 1.45, 7], "texture": "#0"}
			}
		},
		{
			"from": [17.7, 1, -0.5],
			"to": [20.6, 15, 0.5],
			"rotation": {"angle": -45, "axis": "y", "origin": [0, 0, 0]},
			"faces": {
				"north": {"uv": [0, 0, 1.45, 7], "texture": "#0"},
				"south": {"uv": [0, 0, 1.45, 7], "texture": "#0"}
			}
		},
		{
			"from": [2.3, 1, -0.5],
			"to": [5.2, 15, 0.5],
			"rotation": {"angle": -45, "axis": "y", "origin": [0, 0, 0]},
			"faces": {
				"north": {"uv": [0, 0, 1.45, 7], "texture": "#0"},
				"south": {"uv": [0, 0, 1.45, 7], "texture": "#0"}
			}
		},
		{
			"from": [14, 1, 14],
			"to": [16, 15, 16],
			"faces": {
				"north": {"uv": [0, 0, 1, 7], "texture": "#0"},
				"east": {"uv": [0, 0, 1, 7], "texture": "#0"},
				"south": {"uv": [0, 0, 1, 7], "texture": "#0"},
				"west": {"uv": [0, 0, 1, 7], "texture": "#0"}
			}
		},
		{
			"from": [0, 1, 0],
			"to": [2, 15, 2],
			"faces": {
				"north": {"uv": [0, 0, 1, 7], "texture": "#0"},
				"east": {"uv": [0, 0, 1, 7], "texture": "#0"},
				"south": {"uv": [0, 0, 1, 7], "texture": "#0"},
				"west": {"uv": [0, 0, 1, 7], "texture": "#0"}
			}
		},
		{
			"from": [14, 1, 0],
			"to": [16, 15, 2],
			"faces": {
				"north": {"uv": [0, 0, 1, 7], "texture": "#0"},
				"east": {"uv": [0, 0, 1, 7], "texture": "#0"},
				"south": {"uv": [0, 0, 1, 7], "texture": "#0"},
				"west": {"uv": [0, 0, 1, 7], "texture": "#0"}
			}
		},
		{
			"from": [0.2, 1.1, 8.6],
			"to": [2.8, 4.7, 9.1],
			"faces": {
				"east": {"uv": [15.4, 9.5, 15.65, 11.3], "texture": "#0"},
				"up": {"uv": [15.4, 9.5, 15.65, 10.8], "rotation": 90, "texture": "#0"},
				"down": {"uv": [15.4, 9.5, 15.65, 10.8], "rotation": 90, "texture": "#0"}
			}
		},
		{
			"from": [0.2, 1, 9.1],
			"to": [2.9, 4.8, 9.1],
			"faces": {
				"north": {"uv": [5.75, 12.95, 7.1, 14.85], "texture": "#0"},
				"south": {"uv": [5.75, 12.95, 7.1, 14.85], "texture": "#0"}
			}
		},
		{
			"from": [0.2, 1, 8.6],
			"to": [0.2, 4.8, 9.1],
			"faces": {
				"east": {"uv": [6, 12.95, 6.25, 14.85], "texture": "#0"},
				"west": {"uv": [6, 12.95, 6.25, 14.85], "texture": "#0"}
			}
		},
		{
			"from": [0.2, 1, 8.6],
			"to": [2.9, 4.8, 8.6],
			"faces": {
				"north": {"uv": [5.75, 12.95, 7.1, 14.85], "texture": "#0"},
				"south": {"uv": [5.75, 12.95, 7.1, 14.85], "texture": "#0"}
			}
		},
		{
			"from": [0.2, 11.1, 6.8],
			"to": [2.8, 14.7, 7.3],
			"faces": {
				"east": {"uv": [15.4, 9.5, 15.65, 11.3], "texture": "#0"},
				"up": {"uv": [15.4, 9.5, 15.65, 10.8], "rotation": 90, "texture": "#0"},
				"down": {"uv": [15.4, 9.5, 15.65, 10.8], "rotation": 90, "texture": "#0"}
			}
		},
		{
			"from": [0.2, 11, 7.3],
			"to": [2.9, 14.8, 7.3],
			"faces": {
				"north": {"uv": [13.25, 13.2, 14.6, 15.1], "texture": "#0"},
				"south": {"uv": [13.25, 13.2, 14.6, 15.1], "texture": "#0"}
			}
		},
		{
			"from": [0.2, 11, 6.8],
			"to": [0.2, 14.8, 7.3],
			"faces": {
				"east": {"uv": [13.25, 12.7, 13.5, 14.6], "texture": "#0"},
				"west": {"uv": [13.25, 12.7, 13.5, 14.6], "texture": "#0"}
			}
		},
		{
			"from": [0.2, 11, 6.8],
			"to": [2.9, 14.8, 6.8],
			"faces": {
				"north": {"uv": [13.25, 13.2, 14.6, 15.1], "texture": "#0"},
				"south": {"uv": [13.25, 13.2, 14.6, 15.1], "texture": "#0"}
			}
		},
		{
			"from": [10.7, 1.1, 10.1],
			"to": [11.2, 4.7, 12.7],
			"rotation": {"angle": -22.5, "axis": "y", "origin": [0, 0, 0]},
			"faces": {
				"north": {"uv": [15.4, 9.5, 15.65, 11.3], "texture": "#0"},
				"up": {"uv": [15.4, 9.5, 15.65, 10.8], "texture": "#0"},
				"down": {"uv": [15.4, 9.5, 15.65, 10.8], "rotation": 180, "texture": "#0"}
			}
		},
		{
			"from": [11.2, 1, 10],
			"to": [11.2, 4.8, 12.7],
			"rotation": {"angle": -22.5, "axis": "y", "origin": [0, 0, 0]},
			"faces": {
				"east": {"uv": [7.75, 9.95, 9.1, 11.85], "texture": "#0"},
				"west": {"uv": [7.75, 9.95, 9.1, 11.85], "texture": "#0"}
			}
		},
		{
			"from": [10.7, 1, 12.7],
			"to": [11.2, 4.8, 12.7],
			"rotation": {"angle": -22.5, "axis": "y", "origin": [0, 0, 0]},
			"faces": {
				"north": {"uv": [9.5, 9.2, 9.75, 11.1], "texture": "#0"},
				"south": {"uv": [9.5, 9.2, 9.75, 11.1], "texture": "#0"}
			}
		},
		{
			"from": [10.7, 1, 10],
			"to": [10.7, 4.8, 12.7],
			"rotation": {"angle": -22.5, "axis": "y", "origin": [0, 0, 0]},
			"faces": {
				"east": {"uv": [7.75, 9.95, 9.1, 11.85], "texture": "#0"},
				"west": {"uv": [7.75, 9.95, 9.1, 11.85], "texture": "#0"}
			}
		},
		{
			"from": [13.1, 1.1, 6],
			"to": [15.7, 4.7, 6.5],
			"faces": {
				"west": {"uv": [15.4, 9.5, 15.65, 11.3], "texture": "#0"},
				"up": {"uv": [15.4, 9.5, 15.65, 10.8], "rotation": 270, "texture": "#0"},
				"down": {"uv": [15.4, 9.5, 15.65, 10.8], "rotation": 270, "texture": "#0"}
			}
		},
		{
			"from": [13, 1, 6],
			"to": [15.7, 4.8, 6],
			"faces": {
				"north": {"uv": [7.75, 9.95, 9.1, 11.85], "texture": "#0"},
				"south": {"uv": [7.75, 9.95, 9.1, 11.85], "texture": "#0"}
			}
		},
		{
			"from": [15.7, 1, 6],
			"to": [15.7, 4.8, 6.5],
			"faces": {
				"east": {"uv": [9.5, 9.2, 9.75, 11.1], "texture": "#0"},
				"west": {"uv": [9.5, 9.2, 9.75, 11.1], "texture": "#0"}
			}
		},
		{
			"from": [13, 1, 6.5],
			"to": [15.7, 4.8, 6.5],
			"faces": {
				"north": {"uv": [7.75, 9.95, 9.1, 11.85], "texture": "#0"},
				"south": {"uv": [7.75, 9.95, 9.1, 11.85], "texture": "#0"}
			}
		},
		{
			"from": [13.2, 11.1, 9.5],
			"to": [15.8, 14.7, 10],
			"faces": {
				"west": {"uv": [15.4, 9.5, 15.65, 11.3], "texture": "#0"},
				"up": {"uv": [15.4, 9.5, 15.65, 10.8], "rotation": 270, "texture": "#0"},
				"down": {"uv": [15.4, 9.5, 15.65, 10.8], "rotation": 270, "texture": "#0"}
			}
		},
		{
			"from": [13.1, 11, 9.5],
			"to": [15.8, 14.8, 9.5],
			"faces": {
				"north": {"uv": [7.75, 9.95, 9.1, 11.85], "texture": "#0"},
				"south": {"uv": [7.75, 9.95, 9.1, 11.85], "texture": "#0"}
			}
		},
		{
			"from": [15.8, 11, 9.5],
			"to": [15.8, 14.8, 10],
			"faces": {
				"east": {"uv": [9.5, 9.2, 9.75, 11.1], "texture": "#0"},
				"west": {"uv": [9.5, 9.2, 9.75, 11.1], "texture": "#0"}
			}
		},
		{
			"from": [13.1, 11, 10],
			"to": [15.8, 14.8, 10],
			"faces": {
				"north": {"uv": [7.75, 9.95, 9.1, 11.85], "texture": "#0"},
				"south": {"uv": [7.75, 9.95, 9.1, 11.85], "texture": "#0"}
			}
		},
		{
			"from": [11.8, 11, 0.2],
			"to": [11.8, 14.8, 2.9],
			"faces": {
				"east": {"uv": [7.75, 9.95, 9.1, 11.85], "texture": "#0"},
				"west": {"uv": [7.75, 9.95, 9.1, 11.85], "texture": "#0"}
			}
		},
		{
			"from": [10.3, 6.1, 0.2],
			"to": [10.8, 9.7, 2.8],
			"faces": {
				"south": {"uv": [15.4, 9.5, 15.65, 11.3], "texture": "#0"},
				"up": {"uv": [15.4, 9.5, 15.65, 10.8], "rotation": 180, "texture": "#0"},
				"down": {"uv": [15.4, 9.5, 15.65, 10.8], "texture": "#0"}
			}
		},
		{
			"from": [10.3, 6, 0.2],
			"to": [10.3, 9.8, 2.9],
			"faces": {
				"east": {"uv": [7.75, 9.95, 9.1, 11.85], "texture": "#0"},
				"west": {"uv": [7.75, 9.95, 9.1, 11.85], "texture": "#0"}
			}
		},
		{
			"from": [10.3, 6, 0.2],
			"to": [10.8, 9.8, 0.2],
			"faces": {
				"north": {"uv": [9.5, 9.2, 9.75, 11.1], "texture": "#0"},
				"south": {"uv": [9.5, 9.2, 9.75, 11.1], "texture": "#0"}
			}
		},
		{
			"from": [10.8, 6, 0.2],
			"to": [10.8, 9.8, 2.9],
			"faces": {
				"east": {"uv": [7.75, 9.95, 9.1, 11.85], "texture": "#0"},
				"west": {"uv": [7.75, 9.95, 9.1, 11.85], "texture": "#0"}
			}
		},
		{
			"from": [4.3, 1.1, 0.2],
			"to": [4.8, 4.7, 2.8],
			"faces": {
				"south": {"uv": [15.4, 9.5, 15.65, 11.3], "texture": "#0"},
				"up": {"uv": [15.4, 9.5, 15.65, 10.8], "rotation": 180, "texture": "#0"},
				"down": {"uv": [15.4, 9.5, 15.65, 10.8], "texture": "#0"}
			}
		},
		{
			"from": [4.3, 1, 0.2],
			"to": [4.3, 4.8, 2.9],
			"faces": {
				"east": {"uv": [7.75, 9.95, 9.1, 11.85], "texture": "#0"},
				"west": {"uv": [7.75, 9.95, 9.1, 11.85], "texture": "#0"}
			}
		},
		{
			"from": [4.3, 1, 0.2],
			"to": [4.8, 4.8, 0.2],
			"faces": {
				"north": {"uv": [9.5, 9.2, 9.75, 11.1], "texture": "#0"},
				"south": {"uv": [9.5, 9.2, 9.75, 11.1], "texture": "#0"}
			}
		},
		{
			"from": [4.8, 1, 0.2],
			"to": [4.8, 4.8, 2.9],
			"faces": {
				"east": {"uv": [7.75, 9.95, 9.1, 11.85], "texture": "#0"},
				"west": {"uv": [7.75, 9.95, 9.1, 11.85], "texture": "#0"}
			}
		},
		{
			"from": [9.3, 6.1, 0.2],
			"to": [9.8, 9.7, 2.8],
			"faces": {
				"south": {"uv": [15.4, 9.5, 15.65, 11.3], "texture": "#0"},
				"up": {"uv": [15.4, 9.5, 15.65, 10.8], "rotation": 180, "texture": "#0"},
				"down": {"uv": [15.4, 9.5, 15.65, 10.8], "texture": "#0"}
			}
		},
		{
			"from": [9.3, 6, 0.2],
			"to": [9.3, 9.8, 2.9],
			"faces": {
				"east": {"uv": [7.75, 9.95, 9.1, 11.85], "texture": "#0"},
				"west": {"uv": [7.75, 9.95, 9.1, 11.85], "texture": "#0"}
			}
		},
		{
			"from": [9.3, 6, 0.2],
			"to": [9.8, 9.8, 0.2],
			"faces": {
				"north": {"uv": [9.5, 9.2, 9.75, 11.1], "texture": "#0"},
				"south": {"uv": [9.5, 9.2, 9.75, 11.1], "texture": "#0"}
			}
		},
		{
			"from": [9.8, 6, 0.2],
			"to": [9.8, 9.8, 2.9],
			"faces": {
				"east": {"uv": [7.75, 9.95, 9.1, 11.85], "texture": "#0"},
				"west": {"uv": [7.75, 9.95, 9.1, 11.85], "texture": "#0"}
			}
		},
		{
			"from": [4.5, 8.6, 0.2],
			"to": [5, 12.2, 2.8],
			"rotation": {"angle": -22.5, "axis": "z", "origin": [0, 0, 0]},
			"faces": {
				"south": {"uv": [15.4, 9.5, 15.65, 11.3], "texture": "#0"},
				"up": {"uv": [15.4, 9.5, 15.65, 10.8], "rotation": 180, "texture": "#0"},
				"down": {"uv": [15.4, 9.5, 15.65, 10.8], "texture": "#0"}
			}
		},
		{
			"from": [4.5, 8.5, 0.2],
			"to": [4.5, 12.3, 2.9],
			"rotation": {"angle": -22.5, "axis": "z", "origin": [0, 0, 0]},
			"faces": {
				"east": {"uv": [7.75, 9.95, 9.1, 11.85], "texture": "#0"},
				"west": {"uv": [7.75, 9.95, 9.1, 11.85], "texture": "#0"}
			}
		},
		{
			"from": [4.5, 8.5, 0.2],
			"to": [5, 12.3, 0.2],
			"rotation": {"angle": -22.5, "axis": "z", "origin": [0, 0, 0]},
			"faces": {
				"north": {"uv": [9.5, 9.2, 9.75, 11.1], "texture": "#0"},
				"south": {"uv": [9.5, 9.2, 9.75, 11.1], "texture": "#0"}
			}
		},
		{
			"from": [5, 8.5, 0.2],
			"to": [5, 12.3, 2.9],
			"rotation": {"angle": -22.5, "axis": "z", "origin": [0, 0, 0]},
			"faces": {
				"east": {"uv": [7.75, 9.95, 9.1, 11.85], "texture": "#0"},
				"west": {"uv": [7.75, 9.95, 9.1, 11.85], "texture": "#0"}
			}
		},
		{
			"from": [11.3, 11, 0.2],
			"to": [11.3, 14.8, 2.9],
			"faces": {
				"east": {"uv": [7.75, 9.95, 9.1, 11.85], "texture": "#0"},
				"west": {"uv": [7.75, 9.95, 9.1, 11.85], "texture": "#0"}
			}
		},
		{
			"from": [11.3, 11.1, 0.2],
			"to": [11.8, 14.7, 2.8],
			"faces": {
				"south": {"uv": [15.4, 9.5, 15.65, 11.3], "texture": "#0"},
				"up": {"uv": [15.4, 9.5, 15.65, 10.8], "rotation": 180, "texture": "#0"},
				"down": {"uv": [15.4, 9.5, 15.65, 10.8], "texture": "#0"}
			}
		},
		{
			"from": [11.3, 11, 0.2],
			"to": [11.8, 14.8, 0.2],
			"faces": {
				"north": {"uv": [9.5, 9.2, 9.75, 11.1], "texture": "#0"},
				"south": {"uv": [9.5, 9.2, 9.75, 11.1], "texture": "#0"}
			}
		},
		{
			"from": [0.2, 6.1, 11.8],
			"to": [2.8, 9.7, 12.3],
			"faces": {
				"east": {"uv": [15.4, 9.5, 15.65, 11.3], "texture": "#0"},
				"up": {"uv": [15.4, 9.5, 15.65, 10.8], "rotation": 90, "texture": "#0"},
				"down": {"uv": [15.4, 9.5, 15.65, 10.8], "rotation": 90, "texture": "#0"}
			}
		},
		{
			"from": [0.2, 6, 12.3],
			"to": [2.9, 9.8, 12.3],
			"faces": {
				"north": {"uv": [0, 13.2, 1.35, 15.1], "texture": "#0"},
				"south": {"uv": [0, 13.2, 1.35, 15.1], "texture": "#0"}
			}
		},
		{
			"from": [0.2, 6, 11.8],
			"to": [0.2, 9.8, 12.3],
			"faces": {
				"east": {"uv": [1.75, 12.45, 2, 14.35], "texture": "#0"},
				"west": {"uv": [1.75, 12.45, 2, 14.35], "texture": "#0"}
			}
		},
		{
			"from": [0.2, 6, 11.8],
			"to": [2.9, 9.8, 11.8],
			"faces": {
				"north": {"uv": [0, 13.2, 1.35, 15.1], "texture": "#0"},
				"south": {"uv": [0, 13.2, 1.35, 15.1], "texture": "#0"}
			}
		},
		{
			"from": [16.8, 6.1, 5.2],
			"to": [19.4, 9.7, 5.7],
			"rotation": {"angle": -22.5, "axis": "y", "origin": [0, 0, 0]},
			"faces": {
				"west": {"uv": [15.4, 9.5, 15.65, 11.3], "texture": "#0"},
				"up": {"uv": [15.4, 9.5, 15.65, 10.8], "rotation": 270, "texture": "#0"},
				"down": {"uv": [15.4, 9.5, 15.65, 10.8], "rotation": 270, "texture": "#0"}
			}
		},
		{
			"from": [16.7, 6, 5.2],
			"to": [19.4, 9.8, 5.2],
			"rotation": {"angle": -22.5, "axis": "y", "origin": [0, 0, 0]},
			"faces": {
				"north": {"uv": [0, 13.2, 1.35, 15.1], "texture": "#0"},
				"south": {"uv": [0, 13.2, 1.35, 15.1], "texture": "#0"}
			}
		},
		{
			"from": [19.4, 6, 5.2],
			"to": [19.4, 9.8, 5.7],
			"rotation": {"angle": -22.5, "axis": "y", "origin": [0, 0, 0]},
			"faces": {
				"east": {"uv": [1.75, 12.45, 2, 14.35], "texture": "#0"},
				"west": {"uv": [1.75, 12.45, 2, 14.35], "texture": "#0"}
			}
		},
		{
			"from": [16.7, 6, 5.7],
			"to": [19.4, 9.8, 5.7],
			"rotation": {"angle": -22.5, "axis": "y", "origin": [0, 0, 0]},
			"faces": {
				"north": {"uv": [0, 13.2, 1.35, 15.1], "texture": "#0"},
				"south": {"uv": [0, 13.2, 1.35, 15.1], "texture": "#0"}
			}
		},
		{
			"from": [-8.6, 6.1, 13],
			"to": [-6, 9.7, 13.5],
			"rotation": {"angle": 45, "axis": "y", "origin": [0, 0, 0]},
			"faces": {
				"east": {"uv": [15.4, 9.5, 15.65, 11.3], "texture": "#0"},
				"up": {"uv": [15.4, 9.5, 15.65, 10.8], "rotation": 90, "texture": "#0"},
				"down": {"uv": [15.4, 9.5, 15.65, 10.8], "rotation": 90, "texture": "#0"}
			}
		},
		{
			"from": [-8.6, 6, 13.5],
			"to": [-5.9, 9.8, 13.5],
			"rotation": {"angle": 45, "axis": "y", "origin": [0, 0, 0]},
			"faces": {
				"north": {"uv": [8, 12.7, 9.35, 14.6], "texture": "#0"},
				"south": {"uv": [8, 12.7, 9.35, 14.6], "texture": "#0"}
			}
		},
		{
			"from": [-8.6, 6, 13],
			"to": [-8.6, 9.8, 13.5],
			"rotation": {"angle": 45, "axis": "y", "origin": [0, 0, 0]},
			"faces": {
				"east": {"uv": [9.5, 13.95, 9.75, 15.85], "texture": "#0"},
				"west": {"uv": [9.5, 13.95, 9.75, 15.85], "texture": "#0"}
			}
		},
		{
			"from": [-8.6, 6, 13],
			"to": [-5.9, 9.8, 13],
			"rotation": {"angle": 45, "axis": "y", "origin": [0, 0, 0]},
			"faces": {
				"north": {"uv": [8, 12.7, 9.35, 14.6], "texture": "#0"},
				"south": {"uv": [8, 12.7, 9.35, 14.6], "texture": "#0"}
			}
		},
		{
			"from": [-7.6, 6.1, 14],
			"to": [-5, 9.7, 14.5],
			"rotation": {"angle": 45, "axis": "y", "origin": [0, 0, 0]},
			"faces": {
				"east": {"uv": [15.4, 9.5, 15.65, 11.3], "texture": "#0"},
				"up": {"uv": [15.4, 9.5, 15.65, 10.8], "rotation": 90, "texture": "#0"},
				"down": {"uv": [15.4, 9.5, 15.65, 10.8], "rotation": 90, "texture": "#0"}
			}
		},
		{
			"from": [-7.6, 6, 14.5],
			"to": [-4.9, 9.8, 14.5],
			"rotation": {"angle": 45, "axis": "y", "origin": [0, 0, 0]},
			"faces": {
				"north": {"uv": [8, 12.7, 9.35, 14.6], "texture": "#0"},
				"south": {"uv": [8, 12.7, 9.35, 14.6], "texture": "#0"}
			}
		},
		{
			"from": [-7.6, 6, 14],
			"to": [-7.6, 9.8, 14.5],
			"rotation": {"angle": 45, "axis": "y", "origin": [0, 0, 0]},
			"faces": {
				"east": {"uv": [9.5, 13.95, 9.75, 15.85], "texture": "#0"},
				"west": {"uv": [9.5, 13.95, 9.75, 15.85], "texture": "#0"}
			}
		},
		{
			"from": [-7.6, 6, 14],
			"to": [-4.9, 9.8, 14],
			"rotation": {"angle": 45, "axis": "y", "origin": [0, 0, 0]},
			"faces": {
				"north": {"uv": [8, 12.7, 9.35, 14.6], "texture": "#0"},
				"south": {"uv": [8, 12.7, 9.35, 14.6], "texture": "#0"}
			}
		},
		{
			"from": [-6.7, 6.1, 15.1],
			"to": [-4.1, 9.7, 15.6],
			"rotation": {"angle": 45, "axis": "y", "origin": [0, 0, 0]},
			"faces": {
				"east": {"uv": [15.4, 9.5, 15.65, 11.3], "texture": "#0"},
				"up": {"uv": [15.4, 9.5, 15.65, 10.8], "rotation": 90, "texture": "#0"},
				"down": {"uv": [15.4, 9.5, 15.65, 10.8], "rotation": 90, "texture": "#0"}
			}
		},
		{
			"from": [-6.7, 6, 15.6],
			"to": [-4, 9.8, 15.6],
			"rotation": {"angle": 45, "axis": "y", "origin": [0, 0, 0]},
			"faces": {
				"north": {"uv": [8, 12.7, 9.35, 14.6], "texture": "#0"},
				"south": {"uv": [8, 12.7, 9.35, 14.6], "texture": "#0"}
			}
		},
		{
			"from": [-6.7, 6, 15.1],
			"to": [-6.7, 9.8, 15.6],
			"rotation": {"angle": 45, "axis": "y", "origin": [0, 0, 0]},
			"faces": {
				"east": {"uv": [9.5, 13.95, 9.75, 15.85], "texture": "#0"},
				"west": {"uv": [9.5, 13.95, 9.75, 15.85], "texture": "#0"}
			}
		},
		{
			"from": [-6.7, 6, 15.1],
			"to": [-4, 9.8, 15.1],
			"rotation": {"angle": 45, "axis": "y", "origin": [0, 0, 0]},
			"faces": {
				"north": {"uv": [8, 12.7, 9.35, 14.6], "texture": "#0"},
				"south": {"uv": [8, 12.7, 9.35, 14.6], "texture": "#0"}
			}
		},
		{
			"from": [-5, 6.1, 16.8],
			"to": [-2.4, 9.7, 17.3],
			"rotation": {"angle": 45, "axis": "y", "origin": [0, 0, 0]},
			"faces": {
				"east": {"uv": [15.4, 9.5, 15.65, 11.3], "texture": "#0"},
				"up": {"uv": [15.4, 9.5, 15.65, 10.8], "rotation": 90, "texture": "#0"},
				"down": {"uv": [15.4, 9.5, 15.65, 10.8], "rotation": 90, "texture": "#0"}
			}
		},
		{
			"from": [-5, 6, 17.3],
			"to": [-2.3, 9.8, 17.3],
			"rotation": {"angle": 45, "axis": "y", "origin": [0, 0, 0]},
			"faces": {
				"north": {"uv": [8, 12.7, 9.35, 14.6], "texture": "#0"},
				"south": {"uv": [8, 12.7, 9.35, 14.6], "texture": "#0"}
			}
		},
		{
			"from": [13.2, 6.1, 5.2],
			"to": [15.8, 9.7, 5.7],
			"faces": {
				"west": {"uv": [15.4, 9.5, 15.65, 11.3], "texture": "#0"},
				"up": {"uv": [15.4, 9.5, 15.65, 10.8], "rotation": 270, "texture": "#0"},
				"down": {"uv": [15.4, 9.5, 15.65, 10.8], "rotation": 270, "texture": "#0"}
			}
		},
		{
			"from": [13.1, 6, 5.7],
			"to": [15.8, 9.8, 5.7],
			"faces": {
				"north": {"uv": [8, 12.7, 9.35, 14.6], "texture": "#0"},
				"south": {"uv": [8, 12.7, 9.35, 14.6], "texture": "#0"}
			}
		},
		{
			"from": [15.8, 6, 5.2],
			"to": [15.8, 9.8, 5.7],
			"faces": {
				"east": {"uv": [9.5, 13.95, 9.75, 15.85], "texture": "#0"},
				"west": {"uv": [9.5, 13.95, 9.75, 15.85], "texture": "#0"}
			}
		},
		{
			"from": [13.1, 6, 5.2],
			"to": [15.8, 9.8, 5.2],
			"faces": {
				"north": {"uv": [8, 12.7, 9.35, 14.6], "texture": "#0"},
				"south": {"uv": [8, 12.7, 9.35, 14.6], "texture": "#0"}
			}
		},
		{
			"from": [13.2, 1.1, 9.2],
			"to": [15.8, 4.7, 9.7],
			"faces": {
				"west": {"uv": [15.4, 9.5, 15.65, 11.3], "texture": "#0"},
				"up": {"uv": [15.4, 9.5, 15.65, 10.8], "rotation": 270, "texture": "#0"},
				"down": {"uv": [15.4, 9.5, 15.65, 10.8], "rotation": 270, "texture": "#0"}
			}
		},
		{
			"from": [13.1, 1, 9.7],
			"to": [15.8, 4.8, 9.7],
			"faces": {
				"north": {"uv": [8, 12.7, 9.35, 14.6], "texture": "#0"},
				"south": {"uv": [8, 12.7, 9.35, 14.6], "texture": "#0"}
			}
		},
		{
			"from": [15.8, 1, 9.2],
			"to": [15.8, 4.8, 9.7],
			"faces": {
				"east": {"uv": [9.5, 13.95, 9.75, 15.85], "texture": "#0"},
				"west": {"uv": [9.5, 13.95, 9.75, 15.85], "texture": "#0"}
			}
		},
		{
			"from": [13.1, 1, 9.2],
			"to": [15.8, 4.8, 9.2],
			"faces": {
				"north": {"uv": [8, 12.7, 9.35, 14.6], "texture": "#0"},
				"south": {"uv": [8, 12.7, 9.35, 14.6], "texture": "#0"}
			}
		},
		{
			"from": [13.2, 1.1, 7],
			"to": [15.8, 4.7, 7.5],
			"faces": {
				"west": {"uv": [15.4, 9.5, 15.65, 11.3], "texture": "#0"},
				"up": {"uv": [15.4, 9.5, 15.65, 10.8], "rotation": 270, "texture": "#0"},
				"down": {"uv": [15.4, 9.5, 15.65, 10.8], "rotation": 270, "texture": "#0"}
			}
		},
		{
			"from": [13.1, 1, 7.5],
			"to": [15.8, 4.8, 7.5],
			"faces": {
				"north": {"uv": [8, 12.7, 9.35, 14.6], "texture": "#0"},
				"south": {"uv": [8, 12.7, 9.35, 14.6], "texture": "#0"}
			}
		},
		{
			"from": [13.3, 11.1, 7.3],
			"to": [15.9, 14.7, 7.8],
			"faces": {
				"west": {"uv": [15.4, 9.5, 15.65, 11.3], "texture": "#0"},
				"up": {"uv": [15.4, 9.5, 15.65, 10.8], "rotation": 270, "texture": "#0"},
				"down": {"uv": [15.4, 9.5, 15.65, 10.8], "rotation": 270, "texture": "#0"}
			}
		},
		{
			"from": [13.2, 11, 7.3],
			"to": [15.9, 14.8, 7.3],
			"faces": {
				"north": {"uv": [0, 13.2, 1.35, 15.1], "texture": "#0"},
				"south": {"uv": [0, 13.2, 1.35, 15.1], "texture": "#0"}
			}
		},
		{
			"from": [15.9, 11, 7.3],
			"to": [15.9, 14.8, 7.8],
			"faces": {
				"east": {"uv": [1.75, 12.45, 2, 14.35], "texture": "#0"},
				"west": {"uv": [1.75, 12.45, 2, 14.35], "texture": "#0"}
			}
		},
		{
			"from": [13.2, 11, 7.8],
			"to": [15.9, 14.8, 7.8],
			"faces": {
				"north": {"uv": [0, 13.2, 1.35, 15.1], "texture": "#0"},
				"south": {"uv": [0, 13.2, 1.35, 15.1], "texture": "#0"}
			}
		},
		{
			"from": [7.4, 11.1, 0.2],
			"to": [7.9, 14.7, 2.8],
			"faces": {
				"south": {"uv": [15.4, 9.5, 15.65, 11.3], "texture": "#0"},
				"up": {"uv": [15.4, 9.5, 15.65, 10.8], "rotation": 180, "texture": "#0"},
				"down": {"uv": [15.4, 9.5, 15.65, 10.8], "texture": "#0"}
			}
		},
		{
			"from": [7.4, 11, 0.2],
			"to": [7.4, 14.8, 2.9],
			"faces": {
				"east": {"uv": [0, 13.2, 1.35, 15.1], "texture": "#0"},
				"west": {"uv": [0, 13.2, 1.35, 15.1], "texture": "#0"}
			}
		},
		{
			"from": [7.4, 11, 0.2],
			"to": [7.9, 14.8, 0.2],
			"faces": {
				"north": {"uv": [1.75, 12.45, 2, 14.35], "texture": "#0"},
				"south": {"uv": [1.75, 12.45, 2, 14.35], "texture": "#0"}
			}
		},
		{
			"from": [7.9, 11, 0.2],
			"to": [7.9, 14.8, 2.9],
			"faces": {
				"east": {"uv": [0, 13.2, 1.35, 15.1], "texture": "#0"},
				"west": {"uv": [0, 13.2, 1.35, 15.1], "texture": "#0"}
			}
		},
		{
			"from": [15.8, 1, 7],
			"to": [15.8, 4.8, 7.5],
			"faces": {
				"east": {"uv": [9.5, 13.95, 9.75, 15.85], "texture": "#0"},
				"west": {"uv": [9.5, 13.95, 9.75, 15.85], "texture": "#0"}
			}
		},
		{
			"from": [13.1, 1, 7],
			"to": [15.8, 4.8, 7],
			"faces": {
				"north": {"uv": [8, 12.7, 9.35, 14.6], "texture": "#0"},
				"south": {"uv": [8, 12.7, 9.35, 14.6], "texture": "#0"}
			}
		},
		{
			"from": [-5, 6, 16.8],
			"to": [-5, 9.8, 17.3],
			"rotation": {"angle": 45, "axis": "y", "origin": [0, 0, 0]},
			"faces": {
				"east": {"uv": [9.5, 13.95, 9.75, 15.85], "texture": "#0"},
				"west": {"uv": [9.5, 13.95, 9.75, 15.85], "texture": "#0"}
			}
		},
		{
			"from": [-5, 6, 16.8],
			"to": [-2.3, 9.8, 16.8],
			"rotation": {"angle": 45, "axis": "y", "origin": [0, 0, 0]},
			"faces": {
				"north": {"uv": [8, 12.7, 9.35, 14.6], "texture": "#0"},
				"south": {"uv": [8, 12.7, 9.35, 14.6], "texture": "#0"}
			}
		},
		{
			"from": [0.2, 11.1, 10.8],
			"to": [2.8, 14.7, 11.3],
			"faces": {
				"east": {"uv": [15.4, 9.5, 15.65, 11.3], "texture": "#0"},
				"up": {"uv": [15.4, 9.5, 15.65, 10.8], "rotation": 90, "texture": "#0"},
				"down": {"uv": [15.4, 9.5, 15.65, 10.8], "rotation": 90, "texture": "#0"}
			}
		},
		{
			"from": [0.2, 11, 11.3],
			"to": [2.9, 14.8, 11.3],
			"faces": {
				"north": {"uv": [13, 8.7, 14.35, 10.6], "texture": "#0"},
				"south": {"uv": [13, 8.7, 14.35, 10.6], "texture": "#0"}
			}
		},
		{
			"from": [0.2, 11, 10.8],
			"to": [0.2, 14.8, 11.3],
			"faces": {
				"east": {"uv": [14, 8.95, 14.25, 10.85], "texture": "#0"},
				"west": {"uv": [14, 8.95, 14.25, 10.85], "texture": "#0"}
			}
		},
		{
			"from": [0.2, 11, 10.8],
			"to": [2.9, 14.8, 10.8],
			"faces": {
				"north": {"uv": [13, 8.7, 14.35, 10.6], "texture": "#0"},
				"south": {"uv": [13, 8.7, 14.35, 10.6], "texture": "#0"}
			}
		},
		{
			"from": [0.2, 11.1, 9.8],
			"to": [2.8, 14.7, 10.3],
			"faces": {
				"east": {"uv": [15.4, 9.5, 15.65, 11.3], "texture": "#0"},
				"up": {"uv": [15.4, 9.5, 15.65, 10.8], "rotation": 90, "texture": "#0"},
				"down": {"uv": [15.4, 9.5, 15.65, 10.8], "rotation": 90, "texture": "#0"}
			}
		},
		{
			"from": [0.2, 11, 10.3],
			"to": [2.9, 14.8, 10.3],
			"faces": {
				"north": {"uv": [13, 8.7, 14.35, 10.6], "texture": "#0"},
				"south": {"uv": [13, 8.7, 14.35, 10.6], "texture": "#0"}
			}
		},
		{
			"from": [0.2, 11, 9.8],
			"to": [0.2, 14.8, 10.3],
			"faces": {
				"east": {"uv": [14, 8.95, 14.25, 10.85], "texture": "#0"},
				"west": {"uv": [14, 8.95, 14.25, 10.85], "texture": "#0"}
			}
		},
		{
			"from": [0.2, 11, 9.8],
			"to": [2.9, 14.8, 9.8],
			"faces": {
				"north": {"uv": [13, 8.7, 14.35, 10.6], "texture": "#0"},
				"south": {"uv": [13, 8.7, 14.35, 10.6], "texture": "#0"}
			}
		},
		{
			"from": [0.2, 11.1, 11.4],
			"to": [2.8, 14.7, 11.9],
			"faces": {
				"east": {"uv": [15.4, 9.5, 15.65, 11.3], "texture": "#0"},
				"up": {"uv": [15.4, 9.5, 15.65, 10.8], "rotation": 90, "texture": "#0"},
				"down": {"uv": [15.4, 9.5, 15.65, 10.8], "rotation": 90, "texture": "#0"}
			}
		},
		{
			"from": [0.2, 11, 11.9],
			"to": [2.9, 14.8, 11.9],
			"faces": {
				"north": {"uv": [13, 8.7, 14.35, 10.6], "texture": "#0"},
				"south": {"uv": [13, 8.7, 14.35, 10.6], "texture": "#0"}
			}
		},
		{
			"from": [0.2, 11, 11.4],
			"to": [0.2, 14.8, 11.9],
			"faces": {
				"east": {"uv": [14, 8.95, 14.25, 10.85], "texture": "#0"},
				"west": {"uv": [14, 8.95, 14.25, 10.85], "texture": "#0"}
			}
		},
		{
			"from": [0.2, 11, 11.4],
			"to": [2.9, 14.8, 11.4],
			"faces": {
				"north": {"uv": [13, 8.7, 14.35, 10.6], "texture": "#0"},
				"south": {"uv": [13, 8.7, 14.35, 10.6], "texture": "#0"}
			}
		},
		{
			"from": [8.8, 1.1, 13.2],
			"to": [9.3, 4.7, 15.8],
			"faces": {
				"north": {"uv": [15.4, 9.5, 15.65, 11.3], "texture": "#0"},
				"up": {"uv": [15.4, 9.5, 15.65, 10.8], "texture": "#0"},
				"down": {"uv": [15.4, 9.5, 15.65, 10.8], "rotation": 180, "texture": "#0"}
			}
		},
		{
			"from": [9.3, 1, 13.1],
			"to": [9.3, 4.8, 15.8],
			"faces": {
				"east": {"uv": [13, 8.7, 14.35, 10.6], "texture": "#0"},
				"west": {"uv": [13, 8.7, 14.35, 10.6], "texture": "#0"}
			}
		},
		{
			"from": [8.8, 1, 15.8],
			"to": [9.3, 4.8, 15.8],
			"faces": {
				"north": {"uv": [14, 8.95, 14.25, 10.85], "texture": "#0"},
				"south": {"uv": [14, 8.95, 14.25, 10.85], "texture": "#0"}
			}
		},
		{
			"from": [8.8, 1, 13.1],
			"to": [8.8, 4.8, 15.8],
			"faces": {
				"east": {"uv": [13, 8.7, 14.35, 10.6], "texture": "#0"},
				"west": {"uv": [13, 8.7, 14.35, 10.6], "texture": "#0"}
			}
		},
		{
			"from": [8.1, 1.1, 13.2],
			"to": [8.6, 4.7, 15.8],
			"faces": {
				"north": {"uv": [15.4, 9.5, 15.65, 11.3], "texture": "#0"},
				"up": {"uv": [15.4, 9.5, 15.65, 10.8], "texture": "#0"},
				"down": {"uv": [15.4, 9.5, 15.65, 10.8], "rotation": 180, "texture": "#0"}
			}
		},
		{
			"from": [8.6, 1, 13.1],
			"to": [8.6, 4.8, 15.8],
			"faces": {
				"east": {"uv": [13, 8.7, 14.35, 10.6], "texture": "#0"},
				"west": {"uv": [13, 8.7, 14.35, 10.6], "texture": "#0"}
			}
		},
		{
			"from": [8.1, 1, 15.8],
			"to": [8.6, 4.8, 15.8],
			"faces": {
				"north": {"uv": [14, 8.95, 14.25, 10.85], "texture": "#0"},
				"south": {"uv": [14, 8.95, 14.25, 10.85], "texture": "#0"}
			}
		},
		{
			"from": [8.1, 1, 13.1],
			"to": [8.1, 4.8, 15.8],
			"faces": {
				"east": {"uv": [13, 8.7, 14.35, 10.6], "texture": "#0"},
				"west": {"uv": [13, 8.7, 14.35, 10.6], "texture": "#0"}
			}
		},
		{
			"from": [6.8, 1.1, 13.2],
			"to": [7.3, 4.7, 15.8],
			"faces": {
				"north": {"uv": [15.4, 9.5, 15.65, 11.3], "texture": "#0"},
				"up": {"uv": [15.4, 9.5, 15.65, 10.8], "texture": "#0"},
				"down": {"uv": [15.4, 9.5, 15.65, 10.8], "rotation": 180, "texture": "#0"}
			}
		},
		{
			"from": [7.3, 1, 13.1],
			"to": [7.3, 4.8, 15.8],
			"faces": {
				"east": {"uv": [13, 8.7, 14.35, 10.6], "texture": "#0"},
				"west": {"uv": [13, 8.7, 14.35, 10.6], "texture": "#0"}
			}
		},
		{
			"from": [6.8, 1, 15.8],
			"to": [7.3, 4.8, 15.8],
			"faces": {
				"north": {"uv": [14, 8.95, 14.25, 10.85], "texture": "#0"},
				"south": {"uv": [14, 8.95, 14.25, 10.85], "texture": "#0"}
			}
		},
		{
			"from": [6.8, 1, 13.1],
			"to": [6.8, 4.8, 15.8],
			"faces": {
				"east": {"uv": [13, 8.7, 14.35, 10.6], "texture": "#0"},
				"west": {"uv": [13, 8.7, 14.35, 10.6], "texture": "#0"}
			}
		},
		{
			"from": [3.2, 11.1, 1.7],
			"to": [3.7, 14.7, 4.3],
			"rotation": {"angle": 22.5, "axis": "y", "origin": [0, 0, 0]},
			"faces": {
				"south": {"uv": [15.4, 9.5, 15.65, 11.3], "texture": "#0"},
				"up": {"uv": [15.4, 9.5, 15.65, 10.8], "rotation": 180, "texture": "#0"},
				"down": {"uv": [15.4, 9.5, 15.65, 10.8], "texture": "#0"}
			}
		},
		{
			"from": [3.2, 11, 1.7],
			"to": [3.2, 14.8, 4.4],
			"rotation": {"angle": 22.5, "axis": "y", "origin": [0, 0, 0]},
			"faces": {
				"east": {"uv": [13, 8.7, 14.35, 10.6], "texture": "#0"},
				"west": {"uv": [13, 8.7, 14.35, 10.6], "texture": "#0"}
			}
		},
		{
			"from": [3.2, 11, 1.7],
			"to": [3.7, 14.8, 1.7],
			"rotation": {"angle": 22.5, "axis": "y", "origin": [0, 0, 0]},
			"faces": {
				"north": {"uv": [14, 8.95, 14.25, 10.85], "texture": "#0"},
				"south": {"uv": [14, 8.95, 14.25, 10.85], "texture": "#0"}
			}
		},
		{
			"from": [3.7, 11, 1.7],
			"to": [3.7, 14.8, 4.4],
			"rotation": {"angle": 22.5, "axis": "y", "origin": [0, 0, 0]},
			"faces": {
				"east": {"uv": [13, 8.7, 14.35, 10.6], "texture": "#0"},
				"west": {"uv": [13, 8.7, 14.35, 10.6], "texture": "#0"}
			}
		},
		{
			"from": [0.2, 6.1, 7.9],
			"to": [2.8, 9.7, 8.4],
			"faces": {
				"east": {"uv": [15.4, 9.5, 15.65, 11.3], "texture": "#0"},
				"up": {"uv": [15.4, 9.5, 15.65, 10.8], "rotation": 90, "texture": "#0"},
				"down": {"uv": [15.4, 9.5, 15.65, 10.8], "rotation": 90, "texture": "#0"}
			}
		},
		{
			"from": [0.2, 6, 8.4],
			"to": [2.9, 9.8, 8.4],
			"faces": {
				"north": {"uv": [5.75, 8.7, 7.1, 10.6], "texture": "#0"},
				"south": {"uv": [5.75, 8.7, 7.1, 10.6], "texture": "#0"}
			}
		},
		{
			"from": [0.2, 6, 7.9],
			"to": [0.2, 9.8, 8.4],
			"faces": {
				"east": {"uv": [6, 9.2, 6.25, 11.1], "texture": "#0"},
				"west": {"uv": [6, 9.2, 6.25, 11.1], "texture": "#0"}
			}
		},
		{
			"from": [0.2, 6, 7.9],
			"to": [2.9, 9.8, 7.9],
			"faces": {
				"north": {"uv": [5.75, 8.7, 7.1, 10.6], "texture": "#0"},
				"south": {"uv": [5.75, 8.7, 7.1, 10.6], "texture": "#0"}
			}
		},
		{
			"from": [0.2, 6.1, 8.9],
			"to": [2.8, 9.7, 9.4],
			"faces": {
				"east": {"uv": [15.4, 9.5, 15.65, 11.3], "texture": "#0"},
				"up": {"uv": [15.4, 9.5, 15.65, 10.8], "rotation": 90, "texture": "#0"},
				"down": {"uv": [15.4, 9.5, 15.65, 10.8], "rotation": 90, "texture": "#0"}
			}
		},
		{
			"from": [0.2, 6, 9.4],
			"to": [2.9, 9.8, 9.4],
			"faces": {
				"north": {"uv": [5.75, 8.7, 7.1, 10.6], "texture": "#0"},
				"south": {"uv": [5.75, 8.7, 7.1, 10.6], "texture": "#0"}
			}
		},
		{
			"from": [0.2, 6, 8.9],
			"to": [0.2, 9.8, 9.4],
			"faces": {
				"east": {"uv": [6, 9.2, 6.25, 11.1], "texture": "#0"},
				"west": {"uv": [6, 9.2, 6.25, 11.1], "texture": "#0"}
			}
		},
		{
			"from": [0.2, 6, 8.9],
			"to": [2.9, 9.8, 8.9],
			"faces": {
				"north": {"uv": [5.75, 8.7, 7.1, 10.6], "texture": "#0"},
				"south": {"uv": [5.75, 8.7, 7.1, 10.6], "texture": "#0"}
			}
		},
		{
			"from": [0.2, 6.1, 7.2],
			"to": [2.8, 9.7, 7.7],
			"faces": {
				"east": {"uv": [15.4, 9.5, 15.65, 11.3], "texture": "#0"},
				"up": {"uv": [15.4, 9.5, 15.65, 10.8], "rotation": 90, "texture": "#0"},
				"down": {"uv": [15.4, 9.5, 15.65, 10.8], "rotation": 90, "texture": "#0"}
			}
		},
		{
			"from": [0.2, 6, 7.7],
			"to": [2.9, 9.8, 7.7],
			"faces": {
				"north": {"uv": [5.75, 8.7, 7.1, 10.6], "texture": "#0"},
				"south": {"uv": [5.75, 8.7, 7.1, 10.6], "texture": "#0"}
			}
		},
		{
			"from": [0.2, 6, 7.2],
			"to": [0.2, 9.8, 7.7],
			"faces": {
				"east": {"uv": [6, 9.2, 6.25, 11.1], "texture": "#0"},
				"west": {"uv": [6, 9.2, 6.25, 11.1], "texture": "#0"}
			}
		},
		{
			"from": [0.2, 6, 7.2],
			"to": [2.9, 9.8, 7.2],
			"faces": {
				"north": {"uv": [5.75, 8.7, 7.1, 10.6], "texture": "#0"},
				"south": {"uv": [5.75, 8.7, 7.1, 10.6], "texture": "#0"}
			}
		},
		{
			"from": [0.2, 6.1, 9.6],
			"to": [2.8, 9.7, 10.1],
			"faces": {
				"east": {"uv": [15.4, 9.5, 15.65, 11.3], "texture": "#0"},
				"up": {"uv": [15.4, 9.5, 15.65, 10.8], "rotation": 90, "texture": "#0"},
				"down": {"uv": [15.4, 9.5, 15.65, 10.8], "rotation": 90, "texture": "#0"}
			}
		},
		{
			"from": [0.2, 6, 10.1],
			"to": [2.9, 9.8, 10.1],
			"faces": {
				"north": {"uv": [5.75, 8.7, 7.1, 10.6], "texture": "#0"},
				"south": {"uv": [5.75, 8.7, 7.1, 10.6], "texture": "#0"}
			}
		},
		{
			"from": [0.2, 6, 9.6],
			"to": [0.2, 9.8, 10.1],
			"faces": {
				"east": {"uv": [6, 9.2, 6.25, 11.1], "texture": "#0"},
				"west": {"uv": [6, 9.2, 6.25, 11.1], "texture": "#0"}
			}
		},
		{
			"from": [0.2, 6, 9.6],
			"to": [2.9, 9.8, 9.6],
			"faces": {
				"north": {"uv": [5.75, 8.7, 7.1, 10.6], "texture": "#0"},
				"south": {"uv": [5.75, 8.7, 7.1, 10.6], "texture": "#0"}
			}
		},
		{
			"from": [3.2, 6.1, 2.4],
			"to": [5.8, 9.7, 2.9],
			"rotation": {"angle": -45, "axis": "y", "origin": [0, 0, 0]},
			"faces": {
				"east": {"uv": [15.4, 9.5, 15.65, 11.3], "texture": "#0"},
				"up": {"uv": [15.4, 9.5, 15.65, 10.8], "rotation": 90, "texture": "#0"},
				"down": {"uv": [15.4, 9.5, 15.65, 10.8], "rotation": 90, "texture": "#0"}
			}
		},
		{
			"from": [3.2, 6, 2.9],
			"to": [5.9, 9.8, 2.9],
			"rotation": {"angle": -45, "axis": "y", "origin": [0, 0, 0]},
			"faces": {
				"north": {"uv": [5.75, 8.7, 7.1, 10.6], "texture": "#0"},
				"south": {"uv": [5.75, 8.7, 7.1, 10.6], "texture": "#0"}
			}
		},
		{
			"from": [3.2, 6, 2.4],
			"to": [3.2, 9.8, 2.9],
			"rotation": {"angle": -45, "axis": "y", "origin": [0, 0, 0]},
			"faces": {
				"east": {"uv": [6, 9.2, 6.25, 11.1], "texture": "#0"},
				"west": {"uv": [6, 9.2, 6.25, 11.1], "texture": "#0"}
			}
		},
		{
			"from": [3.2, 6, 2.4],
			"to": [5.9, 9.8, 2.4],
			"rotation": {"angle": -45, "axis": "y", "origin": [0, 0, 0]},
			"faces": {
				"north": {"uv": [5.75, 8.7, 7.1, 10.6], "texture": "#0"},
				"south": {"uv": [5.75, 8.7, 7.1, 10.6], "texture": "#0"}
			}
		},
		{
			"from": [5.1, 6.1, 0.2],
			"to": [5.6, 9.7, 2.8],
			"faces": {
				"south": {"uv": [15.4, 9.5, 15.65, 11.3], "texture": "#0"},
				"up": {"uv": [15.4, 9.5, 15.65, 10.8], "rotation": 180, "texture": "#0"},
				"down": {"uv": [15.4, 9.5, 15.65, 10.8], "texture": "#0"}
			}
		},
		{
			"from": [5.1, 6, 0.2],
			"to": [5.1, 9.8, 2.9],
			"faces": {
				"east": {"uv": [5.75, 8.7, 7.1, 10.6], "texture": "#0"},
				"west": {"uv": [5.75, 8.7, 7.1, 10.6], "texture": "#0"}
			}
		},
		{
			"from": [5.1, 6, 0.2],
			"to": [5.6, 9.8, 0.2],
			"faces": {
				"north": {"uv": [6, 9.2, 6.25, 11.1], "texture": "#0"},
				"south": {"uv": [6, 9.2, 6.25, 11.1], "texture": "#0"}
			}
		},
		{
			"from": [5.6, 6, 0.2],
			"to": [5.6, 9.8, 2.9],
			"faces": {
				"east": {"uv": [5.75, 8.7, 7.1, 10.6], "texture": "#0"},
				"west": {"uv": [5.75, 8.7, 7.1, 10.6], "texture": "#0"}
			}
		},
		{
			"from": [6.5, 11.1, 0.2],
			"to": [7, 14.7, 2.8],
			"faces": {
				"south": {"uv": [15.4, 9.5, 15.65, 11.3], "texture": "#0"},
				"up": {"uv": [15.4, 9.5, 15.65, 10.8], "rotation": 180, "texture": "#0"},
				"down": {"uv": [15.4, 9.5, 15.65, 10.8], "texture": "#0"}
			}
		},
		{
			"from": [6.5, 11, 0.2],
			"to": [6.5, 14.8, 2.9],
			"faces": {
				"east": {"uv": [5.75, 8.7, 7.1, 10.6], "texture": "#0"},
				"west": {"uv": [5.75, 8.7, 7.1, 10.6], "texture": "#0"}
			}
		},
		{
			"from": [6.5, 11, 0.2],
			"to": [7, 14.8, 0.2],
			"faces": {
				"north": {"uv": [6, 9.2, 6.25, 11.1], "texture": "#0"},
				"south": {"uv": [6, 9.2, 6.25, 11.1], "texture": "#0"}
			}
		},
		{
			"from": [13.2, 6.1, 9.5],
			"to": [15.8, 9.7, 10],
			"faces": {
				"west": {"uv": [15.4, 9.5, 15.65, 11.3], "texture": "#0"},
				"up": {"uv": [15.4, 9.5, 15.65, 10.8], "rotation": 270, "texture": "#0"},
				"down": {"uv": [15.4, 9.5, 15.65, 10.8], "rotation": 270, "texture": "#0"}
			}
		},
		{
			"from": [13.1, 6, 10],
			"to": [15.8, 9.8, 10],
			"faces": {
				"north": {"uv": [5.75, 8.7, 7.1, 10.6], "texture": "#0"},
				"south": {"uv": [5.75, 8.7, 7.1, 10.6], "texture": "#0"}
			}
		},
		{
			"from": [13.1, 6, 9.5],
			"to": [15.8, 9.8, 9.5],
			"faces": {
				"north": {"uv": [5.75, 8.7, 7.1, 10.6], "texture": "#0"},
				"south": {"uv": [5.75, 8.7, 7.1, 10.6], "texture": "#0"}
			}
		},
		{
			"from": [15.8, 6, 9.5],
			"to": [15.8, 9.8, 10],
			"faces": {
				"east": {"uv": [6, 9.2, 6.25, 11.1], "texture": "#0"},
				"west": {"uv": [6, 9.2, 6.25, 11.1], "texture": "#0"}
			}
		},
		{
			"from": [13.2, 6.1, 8.5],
			"to": [15.8, 9.7, 9],
			"faces": {
				"west": {"uv": [15.4, 9.5, 15.65, 11.3], "texture": "#0"},
				"up": {"uv": [15.4, 9.5, 15.65, 10.8], "rotation": 270, "texture": "#0"},
				"down": {"uv": [15.4, 9.5, 15.65, 10.8], "rotation": 270, "texture": "#0"}
			}
		},
		{
			"from": [13.1, 6, 9],
			"to": [15.8, 9.8, 9],
			"faces": {
				"north": {"uv": [5.75, 8.7, 7.1, 10.6], "texture": "#0"},
				"south": {"uv": [5.75, 8.7, 7.1, 10.6], "texture": "#0"}
			}
		},
		{
			"from": [13.1, 6, 8.5],
			"to": [15.8, 9.8, 8.5],
			"faces": {
				"north": {"uv": [5.75, 8.7, 7.1, 10.6], "texture": "#0"},
				"south": {"uv": [5.75, 8.7, 7.1, 10.6], "texture": "#0"}
			}
		},
		{
			"from": [15.8, 6, 8.5],
			"to": [15.8, 9.8, 9],
			"faces": {
				"east": {"uv": [6, 9.2, 6.25, 11.1], "texture": "#0"},
				"west": {"uv": [6, 9.2, 6.25, 11.1], "texture": "#0"}
			}
		},
		{
			"from": [13.2, 6.1, 10.1],
			"to": [15.8, 9.7, 10.6],
			"faces": {
				"west": {"uv": [15.4, 9.5, 15.65, 11.3], "texture": "#0"},
				"up": {"uv": [15.4, 9.5, 15.65, 10.8], "rotation": 270, "texture": "#0"},
				"down": {"uv": [15.4, 9.5, 15.65, 10.8], "rotation": 270, "texture": "#0"}
			}
		},
		{
			"from": [13.1, 6, 10.6],
			"to": [15.8, 9.8, 10.6],
			"faces": {
				"north": {"uv": [5.75, 8.7, 7.1, 10.6], "texture": "#0"},
				"south": {"uv": [5.75, 8.7, 7.1, 10.6], "texture": "#0"}
			}
		},
		{
			"from": [13.1, 6, 10.1],
			"to": [15.8, 9.8, 10.1],
			"faces": {
				"north": {"uv": [5.75, 8.7, 7.1, 10.6], "texture": "#0"},
				"south": {"uv": [5.75, 8.7, 7.1, 10.6], "texture": "#0"}
			}
		},
		{
			"from": [15.8, 6, 10.1],
			"to": [15.8, 9.8, 10.6],
			"faces": {
				"east": {"uv": [6, 9.2, 6.25, 11.1], "texture": "#0"},
				"west": {"uv": [6, 9.2, 6.25, 11.1], "texture": "#0"}
			}
		},
		{
			"from": [13.2, 6.1, 6.5],
			"to": [15.8, 9.7, 7],
			"faces": {
				"west": {"uv": [15.4, 9.5, 15.65, 11.3], "texture": "#0"},
				"up": {"uv": [15.4, 9.5, 15.65, 10.8], "rotation": 270, "texture": "#0"},
				"down": {"uv": [15.4, 9.5, 15.65, 10.8], "rotation": 270, "texture": "#0"}
			}
		},
		{
			"from": [13.1, 6, 7],
			"to": [15.8, 9.8, 7],
			"faces": {
				"north": {"uv": [5.75, 8.7, 7.1, 10.6], "texture": "#0"},
				"south": {"uv": [5.75, 8.7, 7.1, 10.6], "texture": "#0"}
			}
		},
		{
			"from": [13.1, 6, 6.5],
			"to": [15.8, 9.8, 6.5],
			"faces": {
				"north": {"uv": [5.75, 8.7, 7.1, 10.6], "texture": "#0"},
				"south": {"uv": [5.75, 8.7, 7.1, 10.6], "texture": "#0"}
			}
		},
		{
			"from": [15.8, 6, 6.5],
			"to": [15.8, 9.8, 7],
			"faces": {
				"east": {"uv": [6, 9.2, 6.25, 11.1], "texture": "#0"},
				"west": {"uv": [6, 9.2, 6.25, 11.1], "texture": "#0"}
			}
		},
		{
			"from": [13.2, 6.1, 4.5],
			"to": [15.8, 9.7, 5],
			"faces": {
				"west": {"uv": [15.4, 9.5, 15.65, 11.3], "texture": "#0"},
				"up": {"uv": [15.4, 9.5, 15.65, 10.8], "rotation": 270, "texture": "#0"},
				"down": {"uv": [15.4, 9.5, 15.65, 10.8], "rotation": 270, "texture": "#0"}
			}
		},
		{
			"from": [13.1, 6, 5],
			"to": [15.8, 9.8, 5],
			"faces": {
				"north": {"uv": [5.75, 8.7, 7.1, 10.6], "texture": "#0"},
				"south": {"uv": [5.75, 8.7, 7.1, 10.6], "texture": "#0"}
			}
		},
		{
			"from": [13.1, 6, 4.5],
			"to": [15.8, 9.8, 4.5],
			"faces": {
				"north": {"uv": [5.75, 8.7, 7.1, 10.6], "texture": "#0"},
				"south": {"uv": [5.75, 8.7, 7.1, 10.6], "texture": "#0"}
			}
		},
		{
			"from": [15.8, 6, 4.5],
			"to": [15.8, 9.8, 5],
			"faces": {
				"east": {"uv": [6, 9.2, 6.25, 11.1], "texture": "#0"},
				"west": {"uv": [6, 9.2, 6.25, 11.1], "texture": "#0"}
			}
		},
		{
			"from": [13.2, 11.1, 8.6],
			"to": [15.8, 14.7, 9.1],
			"faces": {
				"west": {"uv": [15.4, 9.5, 15.65, 11.3], "texture": "#0"},
				"up": {"uv": [15.4, 9.5, 15.65, 10.8], "rotation": 270, "texture": "#0"},
				"down": {"uv": [15.4, 9.5, 15.65, 10.8], "rotation": 270, "texture": "#0"}
			}
		},
		{
			"from": [13.1, 11, 9.1],
			"to": [15.8, 14.8, 9.1],
			"faces": {
				"north": {"uv": [5.75, 8.7, 7.1, 10.6], "texture": "#0"},
				"south": {"uv": [5.75, 8.7, 7.1, 10.6], "texture": "#0"}
			}
		},
		{
			"from": [13.1, 11, 8.6],
			"to": [15.8, 14.8, 8.6],
			"faces": {
				"north": {"uv": [5.75, 8.7, 7.1, 10.6], "texture": "#0"},
				"south": {"uv": [5.75, 8.7, 7.1, 10.6], "texture": "#0"}
			}
		},
		{
			"from": [15.8, 11, 8.6],
			"to": [15.8, 14.8, 9.1],
			"faces": {
				"east": {"uv": [6, 9.2, 6.25, 11.1], "texture": "#0"},
				"west": {"uv": [6, 9.2, 6.25, 11.1], "texture": "#0"}
			}
		},
		{
			"from": [10.9, 1.1, 13.2],
			"to": [11.4, 4.7, 15.8],
			"faces": {
				"north": {"uv": [15.4, 9.5, 15.65, 11.3], "texture": "#0"},
				"up": {"uv": [15.4, 9.5, 15.65, 10.8], "texture": "#0"},
				"down": {"uv": [15.4, 9.5, 15.65, 10.8], "rotation": 180, "texture": "#0"}
			}
		},
		{
			"from": [10.9, 1, 13.1],
			"to": [10.9, 4.8, 15.8],
			"faces": {
				"east": {"uv": [5.75, 8.7, 7.1, 10.6], "texture": "#0"},
				"west": {"uv": [5.75, 8.7, 7.1, 10.6], "texture": "#0"}
			}
		},
		{
			"from": [11.4, 1, 13.1],
			"to": [11.4, 4.8, 15.8],
			"faces": {
				"east": {"uv": [5.75, 8.7, 7.1, 10.6], "texture": "#0"},
				"west": {"uv": [5.75, 8.7, 7.1, 10.6], "texture": "#0"}
			}
		},
		{
			"from": [10.9, 1, 15.8],
			"to": [11.4, 4.8, 15.8],
			"faces": {
				"north": {"uv": [6, 9.2, 6.25, 11.1], "texture": "#0"},
				"south": {"uv": [6, 9.2, 6.25, 11.1], "texture": "#0"}
			}
		},
		{
			"from": [7, 11, 0.2],
			"to": [7, 14.8, 2.9],
			"faces": {
				"east": {"uv": [5.75, 8.7, 7.1, 10.6], "texture": "#0"},
				"west": {"uv": [5.75, 8.7, 7.1, 10.6], "texture": "#0"}
			}
		},
		{
			"from": [12.1, 1, 13.2],
			"to": [12.1, 4.8, 15.9],
			"faces": {
				"east": {"uv": [13.75, 0.95, 15.1, 2.85], "texture": "#0"},
				"west": {"uv": [13.75, 0.95, 15.1, 2.85], "texture": "#0"}
			}
		},
		{
			"from": [0.2, 1.1, 11.8],
			"to": [2.8, 4.7, 12.3],
			"faces": {
				"east": {"uv": [15.4, 9.5, 15.65, 11.3], "texture": "#0"},
				"up": {"uv": [15.4, 9.5, 15.65, 10.8], "rotation": 90, "texture": "#0"},
				"down": {"uv": [15.4, 9.5, 15.65, 10.8], "rotation": 90, "texture": "#0"}
			}
		},
		{
			"from": [0.2, 1, 12.3],
			"to": [2.9, 4.8, 12.3],
			"faces": {
				"north": {"uv": [13.25, 13.2, 14.6, 15.1], "texture": "#0"},
				"south": {"uv": [13.25, 13.2, 14.6, 15.1], "texture": "#0"}
			}
		},
		{
			"from": [0.2, 1, 11.8],
			"to": [0.2, 4.8, 12.3],
			"faces": {
				"east": {"uv": [13.25, 12.7, 13.5, 14.6], "texture": "#0"},
				"west": {"uv": [13.25, 12.7, 13.5, 14.6], "texture": "#0"}
			}
		},
		{
			"from": [0.2, 1, 11.8],
			"to": [2.9, 4.8, 11.8],
			"faces": {
				"north": {"uv": [13.25, 13.2, 14.6, 15.1], "texture": "#0"},
				"south": {"uv": [13.25, 13.2, 14.6, 15.1], "texture": "#0"}
			}
		},
		{
			"from": [0.2, 1.1, 10.8],
			"to": [2.8, 4.7, 11.3],
			"faces": {
				"east": {"uv": [15.4, 9.5, 15.65, 11.3], "texture": "#0"},
				"up": {"uv": [15.4, 9.5, 15.65, 10.8], "rotation": 90, "texture": "#0"},
				"down": {"uv": [15.4, 9.5, 15.65, 10.8], "rotation": 90, "texture": "#0"}
			}
		},
		{
			"from": [0.2, 1, 11.3],
			"to": [2.9, 4.8, 11.3],
			"faces": {
				"north": {"uv": [13.25, 13.2, 14.6, 15.1], "texture": "#0"},
				"south": {"uv": [13.25, 13.2, 14.6, 15.1], "texture": "#0"}
			}
		},
		{
			"from": [0.2, 1.1, 7.8],
			"to": [2.8, 4.7, 8.3],
			"faces": {
				"east": {"uv": [15.4, 9.5, 15.65, 11.3], "texture": "#0"},
				"up": {"uv": [15.4, 9.5, 15.65, 10.8], "rotation": 90, "texture": "#0"},
				"down": {"uv": [15.4, 9.5, 15.65, 10.8], "rotation": 90, "texture": "#0"}
			}
		},
		{
			"from": [0.2, 1, 8.3],
			"to": [2.9, 4.8, 8.3],
			"faces": {
				"north": {"uv": [13.25, 13.2, 14.6, 15.1], "texture": "#0"},
				"south": {"uv": [13.25, 13.2, 14.6, 15.1], "texture": "#0"}
			}
		},
		{
			"from": [0.2, 1, 7.8],
			"to": [0.2, 4.8, 8.3],
			"faces": {
				"east": {"uv": [13.25, 12.7, 13.5, 14.6], "texture": "#0"},
				"west": {"uv": [13.25, 12.7, 13.5, 14.6], "texture": "#0"}
			}
		},
		{
			"from": [0.2, 1, 7.8],
			"to": [2.9, 4.8, 7.8],
			"faces": {
				"north": {"uv": [13.25, 13.2, 14.6, 15.1], "texture": "#0"},
				"south": {"uv": [13.25, 13.2, 14.6, 15.1], "texture": "#0"}
			}
		},
		{
			"from": [10.8, 11.1, 13.2],
			"to": [11.3, 14.7, 15.8],
			"faces": {
				"north": {"uv": [15.4, 9.5, 15.65, 11.3], "texture": "#0"},
				"up": {"uv": [15.4, 9.5, 15.65, 10.8], "texture": "#0"},
				"down": {"uv": [15.4, 9.5, 15.65, 10.8], "rotation": 180, "texture": "#0"}
			}
		},
		{
			"from": [11.3, 11, 13.1],
			"to": [11.3, 14.8, 15.8],
			"faces": {
				"east": {"uv": [13.25, 13.2, 14.6, 15.1], "texture": "#0"},
				"west": {"uv": [13.25, 13.2, 14.6, 15.1], "texture": "#0"}
			}
		},
		{
			"from": [10.8, 11, 15.8],
			"to": [11.3, 14.8, 15.8],
			"faces": {
				"north": {"uv": [13.25, 12.7, 13.5, 14.6], "texture": "#0"},
				"south": {"uv": [13.25, 12.7, 13.5, 14.6], "texture": "#0"}
			}
		},
		{
			"from": [10.8, 11, 13.1],
			"to": [10.8, 14.8, 15.8],
			"faces": {
				"east": {"uv": [13.25, 13.2, 14.6, 15.1], "texture": "#0"},
				"west": {"uv": [13.25, 13.2, 14.6, 15.1], "texture": "#0"}
			}
		},
		{
			"from": [9.7, 11.1, 13.2],
			"to": [10.2, 14.7, 15.8],
			"faces": {
				"north": {"uv": [15.4, 9.5, 15.65, 11.3], "texture": "#0"},
				"up": {"uv": [15.4, 9.5, 15.65, 10.8], "texture": "#0"},
				"down": {"uv": [15.4, 9.5, 15.65, 10.8], "rotation": 180, "texture": "#0"}
			}
		},
		{
			"from": [10.2, 11, 13.1],
			"to": [10.2, 14.8, 15.8],
			"faces": {
				"east": {"uv": [13.25, 13.2, 14.6, 15.1], "texture": "#0"},
				"west": {"uv": [13.25, 13.2, 14.6, 15.1], "texture": "#0"}
			}
		},
		{
			"from": [9.7, 11, 15.8],
			"to": [10.2, 14.8, 15.8],
			"faces": {
				"north": {"uv": [13.25, 12.7, 13.5, 14.6], "texture": "#0"},
				"south": {"uv": [13.25, 12.7, 13.5, 14.6], "texture": "#0"}
			}
		},
		{
			"from": [9.7, 11, 13.1],
			"to": [9.7, 14.8, 15.8],
			"faces": {
				"east": {"uv": [13.25, 13.2, 14.6, 15.1], "texture": "#0"},
				"west": {"uv": [13.25, 13.2, 14.6, 15.1], "texture": "#0"}
			}
		},
		{
			"from": [8.9, 11.1, 13.2],
			"to": [9.4, 14.7, 15.8],
			"faces": {
				"north": {"uv": [15.4, 9.5, 15.65, 11.3], "texture": "#0"},
				"up": {"uv": [15.4, 9.5, 15.65, 10.8], "texture": "#0"},
				"down": {"uv": [15.4, 9.5, 15.65, 10.8], "rotation": 180, "texture": "#0"}
			}
		},
		{
			"from": [9.4, 11, 13.1],
			"to": [9.4, 14.8, 15.8],
			"faces": {
				"east": {"uv": [13.25, 13.2, 14.6, 15.1], "texture": "#0"},
				"west": {"uv": [13.25, 13.2, 14.6, 15.1], "texture": "#0"}
			}
		},
		{
			"from": [8.9, 11, 15.8],
			"to": [9.4, 14.8, 15.8],
			"faces": {
				"north": {"uv": [13.25, 12.7, 13.5, 14.6], "texture": "#0"},
				"south": {"uv": [13.25, 12.7, 13.5, 14.6], "texture": "#0"}
			}
		},
		{
			"from": [8.9, 11, 13.1],
			"to": [8.9, 14.8, 15.8],
			"faces": {
				"east": {"uv": [13.25, 13.2, 14.6, 15.1], "texture": "#0"},
				"west": {"uv": [13.25, 13.2, 14.6, 15.1], "texture": "#0"}
			}
		},
		{
			"from": [10.7, 11.1, 10.8],
			"to": [13.3, 14.7, 11.3],
			"rotation": {"angle": -22.5, "axis": "y", "origin": [0, 0, 0]},
			"faces": {
				"west": {"uv": [15.4, 9.5, 15.65, 11.3], "texture": "#0"},
				"up": {"uv": [15.4, 9.5, 15.65, 10.8], "rotation": 270, "texture": "#0"},
				"down": {"uv": [15.4, 9.5, 15.65, 10.8], "rotation": 270, "texture": "#0"}
			}
		},
		{
			"from": [10.6, 11, 10.8],
			"to": [13.3, 14.8, 10.8],
			"rotation": {"angle": -22.5, "axis": "y", "origin": [0, 0, 0]},
			"faces": {
				"north": {"uv": [13.25, 13.2, 14.6, 15.1], "texture": "#0"},
				"south": {"uv": [13.25, 13.2, 14.6, 15.1], "texture": "#0"}
			}
		},
		{
			"from": [13.3, 11, 10.8],
			"to": [13.3, 14.8, 11.3],
			"rotation": {"angle": -22.5, "axis": "y", "origin": [0, 0, 0]},
			"faces": {
				"east": {"uv": [13.25, 12.7, 13.5, 14.6], "texture": "#0"},
				"west": {"uv": [13.25, 12.7, 13.5, 14.6], "texture": "#0"}
			}
		},
		{
			"from": [10.6, 11, 11.3],
			"to": [13.3, 14.8, 11.3],
			"rotation": {"angle": -22.5, "axis": "y", "origin": [0, 0, 0]},
			"faces": {
				"north": {"uv": [13.25, 13.2, 14.6, 15.1], "texture": "#0"},
				"south": {"uv": [13.25, 13.2, 14.6, 15.1], "texture": "#0"}
			}
		},
		{
			"from": [13.2, 11.1, 10.8],
			"to": [15.8, 14.7, 11.3],
			"faces": {
				"west": {"uv": [15.4, 9.5, 15.65, 11.3], "texture": "#0"},
				"up": {"uv": [15.4, 9.5, 15.65, 10.8], "rotation": 270, "texture": "#0"},
				"down": {"uv": [15.4, 9.5, 15.65, 10.8], "rotation": 270, "texture": "#0"}
			}
		},
		{
			"from": [13.1, 11, 10.8],
			"to": [15.8, 14.8, 10.8],
			"faces": {
				"north": {"uv": [13.25, 13.2, 14.6, 15.1], "texture": "#0"},
				"south": {"uv": [13.25, 13.2, 14.6, 15.1], "texture": "#0"}
			}
		},
		{
			"from": [15.8, 11, 10.8],
			"to": [15.8, 14.8, 11.3],
			"faces": {
				"east": {"uv": [13.25, 12.7, 13.5, 14.6], "texture": "#0"},
				"west": {"uv": [13.25, 12.7, 13.5, 14.6], "texture": "#0"}
			}
		},
		{
			"from": [13.1, 11, 11.3],
			"to": [15.8, 14.8, 11.3],
			"faces": {
				"north": {"uv": [13.25, 13.2, 14.6, 15.1], "texture": "#0"},
				"south": {"uv": [13.25, 13.2, 14.6, 15.1], "texture": "#0"}
			}
		},
		{
			"from": [11.1, 6.1, 0.2],
			"to": [11.6, 9.7, 2.8],
			"faces": {
				"south": {"uv": [15.4, 9.5, 15.65, 11.3], "texture": "#0"},
				"up": {"uv": [15.4, 9.5, 15.65, 10.8], "rotation": 180, "texture": "#0"},
				"down": {"uv": [15.4, 9.5, 15.65, 10.8], "texture": "#0"}
			}
		},
		{
			"from": [11.1, 6, 0.2],
			"to": [11.1, 9.8, 2.9],
			"faces": {
				"east": {"uv": [13.25, 13.2, 14.6, 15.1], "texture": "#0"},
				"west": {"uv": [13.25, 13.2, 14.6, 15.1], "texture": "#0"}
			}
		},
		{
			"from": [11.1, 6, 0.2],
			"to": [11.6, 9.8, 0.2],
			"faces": {
				"north": {"uv": [13.25, 12.7, 13.5, 14.6], "texture": "#0"},
				"south": {"uv": [13.25, 12.7, 13.5, 14.6], "texture": "#0"}
			}
		},
		{
			"from": [11.6, 6, 0.2],
			"to": [11.6, 9.8, 2.9],
			"faces": {
				"east": {"uv": [13.25, 13.2, 14.6, 15.1], "texture": "#0"},
				"west": {"uv": [13.25, 13.2, 14.6, 15.1], "texture": "#0"}
			}
		},
		{
			"from": [10.6, 11.1, 0.2],
			"to": [11.1, 14.7, 2.8],
			"faces": {
				"south": {"uv": [15.4, 9.5, 15.65, 11.3], "texture": "#0"},
				"up": {"uv": [15.4, 9.5, 15.65, 10.8], "rotation": 180, "texture": "#0"},
				"down": {"uv": [15.4, 9.5, 15.65, 10.8], "texture": "#0"}
			}
		},
		{
			"from": [10.6, 11, 0.2],
			"to": [10.6, 14.8, 2.9],
			"faces": {
				"east": {"uv": [13.25, 13.2, 14.6, 15.1], "texture": "#0"},
				"west": {"uv": [13.25, 13.2, 14.6, 15.1], "texture": "#0"}
			}
		},
		{
			"from": [10.6, 11, 0.2],
			"to": [11.1, 14.8, 0.2],
			"faces": {
				"north": {"uv": [13.25, 12.7, 13.5, 14.6], "texture": "#0"},
				"south": {"uv": [13.25, 12.7, 13.5, 14.6], "texture": "#0"}
			}
		},
		{
			"from": [11.1, 11, 0.2],
			"to": [11.1, 14.8, 2.9],
			"faces": {
				"east": {"uv": [13.25, 13.2, 14.6, 15.1], "texture": "#0"},
				"west": {"uv": [13.25, 13.2, 14.6, 15.1], "texture": "#0"}
			}
		},
		{
			"from": [0.2, 1, 10.8],
			"to": [0.2, 4.8, 11.3],
			"faces": {
				"east": {"uv": [13.25, 12.7, 13.5, 14.6], "texture": "#0"},
				"west": {"uv": [13.25, 12.7, 13.5, 14.6], "texture": "#0"}
			}
		},
		{
			"from": [0.2, 1, 10.8],
			"to": [2.9, 4.8, 10.8],
			"faces": {
				"north": {"uv": [13.25, 13.2, 14.6, 15.1], "texture": "#0"},
				"south": {"uv": [13.25, 13.2, 14.6, 15.1], "texture": "#0"}
			}
		},
		{
			"from": [0.2, 1.1, 4.8],
			"to": [2.8, 4.7, 5.3],
			"faces": {
				"east": {"uv": [15.4, 9.5, 15.65, 11.3], "texture": "#0"},
				"up": {"uv": [15.4, 9.5, 15.65, 10.8], "rotation": 90, "texture": "#0"},
				"down": {"uv": [15.4, 9.5, 15.65, 10.8], "rotation": 90, "texture": "#0"}
			}
		},
		{
			"from": [0.2, 1, 5.3],
			"to": [2.9, 4.8, 5.3],
			"faces": {
				"north": {"uv": [13.25, 13.2, 14.6, 15.1], "texture": "#0"},
				"south": {"uv": [13.25, 13.2, 14.6, 15.1], "texture": "#0"}
			}
		},
		{
			"from": [0.2, 1, 4.8],
			"to": [0.2, 4.8, 5.3],
			"faces": {
				"east": {"uv": [13.25, 12.7, 13.5, 14.6], "texture": "#0"},
				"west": {"uv": [13.25, 12.7, 13.5, 14.6], "texture": "#0"}
			}
		},
		{
			"from": [0.2, 1, 4.8],
			"to": [2.9, 4.8, 4.8],
			"faces": {
				"north": {"uv": [13.25, 13.2, 14.6, 15.1], "texture": "#0"},
				"south": {"uv": [13.25, 13.2, 14.6, 15.1], "texture": "#0"}
			}
		},
		{
			"from": [0.2, 11.1, 3.9],
			"to": [2.8, 14.7, 4.4],
			"faces": {
				"east": {"uv": [15.4, 9.5, 15.65, 11.3], "texture": "#0"},
				"up": {"uv": [15.4, 9.5, 15.65, 10.8], "rotation": 90, "texture": "#0"},
				"down": {"uv": [15.4, 9.5, 15.65, 10.8], "rotation": 90, "texture": "#0"}
			}
		},
		{
			"from": [0.2, 11, 4.4],
			"to": [2.9, 14.8, 4.4],
			"faces": {
				"north": {"uv": [5.75, 12.95, 7.1, 14.85], "texture": "#0"},
				"south": {"uv": [5.75, 12.95, 7.1, 14.85], "texture": "#0"}
			}
		},
		{
			"from": [0.2, 11, 3.9],
			"to": [0.2, 14.8, 4.4],
			"faces": {
				"east": {"uv": [6, 12.95, 6.25, 14.85], "texture": "#0"},
				"west": {"uv": [6, 12.95, 6.25, 14.85], "texture": "#0"}
			}
		},
		{
			"from": [0.2, 11, 3.9],
			"to": [2.9, 14.8, 3.9],
			"faces": {
				"north": {"uv": [5.75, 12.95, 7.1, 14.85], "texture": "#0"},
				"south": {"uv": [5.75, 12.95, 7.1, 14.85], "texture": "#0"}
			}
		},
		{
			"from": [11.6, 11.1, 13.2],
			"to": [12.1, 14.7, 15.8],
			"faces": {
				"north": {"uv": [15.4, 9.5, 15.65, 11.3], "texture": "#0"},
				"up": {"uv": [15.4, 9.5, 15.65, 10.8], "texture": "#0"},
				"down": {"uv": [15.4, 9.5, 15.65, 10.8], "rotation": 180, "texture": "#0"}
			}
		},
		{
			"from": [12.1, 11, 13.1],
			"to": [12.1, 14.8, 15.8],
			"faces": {
				"east": {"uv": [5.75, 12.95, 7.1, 14.85], "texture": "#0"},
				"west": {"uv": [5.75, 12.95, 7.1, 14.85], "texture": "#0"}
			}
		},
		{
			"from": [11.6, 11, 15.8],
			"to": [12.1, 14.8, 15.8],
			"faces": {
				"north": {"uv": [6, 12.95, 6.25, 14.85], "texture": "#0"},
				"south": {"uv": [6, 12.95, 6.25, 14.85], "texture": "#0"}
			}
		},
		{
			"from": [11.6, 11, 13.1],
			"to": [11.6, 14.8, 15.8],
			"faces": {
				"east": {"uv": [5.75, 12.95, 7.1, 14.85], "texture": "#0"},
				"west": {"uv": [5.75, 12.95, 7.1, 14.85], "texture": "#0"}
			}
		},
		{
			"from": [4.3, 1.1, 13.2],
			"to": [4.8, 4.7, 15.8],
			"faces": {
				"north": {"uv": [15.4, 9.5, 15.65, 11.3], "texture": "#0"},
				"up": {"uv": [15.4, 9.5, 15.65, 10.8], "texture": "#0"},
				"down": {"uv": [15.4, 9.5, 15.65, 10.8], "rotation": 180, "texture": "#0"}
			}
		},
		{
			"from": [4.8, 1, 13.1],
			"to": [4.8, 4.8, 15.8],
			"faces": {
				"east": {"uv": [5.75, 12.95, 7.1, 14.85], "texture": "#0"},
				"west": {"uv": [5.75, 12.95, 7.1, 14.85], "texture": "#0"}
			}
		},
		{
			"from": [4.3, 1, 15.8],
			"to": [4.8, 4.8, 15.8],
			"faces": {
				"north": {"uv": [6, 12.95, 6.25, 14.85], "texture": "#0"},
				"south": {"uv": [6, 12.95, 6.25, 14.85], "texture": "#0"}
			}
		},
		{
			"from": [4.3, 1, 13.1],
			"to": [4.3, 4.8, 15.8],
			"faces": {
				"east": {"uv": [5.75, 12.95, 7.1, 14.85], "texture": "#0"},
				"west": {"uv": [5.75, 12.95, 7.1, 14.85], "texture": "#0"}
			}
		},
		{
			"from": [13.3, 1.1, 4.2],
			"to": [15.9, 4.7, 4.7],
			"faces": {
				"west": {"uv": [15.4, 9.5, 15.65, 11.3], "texture": "#0"},
				"up": {"uv": [15.4, 9.5, 15.65, 10.8], "rotation": 270, "texture": "#0"},
				"down": {"uv": [15.4, 9.5, 15.65, 10.8], "rotation": 270, "texture": "#0"}
			}
		},
		{
			"from": [13.2, 1, 4.2],
			"to": [15.9, 4.8, 4.2],
			"faces": {
				"north": {"uv": [5.75, 12.95, 7.1, 14.85], "texture": "#0"},
				"south": {"uv": [5.75, 12.95, 7.1, 14.85], "texture": "#0"}
			}
		},
		{
			"from": [15.9, 1, 4.2],
			"to": [15.9, 4.8, 4.7],
			"faces": {
				"east": {"uv": [6, 12.95, 6.25, 14.85], "texture": "#0"},
				"west": {"uv": [6, 12.95, 6.25, 14.85], "texture": "#0"}
			}
		},
		{
			"from": [13.2, 1, 4.7],
			"to": [15.9, 4.8, 4.7],
			"faces": {
				"north": {"uv": [5.75, 12.95, 7.1, 14.85], "texture": "#0"},
				"south": {"uv": [5.75, 12.95, 7.1, 14.85], "texture": "#0"}
			}
		},
		{
			"from": [13.3, 1.1, 5],
			"to": [15.9, 4.7, 5.5],
			"faces": {
				"west": {"uv": [15.4, 9.5, 15.65, 11.3], "texture": "#0"},
				"up": {"uv": [15.4, 9.5, 15.65, 10.8], "rotation": 270, "texture": "#0"},
				"down": {"uv": [15.4, 9.5, 15.65, 10.8], "rotation": 270, "texture": "#0"}
			}
		},
		{
			"from": [13.2, 1, 5],
			"to": [15.9, 4.8, 5],
			"faces": {
				"north": {"uv": [5.75, 12.95, 7.1, 14.85], "texture": "#0"},
				"south": {"uv": [5.75, 12.95, 7.1, 14.85], "texture": "#0"}
			}
		},
		{
			"from": [15.9, 1, 5],
			"to": [15.9, 4.8, 5.5],
			"faces": {
				"east": {"uv": [6, 12.95, 6.25, 14.85], "texture": "#0"},
				"west": {"uv": [6, 12.95, 6.25, 14.85], "texture": "#0"}
			}
		},
		{
			"from": [13.2, 1, 5.5],
			"to": [15.9, 4.8, 5.5],
			"faces": {
				"north": {"uv": [5.75, 12.95, 7.1, 14.85], "texture": "#0"},
				"south": {"uv": [5.75, 12.95, 7.1, 14.85], "texture": "#0"}
			}
		},
		{
			"from": [13.3, 6.1, 7.3],
			"to": [15.9, 9.7, 7.8],
			"faces": {
				"west": {"uv": [15.4, 9.5, 15.65, 11.3], "texture": "#0"},
				"up": {"uv": [15.4, 9.5, 15.65, 10.8], "rotation": 270, "texture": "#0"},
				"down": {"uv": [15.4, 9.5, 15.65, 10.8], "rotation": 270, "texture": "#0"}
			}
		},
		{
			"from": [13.2, 6, 7.3],
			"to": [15.9, 9.8, 7.3],
			"faces": {
				"north": {"uv": [5.75, 12.95, 7.1, 14.85], "texture": "#0"},
				"south": {"uv": [5.75, 12.95, 7.1, 14.85], "texture": "#0"}
			}
		},
		{
			"from": [15.9, 6, 7.3],
			"to": [15.9, 9.8, 7.8],
			"faces": {
				"east": {"uv": [6, 12.95, 6.25, 14.85], "texture": "#0"},
				"west": {"uv": [6, 12.95, 6.25, 14.85], "texture": "#0"}
			}
		},
		{
			"from": [13.2, 6, 7.8],
			"to": [15.9, 9.8, 7.8],
			"faces": {
				"north": {"uv": [5.75, 12.95, 7.1, 14.85], "texture": "#0"},
				"south": {"uv": [5.75, 12.95, 7.1, 14.85], "texture": "#0"}
			}
		},
		{
			"from": [13.3, 1.1, 11.4],
			"to": [15.9, 4.7, 11.9],
			"faces": {
				"west": {"uv": [15.4, 9.5, 15.65, 11.3], "texture": "#0"},
				"up": {"uv": [15.4, 9.5, 15.65, 10.8], "rotation": 270, "texture": "#0"},
				"down": {"uv": [15.4, 9.5, 15.65, 10.8], "rotation": 270, "texture": "#0"}
			}
		},
		{
			"from": [13.2, 1, 11.4],
			"to": [15.9, 4.8, 11.4],
			"faces": {
				"north": {"uv": [5.75, 12.95, 7.1, 14.85], "texture": "#0"},
				"south": {"uv": [5.75, 12.95, 7.1, 14.85], "texture": "#0"}
			}
		},
		{
			"from": [15.9, 1, 11.4],
			"to": [15.9, 4.8, 11.9],
			"faces": {
				"east": {"uv": [6, 12.95, 6.25, 14.85], "texture": "#0"},
				"west": {"uv": [6, 12.95, 6.25, 14.85], "texture": "#0"}
			}
		},
		{
			"from": [13.2, 1, 11.9],
			"to": [15.9, 4.8, 11.9],
			"faces": {
				"north": {"uv": [5.75, 12.95, 7.1, 14.85], "texture": "#0"},
				"south": {"uv": [5.75, 12.95, 7.1, 14.85], "texture": "#0"}
			}
		},
		{
			"from": [5.2, 1.1, 0.1],
			"to": [5.7, 4.7, 2.7],
			"faces": {
				"south": {"uv": [15.4, 9.5, 15.65, 11.3], "texture": "#0"},
				"up": {"uv": [15.4, 9.5, 15.65, 10.8], "rotation": 180, "texture": "#0"},
				"down": {"uv": [15.4, 9.5, 15.65, 10.8], "texture": "#0"}
			}
		},
		{
			"from": [5.2, 1, 0.1],
			"to": [5.2, 4.8, 2.8],
			"faces": {
				"east": {"uv": [5.75, 12.95, 7.1, 14.85], "texture": "#0"},
				"west": {"uv": [5.75, 12.95, 7.1, 14.85], "texture": "#0"}
			}
		},
		{
			"from": [5.2, 1, 0.1],
			"to": [5.7, 4.8, 0.1],
			"faces": {
				"north": {"uv": [6, 12.95, 6.25, 14.85], "texture": "#0"},
				"south": {"uv": [6, 12.95, 6.25, 14.85], "texture": "#0"}
			}
		},
		{
			"from": [5.7, 1, 0.1],
			"to": [5.7, 4.8, 2.8],
			"faces": {
				"east": {"uv": [5.75, 12.95, 7.1, 14.85], "texture": "#0"},
				"west": {"uv": [5.75, 12.95, 7.1, 14.85], "texture": "#0"}
			}
		},
		{
			"from": [5.8, 1.1, 0.1],
			"to": [6.3, 4.7, 2.7],
			"faces": {
				"south": {"uv": [15.4, 9.5, 15.65, 11.3], "texture": "#0"},
				"up": {"uv": [15.4, 9.5, 15.65, 10.8], "rotation": 180, "texture": "#0"},
				"down": {"uv": [15.4, 9.5, 15.65, 10.8], "texture": "#0"}
			}
		},
		{
			"from": [5.8, 1, 0.1],
			"to": [5.8, 4.8, 2.8],
			"faces": {
				"east": {"uv": [5.75, 12.95, 7.1, 14.85], "texture": "#0"},
				"west": {"uv": [5.75, 12.95, 7.1, 14.85], "texture": "#0"}
			}
		},
		{
			"from": [5.8, 1, 0.1],
			"to": [6.3, 4.8, 0.1],
			"faces": {
				"north": {"uv": [6, 12.95, 6.25, 14.85], "texture": "#0"},
				"south": {"uv": [6, 12.95, 6.25, 14.85], "texture": "#0"}
			}
		},
		{
			"from": [6.3, 1, 0.1],
			"to": [6.3, 4.8, 2.8],
			"faces": {
				"east": {"uv": [5.75, 12.95, 7.1, 14.85], "texture": "#0"},
				"west": {"uv": [5.75, 12.95, 7.1, 14.85], "texture": "#0"}
			}
		},
		{
			"from": [7.2, 1.1, 0.1],
			"to": [7.7, 4.7, 2.7],
			"faces": {
				"south": {"uv": [15.4, 9.5, 15.65, 11.3], "texture": "#0"},
				"up": {"uv": [15.4, 9.5, 15.65, 10.8], "rotation": 180, "texture": "#0"},
				"down": {"uv": [15.4, 9.5, 15.65, 10.8], "texture": "#0"}
			}
		},
		{
			"from": [7.2, 1, 0.1],
			"to": [7.2, 4.8, 2.8],
			"faces": {
				"east": {"uv": [5.75, 12.95, 7.1, 14.85], "texture": "#0"},
				"west": {"uv": [5.75, 12.95, 7.1, 14.85], "texture": "#0"}
			}
		},
		{
			"from": [7.2, 1, 0.1],
			"to": [7.7, 4.8, 0.1],
			"faces": {
				"north": {"uv": [6, 12.95, 6.25, 14.85], "texture": "#0"},
				"south": {"uv": [6, 12.95, 6.25, 14.85], "texture": "#0"}
			}
		},
		{
			"from": [7.7, 1, 0.1],
			"to": [7.7, 4.8, 2.8],
			"faces": {
				"east": {"uv": [5.75, 12.95, 7.1, 14.85], "texture": "#0"},
				"west": {"uv": [5.75, 12.95, 7.1, 14.85], "texture": "#0"}
			}
		},
		{
			"from": [8.3, 1.1, 0.1],
			"to": [8.8, 4.7, 2.7],
			"faces": {
				"south": {"uv": [15.4, 9.5, 15.65, 11.3], "texture": "#0"},
				"up": {"uv": [15.4, 9.5, 15.65, 10.8], "rotation": 180, "texture": "#0"},
				"down": {"uv": [15.4, 9.5, 15.65, 10.8], "texture": "#0"}
			}
		},
		{
			"from": [8.3, 1, 0.1],
			"to": [8.3, 4.8, 2.8],
			"faces": {
				"east": {"uv": [5.75, 12.95, 7.1, 14.85], "texture": "#0"},
				"west": {"uv": [5.75, 12.95, 7.1, 14.85], "texture": "#0"}
			}
		},
		{
			"from": [8.3, 1, 0.1],
			"to": [8.8, 4.8, 0.1],
			"faces": {
				"north": {"uv": [6, 12.95, 6.25, 14.85], "texture": "#0"},
				"south": {"uv": [6, 12.95, 6.25, 14.85], "texture": "#0"}
			}
		},
		{
			"from": [8.8, 1, 0.1],
			"to": [8.8, 4.8, 2.8],
			"faces": {
				"east": {"uv": [5.75, 12.95, 7.1, 14.85], "texture": "#0"},
				"west": {"uv": [5.75, 12.95, 7.1, 14.85], "texture": "#0"}
			}
		},
		{
			"from": [9.2, 1.1, 0.1],
			"to": [9.7, 4.7, 2.7],
			"faces": {
				"south": {"uv": [15.4, 9.5, 15.65, 11.3], "texture": "#0"},
				"up": {"uv": [15.4, 9.5, 15.65, 10.8], "rotation": 180, "texture": "#0"},
				"down": {"uv": [15.4, 9.5, 15.65, 10.8], "texture": "#0"}
			}
		},
		{
			"from": [9.2, 1, 0.1],
			"to": [9.2, 4.8, 2.8],
			"faces": {
				"east": {"uv": [5.75, 12.95, 7.1, 14.85], "texture": "#0"},
				"west": {"uv": [5.75, 12.95, 7.1, 14.85], "texture": "#0"}
			}
		},
		{
			"from": [9.2, 1, 0.1],
			"to": [9.7, 4.8, 0.1],
			"faces": {
				"north": {"uv": [6, 12.95, 6.25, 14.85], "texture": "#0"},
				"south": {"uv": [6, 12.95, 6.25, 14.85], "texture": "#0"}
			}
		},
		{
			"from": [9.7, 1, 0.1],
			"to": [9.7, 4.8, 2.8],
			"faces": {
				"east": {"uv": [5.75, 12.95, 7.1, 14.85], "texture": "#0"},
				"west": {"uv": [5.75, 12.95, 7.1, 14.85], "texture": "#0"}
			}
		},
		{
			"from": [9.2, 1.1, 4.1],
			"to": [9.7, 4.7, 6.7],
			"rotation": {"angle": 22.5, "axis": "y", "origin": [0, 0, 0]},
			"faces": {
				"south": {"uv": [15.4, 9.5, 15.65, 11.3], "texture": "#0"},
				"up": {"uv": [15.4, 9.5, 15.65, 10.8], "rotation": 180, "texture": "#0"},
				"down": {"uv": [15.4, 9.5, 15.65, 10.8], "texture": "#0"}
			}
		},
		{
			"from": [9.2, 1, 4.1],
			"to": [9.2, 4.8, 6.8],
			"rotation": {"angle": 22.5, "axis": "y", "origin": [0, 0, 0]},
			"faces": {
				"east": {"uv": [5.75, 12.95, 7.1, 14.85], "texture": "#0"},
				"west": {"uv": [5.75, 12.95, 7.1, 14.85], "texture": "#0"}
			}
		},
		{
			"from": [9.2, 1, 4.1],
			"to": [9.7, 4.8, 4.1],
			"rotation": {"angle": 22.5, "axis": "y", "origin": [0, 0, 0]},
			"faces": {
				"north": {"uv": [6, 12.95, 6.25, 14.85], "texture": "#0"},
				"south": {"uv": [6, 12.95, 6.25, 14.85], "texture": "#0"}
			}
		},
		{
			"from": [9.7, 1, 4.1],
			"to": [9.7, 4.8, 6.8],
			"rotation": {"angle": 22.5, "axis": "y", "origin": [0, 0, 0]},
			"faces": {
				"east": {"uv": [5.75, 12.95, 7.1, 14.85], "texture": "#0"},
				"west": {"uv": [5.75, 12.95, 7.1, 14.85], "texture": "#0"}
			}
		},
		{
			"from": [0.2, 1.1, 5.5],
			"to": [2.8, 4.7, 6],
			"faces": {
				"east": {"uv": [15.4, 9.5, 15.65, 11.3], "texture": "#0"},
				"up": {"uv": [15.4, 9.5, 15.65, 10.8], "rotation": 90, "texture": "#0"},
				"down": {"uv": [15.4, 9.5, 15.65, 10.8], "rotation": 90, "texture": "#0"}
			}
		},
		{
			"from": [0.2, 1, 6],
			"to": [2.9, 4.8, 6],
			"faces": {
				"north": {"uv": [13.25, 13.2, 14.6, 15.1], "texture": "#0"},
				"south": {"uv": [13.25, 13.2, 14.6, 15.1], "texture": "#0"}
			}
		},
		{
			"from": [0.2, 1, 5.5],
			"to": [0.2, 4.8, 6],
			"faces": {
				"east": {"uv": [13.25, 12.7, 13.5, 14.6], "texture": "#0"},
				"west": {"uv": [13.25, 12.7, 13.5, 14.6], "texture": "#0"}
			}
		},
		{
			"from": [0.2, 1, 5.5],
			"to": [2.9, 4.8, 5.5],
			"faces": {
				"north": {"uv": [13.25, 13.2, 14.6, 15.1], "texture": "#0"},
				"south": {"uv": [13.25, 13.2, 14.6, 15.1], "texture": "#0"}
			}
		},
		{
			"from": [11.6, 1.1, 13.3],
			"to": [12.1, 4.7, 15.9],
			"faces": {
				"north": {"uv": [15.4, 9.5, 15.65, 11.3], "texture": "#0"},
				"up": {"uv": [15.4, 9.5, 15.65, 10.8], "texture": "#0"},
				"down": {"uv": [15.4, 9.5, 15.65, 10.8], "rotation": 180, "texture": "#0"}
			}
		},
		{
			"from": [11.6, 1, 13.2],
			"to": [11.6, 4.8, 15.9],
			"faces": {
				"east": {"uv": [13.75, 0.95, 15.1, 2.85], "texture": "#0"},
				"west": {"uv": [13.75, 0.95, 15.1, 2.85], "texture": "#0"}
			}
		},
		{
			"from": [11.6, 1, 15.9],
			"to": [12.1, 4.8, 15.9],
			"faces": {
				"north": {"uv": [14.5, 1.2, 14.75, 3.1], "texture": "#0"},
				"south": {"uv": [14.5, 1.2, 14.75, 3.1], "texture": "#0"}
			}
		},
		{
			"from": [13.1, 1, 10.7],
			"to": [15.8, 4.8, 10.7],
			"faces": {
				"north": {"uv": [13.75, 0.95, 15.1, 2.85], "texture": "#0"},
				"south": {"uv": [13.75, 0.95, 15.1, 2.85], "texture": "#0"}
			}
		},
		{
			"from": [13.2, 1.1, 10.7],
			"to": [15.8, 4.7, 11.2],
			"faces": {
				"west": {"uv": [15.4, 9.5, 15.65, 11.3], "texture": "#0"},
				"up": {"uv": [15.4, 9.5, 15.65, 10.8], "rotation": 270, "texture": "#0"},
				"down": {"uv": [15.4, 9.5, 15.65, 10.8], "rotation": 270, "texture": "#0"}
			}
		},
		{
			"from": [13.1, 1, 11.2],
			"to": [15.8, 4.8, 11.2],
			"faces": {
				"north": {"uv": [13.75, 0.95, 15.1, 2.85], "texture": "#0"},
				"south": {"uv": [13.75, 0.95, 15.1, 2.85], "texture": "#0"}
			}
		},
		{
			"from": [15.8, 1, 10.7],
			"to": [15.8, 4.8, 11.2],
			"faces": {
				"east": {"uv": [14.5, 1.2, 14.75, 3.1], "texture": "#0"},
				"west": {"uv": [14.5, 1.2, 14.75, 3.1], "texture": "#0"}
			}
		},
		{
			"from": [6, 6, 0.2],
			"to": [6, 9.8, 2.9],
			"faces": {
				"east": {"uv": [13.75, 0.95, 15.1, 2.85], "texture": "#0"},
				"west": {"uv": [13.75, 0.95, 15.1, 2.85], "texture": "#0"}
			}
		},
		{
			"from": [6, 6.1, 0.2],
			"to": [6.5, 9.7, 2.8],
			"faces": {
				"south": {"uv": [15.4, 9.5, 15.65, 11.3], "texture": "#0"},
				"up": {"uv": [15.4, 9.5, 15.65, 10.8], "rotation": 180, "texture": "#0"},
				"down": {"uv": [15.4, 9.5, 15.65, 10.8], "texture": "#0"}
			}
		},
		{
			"from": [6.5, 6, 0.2],
			"to": [6.5, 9.8, 2.9],
			"faces": {
				"east": {"uv": [13.75, 0.95, 15.1, 2.85], "texture": "#0"},
				"west": {"uv": [13.75, 0.95, 15.1, 2.85], "texture": "#0"}
			}
		},
		{
			"from": [6, 6, 0.2],
			"to": [6.5, 9.8, 0.2],
			"faces": {
				"north": {"uv": [14.5, 1.2, 14.75, 3.1], "texture": "#0"},
				"south": {"uv": [14.5, 1.2, 14.75, 3.1], "texture": "#0"}
			}
		},
		{
			"from": [10, 11, 0.2],
			"to": [10, 14.8, 2.9],
			"faces": {
				"east": {"uv": [13.75, 0.95, 15.1, 2.85], "texture": "#0"},
				"west": {"uv": [13.75, 0.95, 15.1, 2.85], "texture": "#0"}
			}
		},
		{
			"from": [10, 11.1, 0.2],
			"to": [10.5, 14.7, 2.8],
			"faces": {
				"south": {"uv": [15.4, 9.5, 15.65, 11.3], "texture": "#0"},
				"up": {"uv": [15.4, 9.5, 15.65, 10.8], "rotation": 180, "texture": "#0"},
				"down": {"uv": [15.4, 9.5, 15.65, 10.8], "texture": "#0"}
			}
		},
		{
			"from": [10.5, 11, 0.2],
			"to": [10.5, 14.8, 2.9],
			"faces": {
				"east": {"uv": [13.75, 0.95, 15.1, 2.85], "texture": "#0"},
				"west": {"uv": [13.75, 0.95, 15.1, 2.85], "texture": "#0"}
			}
		},
		{
			"from": [10, 11, 0.2],
			"to": [10.5, 14.8, 0.2],
			"faces": {
				"north": {"uv": [14.5, 1.2, 14.75, 3.1], "texture": "#0"},
				"south": {"uv": [14.5, 1.2, 14.75, 3.1], "texture": "#0"}
			}
		}
	],
	"display": {
		"thirdperson_righthand": {
			"translation": [-6, 0, 0]
		},
		"thirdperson_lefthand": {
			"translation": [-6, 0, 0]
		},
		"firstperson_righthand": {
			"translation": [4, -4.5, 0]
		},
		"firstperson_lefthand": {
			"translation": [4, -4.5, 0]
		},
		"ground": {
			"translation": [0, 3.75, 0]
		},
		"gui": {
			"rotation": [18, 64, 0],
			"translation": [0, -1.75, 0],
			"scale": [0.5, 0.5, 0.5]
		}
	}
}