{
	"credit": "Made with Blockbench",
	"texture_size": [32, 32],
	"textures": {
		"0": "blocks/debris",
		"particle": "blocks/debris"
	},
	"elements": [
		{
			"from": [9.7039, 0, 3.45672],
			"to": [13.7039, 1, 5.45672],
			"rotation": {"angle": -22.5, "axis": "y", "origin": [11.7039, 0.5, 4.45672]},
			"faces": {
				"north": {"uv": [2, 12, 2.5, 14], "rotation": 90, "texture": "#0"},
				"east": {"uv": [2, 13, 2.5, 14], "rotation": 90, "texture": "#0"},
				"south": {"uv": [2, 12, 2.5, 14], "rotation": 90, "texture": "#0"},
				"west": {"uv": [2, 14, 2.5, 15], "rotation": 90, "texture": "#0"},
				"up": {"uv": [0, 12, 1, 14], "rotation": 270, "texture": "#0"},
				"down": {"uv": [0, 14, 1, 16], "rotation": 90, "texture": "#0", "cullface": "down"}
			}
		},
		{
			"from": [5.54331, 0, 8.6767],
			"to": [7.54331, 1, 12.6767],
			"rotation": {"angle": -22.5, "axis": "y", "origin": [6.54331, 0.5, 7.6767]},
			"faces": {
				"north": {"uv": [2, 14, 2.5, 15], "rotation": 90, "texture": "#0"},
				"east": {"uv": [2, 12, 2.5, 14], "rotation": 90, "texture": "#0"},
				"south": {"uv": [2, 12, 2.5, 13], "rotation": 90, "texture": "#0"},
				"west": {"uv": [2, 12, 2.5, 14], "rotation": 90, "texture": "#0"},
				"up": {"uv": [1, 12, 2, 14], "texture": "#0"},
				"down": {"uv": [1, 14, 2, 16], "texture": "#0", "cullface": "down"}
			}
		},
		{
			"from": [14, 0, -5],
			"to": [15, 1, 11],
			"rotation": {"angle": -45, "axis": "y", "origin": [2, 0, 1]},
			"faces": {
				"north": {"uv": [15.5, 2.25, 16, 2.75], "texture": "#0"},
				"east": {"uv": [15.5, 0, 16, 8], "rotation": 90, "texture": "#0"},
				"south": {"uv": [15.5, 2.25, 16, 2.75], "texture": "#0"},
				"west": {"uv": [15.5, 0, 16, 8], "rotation": 90, "texture": "#0"},
				"up": {"uv": [15.5, 8, 16, 16], "texture": "#0"},
				"down": {"uv": [15.5, 8, 16, 16], "texture": "#0", "cullface": "down"}
			}
		},
		{
			"from": [2.24941, 1.75223, 2.99981],
			"to": [7.24941, 2.64723, 3.09981],
			"rotation": {"angle": -45, "axis": "x", "origin": [4.74966, 2.20009, 5.2499]},
			"faces": {
				"north": {"uv": [2.75, 4.5, 3.1975, 7], "rotation": 270, "texture": "#0"},
				"east": {"uv": [1.75, 5, 2.1975, 5.05], "rotation": 90, "texture": "#0"},
				"south": {"uv": [2.75, 4.5, 3.1975, 7], "rotation": 90, "texture": "#0"},
				"west": {"uv": [1.5, 4.5, 1.9475, 4.55], "rotation": 90, "texture": "#0"}
			}
		},
		{
			"from": [2.24941, -0.04915, 4.8024],
			"to": [7.24941, 0.05085, 5.6974],
			"rotation": {"angle": -22.5, "axis": "x", "origin": [4.74966, 2.20009, 5.2499]},
			"faces": {
				"east": {"uv": [1.75, 5, 2.1975, 5.05], "rotation": 180, "texture": "#0"},
				"west": {"uv": [1.5, 4.5, 1.9475, 4.55], "texture": "#0"},
				"up": {"uv": [2.5, 4.75, 2.9475, 7.25], "rotation": 90, "texture": "#0"},
				"down": {"uv": [2.5, 4.75, 2.9475, 7.25], "rotation": 90, "texture": "#0"}
			}
		},
		{
			"from": [2.24941, 3.9385, 6.86865],
			"to": [7.25041, 4.0385, 7.76365],
			"rotation": {"angle": 22.5, "axis": "x", "origin": [4.74966, 7.18805, 7.31568]},
			"faces": {
				"east": {"uv": [1.75, 5, 2.1975, 5.05], "rotation": 180, "texture": "#0"},
				"west": {"uv": [1.5, 4.5, 1.9475, 4.55], "texture": "#0"},
				"up": {"uv": [2.5, 5.25, 2.9475, 7.7505], "rotation": 90, "texture": "#0"},
				"down": {"uv": [2.5, 5.25, 2.9475, 7.7505], "rotation": 90, "texture": "#0"}
			}
		},
		{
			"from": [2.24941, -0.04918, 4.80259],
			"to": [7.25041, 0.05082, 5.69759],
			"rotation": {"angle": -45, "axis": "x", "origin": [4.74966, 2.20009, 5.2499]},
			"faces": {
				"east": {"uv": [1.75, 5, 2.1975, 5.05], "rotation": 180, "texture": "#0"},
				"west": {"uv": [1.5, 4.5, 1.9475, 4.55], "texture": "#0"},
				"up": {"uv": [0.75, 4.25, 1.1975, 6.7505], "rotation": 90, "texture": "#0"},
				"down": {"uv": [0.75, 4.25, 1.1975, 6.7505], "rotation": 90, "texture": "#0"}
			}
		},
		{
			"from": [2.24941, 1.75294, 7.39928],
			"to": [7.24941, 2.64794, 7.49928],
			"rotation": {"angle": 22.5, "axis": "x", "origin": [4.74966, 2.20009, 5.2499]},
			"faces": {
				"north": {"uv": [3.25, 5.25, 3.6975, 7.75], "rotation": 270, "texture": "#0"},
				"east": {"uv": [1, 6.25, 1.4475, 6.3], "rotation": 270, "texture": "#0"},
				"south": {"uv": [3.25, 5.25, 3.6975, 7.75], "rotation": 90, "texture": "#0"},
				"west": {"uv": [1.5, 4.5, 1.9475, 4.55], "rotation": 270, "texture": "#0"}
			}
		},
		{
			"from": [2.24941, 1.75309, 7.39963],
			"to": [7.24941, 2.64809, 7.49963],
			"rotation": {"angle": -22.5, "axis": "x", "origin": [4.74966, 2.20009, 5.2499]},
			"faces": {
				"north": {"uv": [2.75, 4.25, 3.1975, 6.75], "rotation": 270, "texture": "#0"},
				"east": {"uv": [1, 6.25, 1.4475, 6.3], "rotation": 270, "texture": "#0"},
				"south": {"uv": [2.75, 4.25, 3.1975, 6.75], "rotation": 90, "texture": "#0"},
				"west": {"uv": [1.5, 4.5, 1.9475, 4.55], "rotation": 270, "texture": "#0"}
			}
		},
		{
			"from": [2.24941, 1.75278, 7.40009],
			"to": [7.25041, 2.64778, 7.50009],
			"rotation": {"angle": 0, "axis": "z", "origin": [4.74966, 2.20009, 5.2499]},
			"faces": {
				"north": {"uv": [0.5, 5.25, 0.9475, 7.7505], "rotation": 270, "texture": "#0"},
				"east": {"uv": [1, 6.25, 1.4475, 6.3], "rotation": 270, "texture": "#0"},
				"south": {"uv": [0.5, 5.25, 0.9475, 7.7505], "rotation": 90, "texture": "#0"},
				"west": {"uv": [1.5, 4.5, 1.9475, 4.55], "rotation": 270, "texture": "#0"}
			}
		},
		{
			"from": [2.24941, 1.75305, 7.39982],
			"to": [7.25041, 2.64805, 7.49982],
			"rotation": {"angle": -45, "axis": "x", "origin": [4.74966, 2.20009, 5.2499]},
			"faces": {
				"north": {"uv": [0.75, 4.5, 1.1975, 7.0005], "rotation": 270, "texture": "#0"},
				"east": {"uv": [1.75, 5, 2.1975, 5.05], "rotation": 270, "texture": "#0"},
				"south": {"uv": [0.75, 4.5, 1.1975, 7.0005], "rotation": 90, "texture": "#0"},
				"west": {"uv": [1.5, 4.5, 1.9475, 4.55], "rotation": 270, "texture": "#0"}
			}
		},
		{
			"from": [2.24941, -0.04918, 4.80221],
			"to": [7.24941, 0.05082, 5.69721],
			"rotation": {"angle": 0, "axis": "x", "origin": [4.74966, 2.80073, 5.25006]},
			"faces": {
				"east": {"uv": [1.75, 5, 2.1975, 5.05], "texture": "#0"},
				"west": {"uv": [1.5, 4.5, 1.9475, 4.55], "rotation": 180, "texture": "#0"},
				"up": {"uv": [2.5, 4.5, 2.9475, 7], "rotation": 90, "texture": "#0"},
				"down": {"uv": [2.5, 4.5, 2.9475, 7], "rotation": 90, "texture": "#0", "cullface": "down"}
			}
		},
		{
			"from": [2.4494, -0.04918, 4.80221],
			"to": [2.4494, 4.45082, 5.69721],
			"rotation": {"angle": 0, "axis": "y", "origin": [2.4504, 2.20082, 5.24971]},
			"faces": {
				"east": {"uv": [1, 4.75, 1.4475, 7], "texture": "#0"},
				"west": {"uv": [2.25, 5, 2.6975, 7.25], "rotation": 180, "texture": "#0"}
			}
		},
		{
			"from": [2.4424, -0.04918, 4.80221],
			"to": [2.4424, 4.45082, 5.69721],
			"rotation": {"angle": -22.5, "axis": "x", "origin": [2.4504, 2.20082, 5.24971]},
			"faces": {
				"east": {"uv": [0.5, 4, 0.9475, 6.25], "texture": "#0"},
				"west": {"uv": [1.75, 4.75, 2.1975, 7], "rotation": 180, "texture": "#0"}
			}
		},
		{
			"from": [2.4434, -0.04918, 4.80221],
			"to": [2.4434, 4.45082, 5.69721],
			"rotation": {"angle": -45, "axis": "x", "origin": [2.4504, 2.20082, 5.24971]},
			"faces": {
				"east": {"uv": [1.25, 4.25, 1.6975, 6.5], "texture": "#0"},
				"west": {"uv": [0, 4, 0.4475, 6.25], "rotation": 180, "texture": "#0"}
			}
		},
		{
			"from": [2.4444, 1.75332, 2.99971],
			"to": [2.4444, 2.64832, 7.49971],
			"rotation": {"angle": 22.5, "axis": "x", "origin": [2.4504, 2.20082, 5.24971]},
			"faces": {
				"east": {"uv": [0.75, 5.25, 1.1975, 7.5], "rotation": 90, "texture": "#0"},
				"west": {"uv": [1.75, 5.25, 2.1975, 7.5], "rotation": 90, "texture": "#0"}
			}
		},
		{
			"from": [2.4484, -0.04918, 4.80221],
			"to": [2.4484, 4.45082, 5.69721],
			"rotation": {"angle": 22.5, "axis": "x", "origin": [2.4504, 2.20082, 5.24971]},
			"faces": {
				"east": {"uv": [0.5, 4.75, 0.9475, 7], "texture": "#0"},
				"west": {"uv": [1.75, 4.5, 2.1975, 6.75], "rotation": 180, "texture": "#0"}
			}
		},
		{
			"from": [2.4454, 1.75332, 2.99971],
			"to": [2.4454, 2.64832, 7.49971],
			"rotation": {"angle": 0, "axis": "x", "origin": [2.4504, 2.20082, 5.24971]},
			"faces": {
				"east": {"uv": [1.25, 4.25, 1.6975, 6.5], "rotation": 270, "texture": "#0"},
				"west": {"uv": [0.25, 5.5, 0.6975, 7.75], "rotation": 270, "texture": "#0"}
			}
		},
		{
			"from": [2.4474, -0.04918, 4.80221],
			"to": [2.4474, 4.45082, 5.69721],
			"rotation": {"angle": 45, "axis": "x", "origin": [2.4504, 2.20082, 5.24971]},
			"faces": {
				"east": {"uv": [0.75, 4.75, 1.1975, 7], "texture": "#0"},
				"west": {"uv": [0.25, 4.5, 0.6975, 6.75], "rotation": 180, "texture": "#0"}
			}
		},
		{
			"from": [2.4464, 1.75332, 2.99971],
			"to": [2.4464, 2.64832, 7.49971],
			"rotation": {"angle": -22.5, "axis": "x", "origin": [2.4504, 2.20082, 5.24971]},
			"faces": {
				"east": {"uv": [0.75, 5.5, 1.1975, 7.75], "rotation": 90, "texture": "#0"},
				"west": {"uv": [1.5, 4.25, 1.9475, 6.5], "rotation": 90, "texture": "#0"}
			}
		},
		{
			"from": [2.24941, 4.34932, 4.8024],
			"to": [7.24941, 4.44932, 5.6974],
			"rotation": {"angle": 0, "axis": "x", "origin": [4.74966, 2.20009, 5.2499]},
			"faces": {
				"east": {"uv": [1.75, 5, 2.1975, 5.05], "texture": "#0"},
				"west": {"uv": [1.5, 4.5, 1.9475, 4.55], "rotation": 180, "texture": "#0"},
				"up": {"uv": [1.75, 5, 2.1975, 7.5], "rotation": 90, "texture": "#0"},
				"down": {"uv": [1.75, 5, 2.1975, 7.5], "rotation": 90, "texture": "#0"}
			}
		},
		{
			"from": [2.24941, 4.34963, 4.80193],
			"to": [7.25041, 4.44963, 5.69693],
			"rotation": {"angle": -22.5, "axis": "x", "origin": [4.74966, 2.20009, 5.2499]},
			"faces": {
				"east": {"uv": [1.75, 5, 2.1975, 5.05], "texture": "#0"},
				"west": {"uv": [1.5, 4.5, 1.9475, 4.55], "rotation": 180, "texture": "#0"},
				"up": {"uv": [2.75, 5.5, 3.1975, 8.0005], "rotation": 90, "texture": "#0"},
				"down": {"uv": [2.75, 5.5, 3.1975, 8.0005], "rotation": 90, "texture": "#0"}
			}
		},
		{
			"from": [2.24941, 1.7524, 3.00062],
			"to": [7.25041, 2.6474, 3.10062],
			"rotation": {"angle": 22.5, "axis": "x", "origin": [4.74966, 2.20009, 5.2499]},
			"faces": {
				"north": {"uv": [2.75, 5, 3.1975, 7.5005], "rotation": 270, "texture": "#0"},
				"east": {"uv": [1, 6.25, 1.4475, 6.3], "rotation": 90, "texture": "#0"},
				"south": {"uv": [2.75, 5, 3.1975, 7.5005], "rotation": 90, "texture": "#0"},
				"west": {"uv": [1.5, 4.5, 1.9475, 4.55], "rotation": 90, "texture": "#0"}
			}
		},
		{
			"from": [2.24941, 4.34947, 4.80204],
			"to": [7.24941, 4.44947, 5.69704],
			"rotation": {"angle": -45, "axis": "x", "origin": [4.74966, 2.20009, 5.2499]},
			"faces": {
				"east": {"uv": [1.75, 5, 2.1975, 5.05], "texture": "#0"},
				"west": {"uv": [1.5, 4.5, 1.9475, 4.55], "rotation": 180, "texture": "#0"},
				"up": {"uv": [0.75, 4.5, 1.1975, 7], "rotation": 90, "texture": "#0"},
				"down": {"uv": [0.75, 4.5, 1.1975, 7], "rotation": 90, "texture": "#0"}
			}
		},
		{
			"from": [2.24941, 1.75209, 3.00016],
			"to": [7.24941, 2.64709, 3.10016],
			"rotation": {"angle": 0, "axis": "z", "origin": [4.74966, 2.20009, 5.2499]},
			"faces": {
				"north": {"uv": [2.75, 5, 3.1975, 7.5], "rotation": 270, "texture": "#0"},
				"east": {"uv": [1, 6.25, 1.4475, 6.3], "rotation": 90, "texture": "#0"},
				"south": {"uv": [2.75, 5, 3.1975, 7.5], "rotation": 90, "texture": "#0"},
				"west": {"uv": [1.5, 4.5, 1.9475, 4.55], "rotation": 90, "texture": "#0"}
			}
		},
		{
			"from": [2.24941, 1.7524, 2.9997],
			"to": [7.25041, 2.6474, 3.0997],
			"rotation": {"angle": -22.5, "axis": "x", "origin": [4.74966, 2.20009, 5.2499]},
			"faces": {
				"north": {"uv": [1, 5.25, 1.4475, 7.7505], "rotation": 270, "texture": "#0"},
				"east": {"uv": [1, 6.25, 1.4475, 6.3], "rotation": 90, "texture": "#0"},
				"south": {"uv": [1, 5.25, 1.4475, 7.7505], "rotation": 90, "texture": "#0"},
				"west": {"uv": [1.5, 4.5, 1.9475, 4.55], "rotation": 90, "texture": "#0"}
			}
		},
		{
			"from": [2.24941, -0.04984, 4.80286],
			"to": [7.25041, 0.05016, 5.69786],
			"rotation": {"angle": 22.5, "axis": "x", "origin": [4.74966, 2.20009, 5.2499]},
			"faces": {
				"east": {"uv": [1.75, 5, 2.1975, 5.05], "rotation": 180, "texture": "#0"},
				"west": {"uv": [1.5, 4.5, 1.9475, 4.55], "texture": "#0"},
				"up": {"uv": [0.5, 5, 0.9475, 7.5005], "rotation": 90, "texture": "#0"},
				"down": {"uv": [0.5, 5, 0.9475, 7.5005], "rotation": 90, "texture": "#0"}
			}
		}
	]
}