{
	"credit": "Made with Blockbench",
	"texture_size": [32, 32],
	"textures": {
		"0": "blocks/debris",
		"particle": "blocks/debris"
	},
	"elements": [
		{
			"from": [6.62303, 0, 11.9289],
			"to": [8.62303, 1, 15.9289],
			"rotation": {"angle": -45, "axis": "y", "origin": [9.62303, 0.5, 12.9289]},
			"faces": {
				"north": {"uv": [2, 14, 2.5, 15], "rotation": 90, "texture": "#0"},
				"east": {"uv": [2, 12, 2.5, 14], "rotation": 90, "texture": "#0"},
				"south": {"uv": [2, 13, 2.5, 14], "rotation": 90, "texture": "#0"},
				"west": {"uv": [2, 12, 2.5, 14], "rotation": 90, "texture": "#0"},
				"up": {"uv": [0, 12, 1, 14], "texture": "#0"},
				"down": {"uv": [1, 12, 2, 14], "texture": "#0", "cullface": "down"}
			}
		},
		{
			"from": [10, 0, -1],
			"to": [12, 0.5, 15],
			"rotation": {"angle": 0, "axis": "y", "origin": [8, 0.25, 5]},
			"faces": {
				"north": {"uv": [15, 9.75, 15.25, 10.75], "rotation": 90, "texture": "#0"},
				"east": {"uv": [14.5, 4.75, 14.75, 12.75], "rotation": 90, "texture": "#0"},
				"south": {"uv": [15, 10.75, 15.25, 11.75], "rotation": 90, "texture": "#0"},
				"west": {"uv": [14.5, 8.75, 15, 10.75], "rotation": 90, "texture": "#0"},
				"up": {"uv": [14.25, 8, 15.25, 16], "rotation": 180, "texture": "#0"},
				"down": {"uv": [14.25, 0, 15.25, 8], "rotation": 180, "texture": "#0", "cullface": "down"}
			}
		},
		{
			"from": [8, 0.5, 3],
			"to": [10, 1, 19],
			"rotation": {"angle": 22.5, "axis": "y", "origin": [8, 0.25, 5]},
			"faces": {
				"north": {"uv": [15, 10.75, 15.25, 11.75], "rotation": 90, "texture": "#0"},
				"east": {"uv": [14.5, 8.75, 15, 10.75], "rotation": 90, "texture": "#0"},
				"south": {"uv": [15, 9.75, 15.25, 10.75], "rotation": 90, "texture": "#0"},
				"west": {"uv": [14.5, 4.75, 14.75, 12.75], "rotation": 90, "texture": "#0"},
				"up": {"uv": [14.25, 8, 15.25, 16], "texture": "#0"},
				"down": {"uv": [14.25, 0, 15.25, 8], "texture": "#0"}
			}
		},
		{
			"from": [2.55, 0.5, 5],
			"to": [5.55, 0.5, 7.5],
			"rotation": {"angle": 0, "axis": "y", "origin": [0.05, 0, 0]},
			"faces": {
				"up": {"uv": [1, 2.5, 2.5, 3.75], "texture": "#0"},
				"down": {"uv": [1.75, 1.75, 3.25, 3], "texture": "#0"}
			}
		},
		{
			"from": [5.35, 0.01564, 7.3],
			"to": [5.55, 0.501, 7.5],
			"rotation": {"angle": 0, "axis": "y", "origin": [0.05, 0.051, 0]},
			"faces": {
				"north": {"uv": [1.75, 1.75, 1.85, 1.99268], "texture": "#0"},
				"east": {"uv": [1.75, 1.75, 1.85, 1.99268], "texture": "#0"},
				"south": {"uv": [3.25, 1.75, 3.35, 1.99268], "texture": "#0"},
				"west": {"uv": [1.75, 1.75, 1.85, 1.99268], "texture": "#0"},
				"down": {"uv": [1.75, 1.75, 1.85, 1.85], "texture": "#0", "cullface": "down"}
			}
		},
		{
			"from": [2.05, 0.501, 5],
			"to": [5.55, 0.701, 5],
			"rotation": {"angle": 0, "axis": "y", "origin": [0.05, -0.049, 0]},
			"faces": {
				"north": {"uv": [0.5, 2.75, 2.23232, 2.85], "texture": "#0"},
				"south": {"uv": [2, 0.5, 3.73232, 0.6], "texture": "#0"}
			}
		},
		{
			"from": [2.05, 0.501, 7.499],
			"to": [5.55, 0.701, 7.499],
			"rotation": {"angle": 0, "axis": "y", "origin": [0.05, -0.049, -0.001]},
			"faces": {
				"north": {"uv": [2, 2.5, 3.73232, 2.6], "texture": "#0"},
				"south": {"uv": [2.025, 1.75, 3.75732, 1.85], "texture": "#0"}
			}
		},
		{
			"from": [1, 0.001, 5],
			"to": [2.05, 0.701, 5],
			"rotation": {"angle": 0, "axis": "y", "origin": [0.01464, -0.049, 0]},
			"faces": {
				"north": {"uv": [1.75, 1.75, 2.275, 2.1], "texture": "#0"},
				"south": {"uv": [1.75, 1.75, 2.275, 2.1], "texture": "#0"}
			}
		},
		{
			"from": [2.37467, -0.68181, 7.4999],
			"to": [3.07467, -0.43181, 7.5001],
			"rotation": {"angle": 45, "axis": "z", "origin": [1.38931, -0.73181, 0.0001]},
			"faces": {
				"north": {"uv": [3.5, 2.75, 3.85, 2.875], "texture": "#0"},
				"south": {"uv": [1.75, 1.75, 2.1, 1.875], "texture": "#0"}
			}
		},
		{
			"from": [2.54363, -0.44173, 7.4999],
			"to": [2.84363, -0.31673, 7.5001],
			"rotation": {"angle": 45, "axis": "z", "origin": [1.35827, -0.69173, 0]},
			"faces": {
				"north": {"uv": [3.5, 2.75, 3.65, 2.8125], "texture": "#0"},
				"south": {"uv": [1.75, 1.75, 1.9, 1.8125], "texture": "#0"}
			}
		},
		{
			"from": [2.37467, -0.68181, 4.9999],
			"to": [3.07467, -0.43181, 5.0001],
			"rotation": {"angle": 45, "axis": "z", "origin": [1.38931, -0.73181, 0.0001]},
			"faces": {
				"north": {"uv": [2, 1, 2.35, 1.125], "texture": "#0"},
				"south": {"uv": [2, 1, 2.35, 1.125], "texture": "#0"}
			}
		},
		{
			"from": [2.54363, -0.44173, 4.9999],
			"to": [2.84363, -0.31673, 5.0001],
			"rotation": {"angle": 45, "axis": "z", "origin": [1.35827, -0.69173, 0]},
			"faces": {
				"north": {"uv": [2, 1, 2.15, 1.0625], "texture": "#0"},
				"south": {"uv": [2, 1, 2.15, 1.0625], "texture": "#0"}
			}
		},
		{
			"from": [1, 0.001, 7.499],
			"to": [2.05, 0.701, 7.499],
			"rotation": {"angle": 0, "axis": "y", "origin": [0.01464, -0.049, -0.001]},
			"faces": {
				"north": {"uv": [3.25, 2.5, 3.775, 2.85], "texture": "#0"},
				"south": {"uv": [1.5, 1.75, 2.025, 2.1], "texture": "#0"}
			}
		},
		{
			"from": [5.549, 0.501, 5],
			"to": [5.549, 0.701, 7.499],
			"rotation": {"angle": 0, "axis": "y", "origin": [5.587, 0.6005, 6.24975]},
			"faces": {
				"east": {"uv": [1.75, 1.75, 2.9995, 1.85], "texture": "#0"},
				"west": {"uv": [1.75, 1.75, 2.9995, 1.85], "texture": "#0"}
			}
		},
		{
			"from": [1, 0.001, 5],
			"to": [1, 0.701, 7.5],
			"rotation": {"angle": 0, "axis": "y", "origin": [5.48964, 0.601, 6.6]},
			"faces": {
				"east": {"uv": [1.75, 1.75, 2.95, 2.1], "texture": "#0"},
				"west": {"uv": [1.75, 1.75, 2.95, 2.1], "texture": "#0"}
			}
		},
		{
			"from": [1, 0, 5],
			"to": [2.05, 0.001, 7.5],
			"faces": {
				"up": {"uv": [2.75, 1, 3.275, 2.25], "texture": "#0"},
				"down": {"uv": [1.75, 1.75, 2.275, 3], "texture": "#0", "cullface": "down"}
			}
		},
		{
			"from": [1.49541, 0.24788, 5],
			"to": [1.49541, 0.95498, 7.5],
			"rotation": {"angle": -45, "axis": "z", "origin": [1.4747, -0.54502, 0]},
			"faces": {
				"east": {"uv": [1.75, 1.75, 2.10355, 3], "rotation": 270, "texture": "#0"},
				"west": {"uv": [2.25, 1, 2.60355, 2.25], "rotation": 270, "texture": "#0"}
			}
		}
	]
}