{
	"credit": "Made with Blockbench",
	"texture_size": [32, 32],
	"textures": {
		"0": "blocks/debris",
		"particle": "blocks/debris"
	},
	"elements": [
		{
			"from": [11.1039, 0, 12.45672],
			"to": [13.1039, 1, 16.45672],
			"rotation": {"angle": -22.5, "axis": "y", "origin": [14.7039, 0.5, 7.45672]},
			"faces": {
				"north": {"uv": [2, 13, 2.5, 14], "rotation": 90, "texture": "#0"},
				"east": {"uv": [2, 12, 2.5, 14], "rotation": 90, "texture": "#0"},
				"south": {"uv": [2, 14, 2.5, 15], "rotation": 90, "texture": "#0"},
				"west": {"uv": [2, 12, 2.5, 14], "rotation": 90, "texture": "#0"},
				"up": {"uv": [0, 14, 1, 16], "rotation": 180, "texture": "#0"},
				"down": {"uv": [1, 12, 2, 14], "rotation": 180, "texture": "#0", "cullface": "down"}
			}
		},
		{
			"from": [1, 1, 6],
			"to": [17, 1.5, 8],
			"rotation": {"angle": 22.5, "axis": "y", "origin": [8, 0.25, 7]},
			"faces": {
				"north": {"uv": [14.5, 8.75, 15, 10.75], "rotation": 90, "texture": "#0"},
				"east": {"uv": [15, 9.75, 15.25, 10.75], "rotation": 90, "texture": "#0"},
				"south": {"uv": [14.5, 4.75, 14.75, 12.75], "rotation": 90, "texture": "#0"},
				"west": {"uv": [15, 10.75, 15.25, 11.75], "rotation": 90, "texture": "#0"},
				"up": {"uv": [14.25, 0, 15.25, 8], "rotation": 270, "texture": "#0"},
				"down": {"uv": [14.25, 8, 15.25, 16], "rotation": 90, "texture": "#0"}
			}
		},
		{
			"from": [13.32666, 0, -1.06715],
			"to": [15.32666, 1, 2.93285],
			"rotation": {"angle": 0, "axis": "y", "origin": [14.32666, 0.5, 0.93285]},
			"faces": {
				"north": {"uv": [2, 13, 2.5, 14], "rotation": 90, "texture": "#0"},
				"east": {"uv": [2, 12, 2.5, 14], "rotation": 90, "texture": "#0"},
				"south": {"uv": [2, 12, 2.5, 13], "rotation": 90, "texture": "#0"},
				"west": {"uv": [2, 12, 2.5, 14], "rotation": 90, "texture": "#0"},
				"up": {"uv": [0, 12, 1, 14], "rotation": 180, "texture": "#0"},
				"down": {"uv": [1, 12, 2, 14], "rotation": 180, "texture": "#0", "cullface": "down"}
			}
		},
		{
			"from": [6, 0, 11.44834],
			"to": [10, 1, 13.44834],
			"rotation": {"angle": 22.5, "axis": "z", "origin": [6, 0, 5.44834]},
			"faces": {
				"north": {"uv": [2, 14, 2.5, 16], "rotation": 90, "texture": "#0"},
				"east": {"uv": [2, 14, 2.5, 15], "rotation": 90, "texture": "#0"},
				"south": {"uv": [2, 12, 2.5, 14], "rotation": 90, "texture": "#0"},
				"west": {"uv": [2, 12, 2.5, 13], "rotation": 90, "texture": "#0"},
				"up": {"uv": [1, 14, 2, 16], "rotation": 90, "texture": "#0"},
				"down": {"uv": [1, 14, 2, 16], "rotation": 270, "texture": "#0"}
			}
		},
		{
			"from": [15.9244, 0, 2.15692],
			"to": [16.9244, 1, 16.65692],
			"rotation": {"angle": -22.5, "axis": "y", "origin": [9.4244, 1, 9.40692]},
			"faces": {
				"north": {"uv": [14.5, 0, 15, 0.5], "rotation": 90, "texture": "#0"},
				"east": {"uv": [14.5, 8.75, 15, 16], "rotation": 90, "texture": "#0"},
				"south": {"uv": [14.5, 0, 15, 0.5], "rotation": 90, "texture": "#0"},
				"west": {"uv": [14.5, 8.75, 15, 16], "rotation": 90, "texture": "#0"},
				"up": {"uv": [13.25, 5.25, 13.75, 12.5], "rotation": 180, "texture": "#0"},
				"down": {"uv": [13.25, 5.25, 13.75, 12.5], "rotation": 180, "texture": "#0", "cullface": "down"}
			}
		},
		{
			"from": [-2.0756, 0, 2.15692],
			"to": [-1.0756, 1, 16.65692],
			"rotation": {"angle": -22.5, "axis": "y", "origin": [9.4244, 1, 9.40692]},
			"faces": {
				"north": {"uv": [14.5, 0, 15, 0.5], "rotation": 90, "texture": "#0"},
				"east": {"uv": [14.5, 8.75, 15, 16], "rotation": 90, "texture": "#0"},
				"south": {"uv": [14.5, 0, 15, 0.5], "rotation": 90, "texture": "#0"},
				"west": {"uv": [14.5, 8.75, 15, 16], "rotation": 90, "texture": "#0"},
				"up": {"uv": [13.25, 5.25, 13.75, 12.5], "rotation": 180, "texture": "#0"},
				"down": {"uv": [13.25, 5.25, 13.75, 12.5], "rotation": 180, "texture": "#0", "cullface": "down"}
			}
		},
		{
			"from": [2.9244, 0, 3.15692],
			"to": [3.9244, 1, 8.90692],
			"rotation": {"angle": -22.5, "axis": "y", "origin": [9.4244, 1, 9.40692]},
			"faces": {
				"east": {"uv": [14.5, 8.75, 15, 11.625], "rotation": 90, "texture": "#0"},
				"west": {"uv": [14.5, 8.75, 15, 11.625], "rotation": 90, "texture": "#0"},
				"up": {"uv": [13.25, 5.25, 13.75, 8.125], "rotation": 180, "texture": "#0"},
				"down": {"uv": [13.25, 5.25, 13.75, 8.125], "rotation": 180, "texture": "#0", "cullface": "down"}
			}
		},
		{
			"from": [-1.11418, 0, 1.85088],
			"to": [15.88582, 1, 2.85088],
			"rotation": {"angle": -22.5, "axis": "y", "origin": [8.63582, 1, 9.35088]},
			"faces": {
				"north": {"uv": [14.5, 0, 15, 8.5], "rotation": 90, "texture": "#0"},
				"south": {"uv": [14.5, 0, 15, 8.5], "rotation": 90, "texture": "#0"},
				"up": {"uv": [13.25, 5.25, 13.75, 13.75], "rotation": 270, "texture": "#0"},
				"down": {"uv": [13.25, 5.25, 13.75, 13.75], "rotation": 270, "texture": "#0", "cullface": "down"}
			}
		},
		{
			"from": [-0.92284, 0, 15.38894],
			"to": [16.07716, 1, 16.38894],
			"rotation": {"angle": -22.5, "axis": "y", "origin": [8.82716, 1, 8.88894]},
			"faces": {
				"north": {"uv": [14.5, 0, 15, 8.5], "rotation": 90, "texture": "#0"},
				"south": {"uv": [14.5, 0, 15, 8.5], "rotation": 90, "texture": "#0"},
				"up": {"uv": [13.25, 5.25, 13.75, 13.75], "rotation": 270, "texture": "#0"},
				"down": {"uv": [13.25, 5.25, 13.75, 13.75], "rotation": 270, "texture": "#0", "cullface": "down"}
			}
		},
		{
			"from": [-1.11418, 0, 8.60088],
			"to": [15.88582, 1, 9.60088],
			"rotation": {"angle": -22.5, "axis": "y", "origin": [8.63582, 1, 9.35088]},
			"faces": {
				"north": {"uv": [14.5, 0, 15, 8.5], "rotation": 90, "texture": "#0"},
				"south": {"uv": [14.5, 0, 15, 8.5], "rotation": 90, "texture": "#0"},
				"up": {"uv": [13.25, 5.25, 13.75, 13.75], "rotation": 270, "texture": "#0"},
				"down": {"uv": [13.25, 5.25, 13.75, 13.75], "rotation": 270, "texture": "#0", "cullface": "down"}
			}
		}
	]
}