{
	"credit": "Made with Blockbench",
	"texture_size": [32, 32],
	"textures": {
		"0": "blocks/debris",
		"particle": "blocks/debris"
	},
	"elements": [
		{
			"from": [5.62303, 0, 1.9289],
			"to": [9.62303, 1, 3.9289],
			"rotation": {"angle": -22.5, "axis": "y", "origin": [9.62303, 0.5, 12.9289]},
			"faces": {
				"north": {"uv": [2, 12, 2.5, 14], "rotation": 90, "texture": "#0"},
				"east": {"uv": [2, 15, 2.5, 16], "rotation": 90, "texture": "#0"},
				"south": {"uv": [2, 14, 2.5, 16], "rotation": 90, "texture": "#0"},
				"west": {"uv": [2, 14, 2.5, 15], "rotation": 90, "texture": "#0"},
				"up": {"uv": [0, 14, 1, 16], "rotation": 270, "texture": "#0"},
				"down": {"uv": [1, 12, 2, 14], "rotation": 90, "texture": "#0", "cullface": "down"}
			}
		},
		{
			"from": [2.70711, 0.25, -0.63604],
			"to": [4.70711, 0.75, 15.36396],
			"rotation": {"angle": -22.5, "axis": "y", "origin": [3.70711, 0.5, 7.36396]},
			"faces": {
				"north": {"uv": [15, 10.75, 15.25, 11.75], "rotation": 90, "texture": "#0"},
				"east": {"uv": [14.5, 8.75, 15, 10.75], "rotation": 90, "texture": "#0"},
				"south": {"uv": [15, 9.75, 15.25, 10.75], "rotation": 90, "texture": "#0"},
				"west": {"uv": [14.5, 4.75, 14.75, 12.75], "rotation": 90, "texture": "#0"},
				"up": {"uv": [14.25, 4, 15.25, 12], "rotation": 180, "texture": "#0"},
				"down": {"uv": [14.25, 8, 15.25, 16], "texture": "#0"}
			}
		},
		{
			"from": [10, 0, 7],
			"to": [18, 0.25, 12],
			"rotation": {"angle": 22.5, "axis": "y", "origin": [16, 0, 14]},
			"faces": {
				"north": {"uv": [6.5, 0, 6.625, 4], "rotation": 90, "texture": "#0"},
				"east": {"uv": [4.25, 2, 6.75, 2.125], "texture": "#0"},
				"south": {"uv": [4.5, 0, 4.625, 4], "rotation": 90, "texture": "#0"},
				"west": {"uv": [4.25, 2, 6.75, 2.125], "texture": "#0"},
				"up": {"uv": [4.25, 0, 6.75, 4], "rotation": 270, "texture": "#0"},
				"down": {"uv": [4.25, 0, 6.75, 4], "rotation": 90, "texture": "#0", "cullface": "down"}
			}
		},
		{
			"from": [9.93017, 0.25, 6.60791],
			"to": [14.93017, 0.5, 14.60791],
			"rotation": {"angle": -22.5, "axis": "y", "origin": [12.43017, 0.125, 10.60791]},
			"faces": {
				"north": {"uv": [5.75, 2, 8.25, 2.125], "texture": "#0"},
				"east": {"uv": [6, 0, 6.125, 4], "rotation": 90, "texture": "#0"},
				"south": {"uv": [5.75, 2, 8.25, 2.125], "texture": "#0"},
				"west": {"uv": [8, 0, 8.125, 4], "rotation": 90, "texture": "#0"},
				"up": {"uv": [5.75, 0, 8.25, 4], "rotation": 180, "texture": "#0"},
				"down": {"uv": [5.75, 0, 8.25, 4], "rotation": 180, "texture": "#0"}
			}
		},
		{
			"from": [8.43017, 0.5, 8.10791],
			"to": [16.43017, 0.75, 13.10791],
			"rotation": {"angle": 0, "axis": "y", "origin": [12.43017, 0.125, 10.60791]},
			"faces": {
				"north": {"uv": [4.25, 3.25, 8.25, 3.375], "rotation": 180, "texture": "#0"},
				"east": {"uv": [4.25, 1, 4.375, 3.5], "rotation": 90, "texture": "#0"},
				"south": {"uv": [4.25, 1, 8.25, 1.125], "rotation": 180, "texture": "#0"},
				"west": {"uv": [8, 1, 8.125, 3.5], "rotation": 90, "texture": "#0"},
				"up": {"uv": [4.25, 1, 8.25, 3.5], "rotation": 180, "texture": "#0"},
				"down": {"uv": [4.25, 1, 8.25, 3.5], "rotation": 180, "texture": "#0"}
			}
		},
		{
			"from": [1.93017, 0, 1.60791],
			"to": [6.93017, 0.25, 9.60791],
			"rotation": {"angle": 22.5, "axis": "y", "origin": [8.43017, 0.125, 8.60791]},
			"faces": {
				"north": {"uv": [5, 2, 7.5, 2.125], "texture": "#0"},
				"east": {"uv": [7.25, 0, 7.375, 4], "rotation": 90, "texture": "#0"},
				"south": {"uv": [5, 2, 7.5, 2.125], "texture": "#0"},
				"west": {"uv": [5.25, 0, 5.375, 4], "rotation": 90, "texture": "#0"},
				"up": {"uv": [5, 0, 7.5, 4], "texture": "#0"},
				"down": {"uv": [5, 0, 7.5, 4], "texture": "#0", "cullface": "down"}
			}
		}
	]
}