{
	"credit": "Made with Blockbench",
	"textures": {
		"0": "blocks/glass_black",
		"particle": "blocks/glass_black"
	},
	"elements": [
		{
			"from": [1, 0, 15],
			"to": [15, 1, 16],
			"faces": {
				"north": {"uv": [0, 0, 14, 1], "texture": "#0"},
				"south": {"uv": [1, 15, 15, 16], "texture": "#0"},
				"up": {"uv": [0, 0, 14, 1], "texture": "#0"},
				"down": {"uv": [1, 0, 15, 1], "texture": "#0"}
			}
		},
		{
			"from": [0, 15, 0],
			"to": [1, 16, 16],
			"faces": {
				"north": {"uv": [15, 0, 16, 1], "texture": "#0"},
				"east": {"uv": [0, 0, 16, 1], "texture": "#0"},
				"south": {"uv": [0, 0, 1, 1], "texture": "#0"},
				"west": {"uv": [0, 0, 16, 1], "texture": "#0"},
				"up": {"uv": [0, 0, 1, 16], "texture": "#0"},
				"down": {"uv": [0, 0, 1, 16], "texture": "#0"}
			}
		},
		{
			"from": [15, 15, 0],
			"to": [16, 16, 16],
			"faces": {
				"north": {"uv": [0, 0, 1, 1], "texture": "#0"},
				"east": {"uv": [0, 0, 16, 1], "texture": "#0"},
				"south": {"uv": [15, 0, 16, 1], "texture": "#0"},
				"west": {"uv": [0, 0, 16, 1], "texture": "#0"},
				"up": {"uv": [15, 0, 16, 16], "texture": "#0"},
				"down": {"uv": [0, 0, 1, 16], "texture": "#0"}
			}
		},
		{
			"from": [1, 15, 0],
			"to": [15, 16, 1],
			"faces": {
				"north": {"uv": [1, 0, 15, 1], "texture": "#0"},
				"south": {"uv": [0, 0, 14, 1], "texture": "#0"},
				"up": {"uv": [1, 0, 15, 1], "texture": "#0"},
				"down": {"uv": [0, 0, 1, 14], "rotation": 90, "texture": "#0"}
			}
		},
		{
			"from": [1, 15, 15],
			"to": [15, 16, 16],
			"faces": {
				"north": {"uv": [0, 0, 14, 1], "texture": "#0"},
				"south": {"uv": [1, 0, 15, 1], "texture": "#0"},
				"up": {"uv": [1, 15, 15, 16], "texture": "#0"},
				"down": {"uv": [0, 0, 1, 14], "rotation": 90, "texture": "#0"}
			}
		},
		{
			"from": [0, 1, 0],
			"to": [1, 15, 1],
			"faces": {
				"north": {"uv": [15, 1, 16, 15], "texture": "#0"},
				"east": {"uv": [0, 0, 1, 14], "texture": "#0"},
				"south": {"uv": [0, 0, 14, 1], "rotation": 270, "texture": "#0"},
				"west": {"uv": [0, 1, 1, 15], "texture": "#0"}
			}
		},
		{
			"from": [0, 1, 15],
			"to": [1, 15, 16],
			"faces": {
				"north": {"uv": [0, 0, 14, 1], "rotation": 90, "texture": "#0"},
				"east": {"uv": [0, 0, 1, 14], "texture": "#0"},
				"south": {"uv": [0, 1, 1, 15], "texture": "#0"},
				"west": {"uv": [15, 1, 16, 15], "texture": "#0"}
			}
		},
		{
			"from": [15, 1, 0],
			"to": [16, 15, 1],
			"faces": {
				"north": {"uv": [0, 1, 1, 15], "texture": "#0"},
				"east": {"uv": [15, 1, 16, 15], "texture": "#0"},
				"south": {"uv": [0, 0, 14, 1], "rotation": 270, "texture": "#0"},
				"west": {"uv": [0, 0, 1, 14], "rotation": 180, "texture": "#0"}
			}
		},
		{
			"from": [10.9, -10, 0.1],
			"to": [11.9, 10, 0.9],
			"rotation": {"angle": 45, "axis": "z", "origin": [0, 0, 0]},
			"faces": {
				"north": {"uv": [0, 0, 1, 16], "texture": "#0"},
				"east": {"uv": [0, 0, 0.8, 16], "texture": "#0"},
				"south": {"uv": [0, 0, 16, 1], "rotation": 270, "texture": "#0"},
				"west": {"uv": [0, 0, 0.8, 16], "rotation": 180, "texture": "#0"}
			}
		},
		{
			"from": [1.3, -0.5, 15.2],
			"to": [21.3, 0.5, 15.8],
			"rotation": {"angle": 45, "axis": "z", "origin": [0, 0, 0]},
			"faces": {
				"north": {"uv": [0, 0, 16, 1], "rotation": 180, "texture": "#0"},
				"south": {"uv": [0, 7, 16, 8], "texture": "#0"},
				"up": {"uv": [0, 0, 0.6, 16], "rotation": 270, "texture": "#0"},
				"down": {"uv": [0, 0, 0.6, 16], "rotation": 90, "texture": "#0"}
			}
		},
		{
			"from": [10.9, -10, 15.1],
			"to": [11.9, 10, 15.9],
			"rotation": {"angle": 45, "axis": "z", "origin": [0, 0, 0]},
			"faces": {
				"north": {"uv": [0, 0, 16, 1], "rotation": 90, "texture": "#0"},
				"east": {"uv": [0, 0, 0.8, 16], "texture": "#0"},
				"south": {"uv": [0, 0, 1, 16], "texture": "#0"},
				"west": {"uv": [0, 0, 0.8, 16], "rotation": 180, "texture": "#0"}
			}
		},
		{
			"from": [0.2, -4.35685, 13.15685],
			"to": [0.8, 15.64315, 14.15685],
			"rotation": {"angle": -45, "axis": "x", "origin": [8, 0, 8]},
			"faces": {
				"north": {"uv": [0, 0, 0.6, 16], "texture": "#0"},
				"east": {"uv": [0, 0, 16, 1], "rotation": 90, "texture": "#0"},
				"south": {"uv": [0, 0, 0.6, 16], "rotation": 180, "texture": "#0"},
				"west": {"uv": [0, 16, 1, 0], "rotation": 180, "texture": "#0"}
			}
		},
		{
			"from": [0.1, 5.24315, 3.65685],
			"to": [0.9, 6.24315, 23.65685],
			"rotation": {"angle": -45, "axis": "x", "origin": [8, 0, 8]},
			"faces": {
				"east": {"uv": [0, 0, 16, 1], "rotation": 180, "texture": "#0"},
				"west": {"uv": [0, 0, 16, 1], "texture": "#0"},
				"up": {"uv": [0, 0, 0.8, 16], "rotation": 180, "texture": "#0"},
				"down": {"uv": [0, 0, 0.8, 16], "rotation": 180, "texture": "#0"}
			}
		},
		{
			"from": [15.2, -4.35685, 13.15685],
			"to": [15.8, 15.64315, 14.15685],
			"rotation": {"angle": -45, "axis": "x", "origin": [8, 0, 8]},
			"faces": {
				"north": {"uv": [0, 0, 0.6, 16], "texture": "#0"},
				"east": {"uv": [9.5, 0, 10.5, 16], "texture": "#0"},
				"south": {"uv": [0, 0, 0.6, 16], "rotation": 180, "texture": "#0"},
				"west": {"uv": [0, 0, 16, 1], "rotation": 270, "texture": "#0"}
			}
		},
		{
			"from": [15.1, 5.24315, 3.65685],
			"to": [15.9, 6.24315, 23.65685],
			"rotation": {"angle": -45, "axis": "x", "origin": [8, 0, 8]},
			"faces": {
				"east": {"uv": [0, 5, 16, 6], "texture": "#0"},
				"west": {"uv": [0, 0, 16, 1], "rotation": 180, "texture": "#0"},
				"up": {"uv": [0, 0, 0.8, 16], "rotation": 180, "texture": "#0"},
				"down": {"uv": [0, 0, 0.8, 16], "rotation": 180, "texture": "#0"}
			}
		},
		{
			"from": [7.45685, 15.2, -2.05685],
			"to": [8.45685, 15.8, 17.94315],
			"rotation": {"angle": -45, "axis": "y", "origin": [8, 0, 8]},
			"faces": {
				"east": {"uv": [0, 0, 0.6, 16], "rotation": 90, "texture": "#0"},
				"west": {"uv": [0, 0, 0.6, 16], "rotation": 90, "texture": "#0"},
				"up": {"uv": [9, 0, 10, 16], "texture": "#0"},
				"down": {"uv": [0, 0, 16, 1], "rotation": 270, "texture": "#0"}
			}
		},
		{
			"from": [-2.04315, 15.1, 7.54315],
			"to": [17.95685, 15.9, 8.54315],
			"rotation": {"angle": -45, "axis": "y", "origin": [8, 0, 8]},
			"faces": {
				"north": {"uv": [0, 0, 0.8, 16], "rotation": 90, "texture": "#0"},
				"south": {"uv": [0, 0, 0.8, 16], "rotation": 90, "texture": "#0"},
				"up": {"uv": [0, 15, 16, 16], "texture": "#0"},
				"down": {"uv": [0, 0, 16, 1], "rotation": 180, "texture": "#0"}
			}
		},
		{
			"from": [7.45685, 0.2, -2.05685],
			"to": [8.45685, 0.8, 17.94315],
			"rotation": {"angle": -45, "axis": "y", "origin": [8, 0, 8]},
			"faces": {
				"east": {"uv": [0, 0, 16, 0.6], "texture": "#0"},
				"west": {"uv": [0, 0, 16, 0.6], "texture": "#0"},
				"up": {"uv": [0, 0, 1, 16], "texture": "#0"},
				"down": {"uv": [0, 0, 1, 16], "texture": "#0"}
			}
		},
		{
			"from": [-2.04315, 0.1, 7.54315],
			"to": [17.95685, 0.9, 8.54315],
			"rotation": {"angle": -45, "axis": "y", "origin": [8, 0, 8]},
			"faces": {
				"north": {"uv": [0, 0, 16, 0.8], "texture": "#0"},
				"south": {"uv": [0, 0, 16, 0.8], "texture": "#0"},
				"up": {"uv": [0, 0, 16, 1], "texture": "#0"},
				"down": {"uv": [0, 0, 16, 1], "texture": "#0"}
			}
		},
		{
			"from": [1.3, -0.5, 0.2],
			"to": [21.3, 0.5, 0.8],
			"rotation": {"angle": 45, "axis": "z", "origin": [0, 0, 0]},
			"faces": {
				"north": {"uv": [0, 4, 16, 5], "texture": "#0"},
				"south": {"uv": [0, 0, 16, 1], "rotation": 180, "texture": "#0"},
				"up": {"uv": [0, 0, 0.6, 16], "rotation": 270, "texture": "#0"},
				"down": {"uv": [0, 0, 0.6, 16], "rotation": 90, "texture": "#0"}
			}
		},
		{
			"from": [15, 1, 15],
			"to": [16, 15, 16],
			"faces": {
				"north": {"uv": [0, 0, 14, 1], "rotation": 90, "texture": "#0"},
				"east": {"uv": [0, 1, 1, 15], "texture": "#0"},
				"south": {"uv": [15, 1, 16, 15], "texture": "#0"},
				"west": {"uv": [0, 0, 1, 14], "rotation": 180, "texture": "#0"}
			}
		},
		{
			"from": [1, 0, 0],
			"to": [15, 1, 1],
			"faces": {
				"north": {"uv": [1, 15, 15, 16], "texture": "#0"},
				"south": {"uv": [0, 0, 14, 1], "texture": "#0"},
				"up": {"uv": [0, 0, 14, 1], "texture": "#0"},
				"down": {"uv": [1, 15, 15, 16], "texture": "#0"}
			}
		},
		{
			"from": [0, 0, 0],
			"to": [1, 1, 16],
			"faces": {
				"north": {"uv": [15, 15, 16, 16], "texture": "#0"},
				"east": {"uv": [0, 0, 16, 1], "texture": "#0"},
				"south": {"uv": [0, 15, 1, 16], "texture": "#0"},
				"west": {"uv": [0, 15, 16, 16], "texture": "#0"},
				"up": {"uv": [0, 0, 1, 16], "texture": "#0"},
				"down": {"uv": [0, 0, 1, 16], "texture": "#0"}
			}
		},
		{
			"from": [15, 0, 0],
			"to": [16, 1, 16],
			"faces": {
				"north": {"uv": [0, 15, 1, 16], "texture": "#0"},
				"east": {"uv": [0, 15, 16, 16], "texture": "#0"},
				"south": {"uv": [15, 15, 16, 16], "texture": "#0"},
				"west": {"uv": [0, 0, 16, 1], "texture": "#0"},
				"up": {"uv": [0, 0, 1, 16], "texture": "#0"},
				"down": {"uv": [15, 0, 16, 16], "texture": "#0"}
			}
		}
	]
}