{
	"credit": "Made with Blockbench",
	"parent": "block/block",
	"textures": {
		"1": "blocks/grass_musor",
		"particle": "blocks/grass_musor",
		"top": "blocks/grass_top"
	},
	"elements": [
		{
			"from": [0, 0, 0],
			"to": [16, 16, 16],
			"faces": {
				"up": {"uv": [0, 0, 16, 16], "texture": "#top", "cullface": "up", "tintindex": 0}
			}
		},
		{
			"from": [16.86319, 16.001, 5.02303],
			"to": [17.86319, 17.001, 8.02303],
			"rotation": {"angle": -22.5, "axis": "y", "origin": [9.86319, 16, -9.97697]},
			"faces": {
				"north": {"uv": [2.5, 13, 3.5, 14], "texture": "#1"},
				"east": {"uv": [2.5, 13, 5.5, 14], "texture": "#1"},
				"west": {"uv": [2.5, 13, 5.5, 14], "texture": "#1"},
				"up": {"uv": [0, 11, 3, 12], "rotation": 90, "texture": "#1"}
			}
		},
		{
			"from": [5, 16, 13],
			"to": [6, 17, 18],
			"rotation": {"angle": 22.5, "axis": "y", "origin": [-2, 16, 0]},
			"faces": {
				"east": {"uv": [2.5, 13, 7.5, 14], "texture": "#1"},
				"south": {"uv": [2.5, 13, 3.5, 14], "texture": "#1"},
				"west": {"uv": [2.5, 13, 7.5, 14], "texture": "#1"},
				"up": {"uv": [0, 11, 5, 12], "rotation": 90, "texture": "#1"}
			}
		},
		{
			"from": [9.96006, 16, 0.66216],
			"to": [10.46006, 16.5, 4.66216],
			"rotation": {"angle": -22.5, "axis": "y", "origin": [0.96006, 16, -1.33784]},
			"faces": {
				"north": {"uv": [0.5, 11.5, 0, 12], "texture": "#1"},
				"east": {"uv": [3, 10.5, 7, 11], "texture": "#1"},
				"west": {"uv": [2.5, 10, 6.5, 10.5], "texture": "#1"},
				"up": {"uv": [4, 11.5, 8, 12], "rotation": 90, "texture": "#1"}
			}
		},
		{
			"from": [2.65308, 16.001, 7.29871],
			"to": [3.65308, 16.501, 7.79871],
			"rotation": {"angle": 22.5, "axis": "y", "origin": [5.65308, 16, -1.70129]},
			"faces": {
				"north": {"uv": [7, 9.5, 6, 10], "texture": "#1"},
				"south": {"uv": [1.5, 8.5, 2.5, 9], "texture": "#1"},
				"up": {"uv": [4, 11.5, 4.5, 12.5], "rotation": 90, "texture": "#1"}
			}
		},
		{
			"from": [4.55318, 16, 5.84592],
			"to": [5.05318, 16.5, 6.84592],
			"rotation": {"angle": -22.5, "axis": "y", "origin": [-4.44682, 16, 3.84592]},
			"faces": {
				"east": {"uv": [3, 10.5, 4, 11], "texture": "#1"},
				"west": {"uv": [2.5, 10, 3.5, 10.5], "texture": "#1"},
				"up": {"uv": [4, 11.5, 5, 12], "rotation": 90, "texture": "#1"}
			}
		},
		{
			"from": [4.51694, 16, 7.72361],
			"to": [6.51694, 16.5, 8.22361],
			"rotation": {"angle": 0, "axis": "y", "origin": [6.51694, 16, -1.27639]},
			"faces": {
				"north": {"uv": [7.5, 9.5, 5.5, 10], "texture": "#1"},
				"south": {"uv": [1.5, 8.5, 3.5, 9], "texture": "#1"},
				"up": {"uv": [4, 11.5, 4.5, 13.5], "rotation": 90, "texture": "#1"}
			}
		},
		{
			"from": [7.15298, 16.001, 1.35965],
			"to": [7.65298, 16.501, 3.35965],
			"rotation": {"angle": -45, "axis": "y", "origin": [-1.84702, 16, 1.35965]},
			"faces": {
				"east": {"uv": [3, 10.5, 5, 11], "texture": "#1"},
				"west": {"uv": [2.5, 10, 4.5, 10.5], "texture": "#1"},
				"up": {"uv": [4, 11.5, 6, 12], "rotation": 90, "texture": "#1"}
			}
		},
		{
			"from": [9, 16.001, 5],
			"to": [9.5, 16.501, 7],
			"rotation": {"angle": -45, "axis": "y", "origin": [0, 16, 0]},
			"faces": {
				"east": {"uv": [3, 10.5, 5, 11], "texture": "#1"},
				"south": {"uv": [0.5, 14, 1, 14.5], "texture": "#1"},
				"west": {"uv": [2.5, 10, 4.5, 10.5], "texture": "#1"},
				"up": {"uv": [4, 11.5, 6, 12], "rotation": 90, "texture": "#1"}
			}
		}
	]
}