{
	"credit": "Made with Blockbench",
	"parent": "block/block",
	"textures": {
		"1": "blocks/grass_musor",
		"particle": "blocks/grass_musor",
		"top": "blocks/grass_top"
	},
	"elements": [
		{
			"from": [0, 0, 0],
			"to": [16, 16, 16],
			"faces": {
				"up": {"uv": [0, 0, 16, 16], "texture": "#top", "cullface": "up", "tintindex": 0}
			}
		},
		{
			"from": [10.85756, 16.001, 2.99004],
			"to": [11.35756, 16.501, 5.99004],
			"rotation": {"angle": 22.5, "axis": "y", "origin": [10.85756, 16.46662, 9.99004]},
			"faces": {
				"east": {"uv": [2.5, 4.5, 5.5, 5], "texture": "#1"},
				"west": {"uv": [2.5, 4.5, 5.5, 5], "texture": "#1"},
				"up": {"uv": [1, 3, 4, 3.5], "rotation": 90, "texture": "#1"}
			}
		},
		{
			"from": [8.17878, 16, 0.52288],
			"to": [8.67878, 16.5, 3.52288],
			"rotation": {"angle": 0, "axis": "y", "origin": [8.17878, 16.44165, 9.52288]},
			"faces": {
				"north": {"uv": [2.5, 7.5, 3, 8], "texture": "#1"},
				"east": {"uv": [2.5, 4.5, 5.5, 5], "texture": "#1"},
				"west": {"uv": [2.5, 4.5, 5.5, 5], "texture": "#1"},
				"up": {"uv": [1, 3, 4, 3.5], "rotation": 90, "texture": "#1"}
			}
		},
		{
			"from": [5.88268, 16, 5.22675],
			"to": [6.38268, 16.5, 8.22675],
			"rotation": {"angle": -22.5, "axis": "y", "origin": [5.88268, 16.46662, 14.22675]},
			"faces": {
				"east": {"uv": [2.5, 4.5, 5.5, 5], "texture": "#1"},
				"west": {"uv": [2.5, 4.5, 5.5, 5], "texture": "#1"},
				"up": {"uv": [1, 3, 4, 3.5], "rotation": 90, "texture": "#1"}
			}
		},
		{
			"from": [3.46165, 16.5, 9.56682],
			"to": [6.46165, 17, 10.06682],
			"rotation": {"angle": 22.5, "axis": "y", "origin": [-2.53835, 17, 10.06682]},
			"faces": {
				"north": {"uv": [1.5, 6, 4.5, 6.5], "texture": "#1"},
				"south": {"uv": [1.5, 6, 4.5, 6.5], "texture": "#1"},
				"west": {"uv": [4, 4, 4.5, 4.5], "texture": "#1"},
				"up": {"uv": [1, 3, 4, 3.5], "rotation": 180, "texture": "#1"},
				"down": {"uv": [3.5, 4, 6.5, 4.5], "texture": "#1"}
			}
		},
		{
			"from": [8.77448, 16.5, 4.20925],
			"to": [12.77448, 17, 4.70925],
			"rotation": {"angle": -22.5, "axis": "y", "origin": [3.77448, 17.48499, 4.70925]},
			"faces": {
				"north": {"uv": [1.5, 6, 5.5, 6.5], "texture": "#1"},
				"east": {"uv": [4, 6.5, 4.5, 7], "texture": "#1"},
				"south": {"uv": [1.5, 6, 5.5, 6.5], "texture": "#1"},
				"up": {"uv": [1, 3, 5, 3.5], "rotation": 180, "texture": "#1"},
				"down": {"uv": [3.5, 4, 7.5, 4.5], "texture": "#1"}
			}
		},
		{
			"from": [9.40324, 16.5, 8.54982],
			"to": [12.40324, 17, 9.04982],
			"rotation": {"angle": 45, "axis": "y", "origin": [5.40324, 17.48499, 10.04982]},
			"faces": {
				"north": {"uv": [0, 0, 3, 0.5], "texture": "#1"},
				"east": {"uv": [4, 6.5, 4.5, 7], "texture": "#1"},
				"south": {"uv": [0, 0, 3, 0.5], "texture": "#1"},
				"up": {"uv": [1, 3, 4, 3.5], "rotation": 180, "texture": "#1"},
				"down": {"uv": [3.5, 4, 6.5, 4.5], "texture": "#1"}
			}
		},
		{
			"from": [5.58522, 16.501, 6.16073],
			"to": [8.58522, 17.001, 6.66073],
			"rotation": {"angle": 0, "axis": "y", "origin": [-0.41478, 17.48499, 6.66073]},
			"faces": {
				"north": {"uv": [1.5, 6, 4.5, 6.5], "texture": "#1"},
				"south": {"uv": [1.5, 6, 4.5, 6.5], "texture": "#1"},
				"up": {"uv": [1, 3, 4, 3.5], "rotation": 180, "texture": "#1"},
				"down": {"uv": [3.5, 4, 6.5, 4.5], "texture": "#1"}
			}
		},
		{
			"from": [8.17878, 16.001, 8.68347],
			"to": [8.67878, 16.501, 12.68347],
			"rotation": {"angle": 0, "axis": "y", "origin": [8.17878, 16.46662, 18.68347]},
			"faces": {
				"east": {"uv": [2.5, 4.5, 6.5, 5], "texture": "#1"},
				"west": {"uv": [2.5, 4.5, 6.5, 5], "texture": "#1"},
				"up": {"uv": [1, 3, 5, 3.5], "rotation": 90, "texture": "#1"}
			}
		},
		{
			"from": [14.68919, 16.002, 6.40099],
			"to": [15.18919, 16.502, 8.40099],
			"rotation": {"angle": 45, "axis": "y", "origin": [14.68919, 16.46662, 15.40099]},
			"faces": {
				"east": {"uv": [0, 0, 2, 0.5], "texture": "#1"},
				"south": {"uv": [0, 0, 0.5, 0.5], "texture": "#1"},
				"west": {"uv": [0, 0, 2, 0.5], "texture": "#1"},
				"up": {"uv": [1, 3, 3, 3.5], "rotation": 90, "texture": "#1"}
			}
		},
		{
			"from": [12.08135, 16, 10.55447],
			"to": [15.08135, 16.5, 11.05447],
			"rotation": {"angle": 45, "axis": "y", "origin": [5.58135, 16.47497, 21.80447]},
			"faces": {
				"north": {"uv": [0, 0, 3, 0.5], "texture": "#1"},
				"south": {"uv": [0, 0, 3, 0.5], "texture": "#1"},
				"west": {"uv": [0, 0, 0.5, 0.5], "texture": "#1"},
				"up": {"uv": [1, 3, 4, 3.5], "rotation": 180, "texture": "#1"}
			}
		},
		{
			"from": [0.89173, 16.001, 9.10462],
			"to": [1.39173, 16.501, 11.10462],
			"rotation": {"angle": -22.5, "axis": "y", "origin": [12.14173, 16.47497, 17.60462]},
			"faces": {
				"north": {"uv": [0, 0, 0.5, 0.5], "texture": "#1"},
				"east": {"uv": [0, 0, 2, 0.5], "texture": "#1"},
				"west": {"uv": [0, 0, 2, 0.5], "texture": "#1"},
				"up": {"uv": [1, 3, 3, 3.5], "rotation": 90, "texture": "#1"}
			}
		},
		{
			"from": [4.77269, 16, 11.80704],
			"to": [5.27269, 16.5, 14.80704],
			"rotation": {"angle": -22.5, "axis": "y", "origin": [4.77269, 16.46662, 20.80704]},
			"faces": {
				"east": {"uv": [2.5, 4.5, 5.5, 5], "texture": "#1"},
				"south": {"uv": [0, 0, 0.5, 0.5], "texture": "#1"},
				"west": {"uv": [2.5, 4.5, 5.5, 5], "texture": "#1"},
				"up": {"uv": [1, 3, 4, 3.5], "rotation": 90, "texture": "#1"}
			}
		}
	]
}