{
	"credit": "Made with Blockbench",
	"parent": "block/block",
	"textures": {
		"1": "blocks/grass_musor_1",
		"top": "blocks/sand"
	},
	"elements": [
		{
			"from": [0, 0, 0],
			"to": [16, 16, 16],
			"faces": {
				"up": {"uv": [0, 0, 16, 16], "texture": "#top", "cullface": "up"}
			}
		},
		{
			"from": [10, 16, 8],
			"to": [11, 16.75, 9],
			"rotation": {"angle": 0, "axis": "y", "origin": [0, 16, 0]},
			"faces": {
				"north": {"uv": [9.5, 4.5, 10.5, 5.25], "texture": "#1", "cullface": "up"},
				"east": {"uv": [9.5, 4.5, 10.5, 5.25], "texture": "#1", "cullface": "up"},
				"south": {"uv": [9.5, 4.5, 10.5, 5.25], "texture": "#1", "cullface": "up"},
				"west": {"uv": [9.5, 4.5, 10.5, 5.25], "texture": "#1", "cullface": "up"},
				"up": {"uv": [9.5, 4.5, 10.5, 5.5], "texture": "#1", "cullface": "up"}
			}
		},
		{
			"from": [17, 16, 6],
			"to": [18, 16.75, 7],
			"rotation": {"angle": -22.5, "axis": "y", "origin": [0, 16, 0]},
			"faces": {
				"north": {"uv": [9, 0.5, 10, 1.25], "texture": "#1", "cullface": "up"},
				"east": {"uv": [9, 0.5, 10, 1.25], "texture": "#1", "cullface": "up"},
				"south": {"uv": [9, 0.5, 10, 1.25], "texture": "#1", "cullface": "up"},
				"west": {"uv": [9, 0.5, 10, 1.25], "texture": "#1", "cullface": "up"},
				"up": {"uv": [9, 0.5, 10, 1.5], "rotation": 270, "texture": "#1", "cullface": "up"}
			}
		},
		{
			"from": [4, 16, 4],
			"to": [5, 16.75, 5],
			"rotation": {"angle": -22.5, "axis": "y", "origin": [0, 16, 0]},
			"faces": {
				"north": {"uv": [12.5, 5, 13.5, 5.75], "texture": "#1", "cullface": "up"},
				"east": {"uv": [12.5, 5, 13.5, 5.75], "texture": "#1", "cullface": "up"},
				"south": {"uv": [12.5, 5, 13.5, 5.75], "texture": "#1", "cullface": "up"},
				"west": {"uv": [12.5, 5, 13.5, 5.75], "texture": "#1", "cullface": "up"},
				"up": {"uv": [12.5, 5, 13.5, 6], "texture": "#1", "cullface": "up"}
			}
		},
		{
			"from": [7, 16, 10.5],
			"to": [9, 17, 12],
			"rotation": {"angle": 0, "axis": "y", "origin": [0, 16, 0]},
			"faces": {
				"north": {"uv": [12.5, 5, 14.5, 6], "texture": "#1", "cullface": "up"},
				"east": {"uv": [12.5, 5, 14, 6], "texture": "#1", "cullface": "up"},
				"south": {"uv": [12.5, 5, 14.5, 6], "texture": "#1", "cullface": "up"},
				"west": {"uv": [12.5, 5, 14, 6], "texture": "#1", "cullface": "up"},
				"up": {"uv": [12.5, 5, 14.5, 6.5], "texture": "#1", "cullface": "up"}
			}
		},
		{
			"from": [4, 16, -1.5],
			"to": [6, 17, 0],
			"rotation": {"angle": -45, "axis": "y", "origin": [0, 16, 0]},
			"faces": {
				"north": {"uv": [9, 0.5, 11, 1.5], "texture": "#1", "cullface": "up"},
				"east": {"uv": [9, 0.5, 10.5, 1.5], "texture": "#1", "cullface": "up"},
				"south": {"uv": [9, 0.5, 11, 1.5], "texture": "#1", "cullface": "up"},
				"west": {"uv": [9, 0.5, 10.5, 1.5], "texture": "#1", "cullface": "up"},
				"up": {"uv": [9, 0.5, 11, 2], "texture": "#1", "cullface": "up"}
			}
		},
		{
			"from": [11, 16, 8.5],
			"to": [13, 17, 10],
			"rotation": {"angle": 22.5, "axis": "y", "origin": [0, 16, 0]},
			"faces": {
				"north": {"uv": [12.5, 5, 14.5, 6], "texture": "#1", "cullface": "up"},
				"east": {"uv": [12.5, 5, 14, 6], "texture": "#1", "cullface": "up"},
				"south": {"uv": [12.5, 5, 14.5, 6], "texture": "#1", "cullface": "up"},
				"west": {"uv": [12.5, 5, 14, 6], "texture": "#1", "cullface": "up"},
				"up": {"uv": [12.5, 5, 14.5, 6.5], "texture": "#1", "cullface": "up"}
			}
		},
		{
			"from": [10, 16, 6],
			"to": [11, 16.75, 7],
			"rotation": {"angle": 22.5, "axis": "y", "origin": [0, 16, 0]},
			"faces": {
				"north": {"uv": [9, 0.5, 10, 1.25], "texture": "#1", "cullface": "up"},
				"east": {"uv": [9, 0.5, 10, 1.25], "texture": "#1", "cullface": "up"},
				"south": {"uv": [9, 0.5, 10, 1.25], "texture": "#1", "cullface": "up"},
				"west": {"uv": [9, 0.5, 10, 1.25], "texture": "#1", "cullface": "up"},
				"up": {"uv": [9, 0.5, 10, 1.5], "texture": "#1", "cullface": "up"}
			}
		},
		{
			"from": [11, 16, 8],
			"to": [12, 16.75, 9],
			"rotation": {"angle": -45, "axis": "y", "origin": [0, 16, 0]},
			"faces": {
				"north": {"uv": [9.5, 4.5, 10.5, 5.25], "texture": "#1", "cullface": "up"},
				"east": {"uv": [9.5, 4.5, 10.5, 5.25], "texture": "#1", "cullface": "up"},
				"south": {"uv": [9.5, 4.5, 10.5, 5.25], "texture": "#1", "cullface": "up"},
				"west": {"uv": [9.5, 4.5, 10.5, 5.25], "texture": "#1", "cullface": "up"},
				"up": {"uv": [9.5, 4.5, 10.5, 5.5], "texture": "#1", "cullface": "up"}
			}
		},
		{
			"from": [3, 16, 16],
			"to": [5, 17, 18],
			"rotation": {"angle": 22.5, "axis": "y", "origin": [0, 16, 0]},
			"faces": {
				"north": {"uv": [9, 5, 11, 6], "texture": "#1", "cullface": "up"},
				"east": {"uv": [9, 5, 11, 6], "texture": "#1", "cullface": "up"},
				"south": {"uv": [9, 5, 11, 6], "texture": "#1", "cullface": "up"},
				"west": {"uv": [9, 5, 11, 6], "texture": "#1", "cullface": "up"},
				"up": {"uv": [9, 4, 11, 6], "texture": "#1", "cullface": "up"}
			}
		},
		{
			"from": [7, 16, -4],
			"to": [9, 16.5, -2],
			"rotation": {"angle": -45, "axis": "y", "origin": [0, 16, 0]},
			"faces": {
				"north": {"uv": [13, 1, 15, 1.5], "texture": "#1", "cullface": "up"},
				"east": {"uv": [13, 1, 15, 1.5], "texture": "#1", "cullface": "up"},
				"south": {"uv": [13, 1, 15, 1.5], "texture": "#1", "cullface": "up"},
				"west": {"uv": [13, 1, 15, 1.5], "texture": "#1", "cullface": "up"},
				"up": {"uv": [13, 0, 15, 2], "texture": "#1", "cullface": "up"}
			}
		},
		{
			"from": [4, 16, 8],
			"to": [6, 17, 10],
			"rotation": {"angle": 0, "axis": "y", "origin": [0, 16, 0]},
			"faces": {
				"north": {"uv": [9, 0.5, 11, 1.5], "texture": "#1", "cullface": "up"},
				"east": {"uv": [9, 0.5, 11, 1.5], "texture": "#1", "cullface": "up"},
				"south": {"uv": [9, 0.5, 11, 1.5], "texture": "#1", "cullface": "up"},
				"west": {"uv": [9, 0.5, 11, 1.5], "texture": "#1", "cullface": "up"},
				"up": {"uv": [9, 0.5, 11, 2.5], "texture": "#1", "cullface": "up"}
			}
		}
	]
}