{
	"credit": "Made with Blockbench",
	"parent": "block/block",
	"textures": {
		"1": "blocks/grass_musor_1",
		"top": "blocks/gravel"
	},
	"elements": [
		{
			"from": [0, 0, 0],
			"to": [16, 16, 16],
			"faces": {
				"up": {"uv": [0, 0, 16, 16], "texture": "#top", "cullface": "up"}
			}
		},
		{
			"from": [-3, 16, 5],
			"to": [-1, 16.5, 6.5],
			"rotation": {"angle": -45, "axis": "y", "origin": [0, 16, 8]},
			"faces": {
				"north": {"uv": [9, 5.5, 11, 6], "texture": "#1", "cullface": "up"},
				"east": {"uv": [9, 5.5, 10.5, 6], "texture": "#1", "cullface": "up"},
				"south": {"uv": [9, 5.5, 11, 6], "texture": "#1", "cullface": "up"},
				"west": {"uv": [9, 5.5, 10.5, 6], "texture": "#1", "cullface": "up"},
				"up": {"uv": [9, 5.5, 11, 7], "texture": "#1", "cullface": "up"}
			}
		},
		{
			"from": [6, 16, 11],
			"to": [8, 16.5, 12.5],
			"rotation": {"angle": 22.5, "axis": "y", "origin": [0, 16, 8]},
			"faces": {
				"north": {"uv": [9, 5.5, 11, 6], "texture": "#1", "cullface": "up"},
				"east": {"uv": [9, 5.5, 10.5, 6], "texture": "#1", "cullface": "up"},
				"south": {"uv": [9, 5.5, 11, 6], "texture": "#1", "cullface": "up"},
				"west": {"uv": [9, 5.5, 10.5, 6], "texture": "#1", "cullface": "up"},
				"up": {"uv": [9, 5.5, 11, 7], "texture": "#1", "cullface": "up"}
			}
		},
		{
			"from": [14, 16, 12],
			"to": [15.5, 17, 14],
			"rotation": {"angle": 22.5, "axis": "y", "origin": [0, 16, 8]},
			"faces": {
				"north": {"uv": [9, 5.5, 10.5, 6.5], "texture": "#1", "cullface": "up"},
				"east": {"uv": [9, 5.5, 11, 6.5], "texture": "#1", "cullface": "up"},
				"south": {"uv": [9, 5.5, 10.5, 6.5], "texture": "#1", "cullface": "up"},
				"west": {"uv": [9, 5.5, 11, 6.5], "texture": "#1", "cullface": "up"},
				"up": {"uv": [9, 5.5, 10.5, 7.5], "texture": "#1", "cullface": "up"}
			}
		},
		{
			"from": [7, 16, 4.5],
			"to": [9, 17, 6],
			"rotation": {"angle": 0, "axis": "y", "origin": [0, 16, 8]},
			"faces": {
				"north": {"uv": [13, 1.5, 15, 2.5], "texture": "#1", "cullface": "up"},
				"east": {"uv": [13, 1.5, 14.5, 2.5], "texture": "#1", "cullface": "up"},
				"south": {"uv": [13, 1.5, 15, 2.5], "texture": "#1", "cullface": "up"},
				"west": {"uv": [13, 1.5, 14.5, 2.5], "texture": "#1", "cullface": "up"},
				"up": {"uv": [13, 1.5, 15, 3], "texture": "#1", "cullface": "up"}
			}
		},
		{
			"from": [8.5, 16, 6],
			"to": [10, 17, 8],
			"rotation": {"angle": -22.5, "axis": "y", "origin": [0, 16, 8]},
			"faces": {
				"north": {"uv": [12.5, 5, 14, 6], "texture": "#1", "cullface": "up"},
				"east": {"uv": [12.5, 5, 14.5, 6], "texture": "#1", "cullface": "up"},
				"south": {"uv": [12.5, 5, 14, 6], "texture": "#1", "cullface": "up"},
				"west": {"uv": [12.5, 5, 14.5, 6], "texture": "#1", "cullface": "up"},
				"up": {"uv": [12.5, 5, 14, 7], "texture": "#1", "cullface": "up"}
			}
		},
		{
			"from": [2, 16, 7],
			"to": [4.5, 17, 9.5],
			"rotation": {"angle": -22.5, "axis": "y", "origin": [0, 16, 8]},
			"faces": {
				"north": {"uv": [9, 5.5, 11.5, 6.5], "texture": "#1", "cullface": "up"},
				"east": {"uv": [9, 5.5, 11.5, 6.5], "texture": "#1", "cullface": "up"},
				"south": {"uv": [9, 5.5, 11.5, 6.5], "texture": "#1", "cullface": "up"},
				"west": {"uv": [9, 5.5, 11.5, 6.5], "texture": "#1", "cullface": "up"},
				"up": {"uv": [9, 5, 11.5, 7.5], "texture": "#1", "cullface": "up"}
			}
		},
		{
			"from": [6, 16, -3],
			"to": [7, 16.75, -2],
			"rotation": {"angle": -22.5, "axis": "y", "origin": [0, 16, 8]},
			"faces": {
				"north": {"uv": [9, 0.5, 10, 1.25], "texture": "#1", "cullface": "up"},
				"east": {"uv": [9, 0.5, 10, 1.25], "texture": "#1", "cullface": "up"},
				"south": {"uv": [9, 0.5, 10, 1.25], "texture": "#1", "cullface": "up"},
				"west": {"uv": [9, 0.5, 10, 1.25], "texture": "#1", "cullface": "up"},
				"up": {"uv": [9, 0.5, 10, 1.5], "rotation": 270, "texture": "#1", "cullface": "up"}
			}
		},
		{
			"from": [6, 16, 9],
			"to": [7, 16.75, 10],
			"rotation": {"angle": -45, "axis": "y", "origin": [0, 16, 8]},
			"faces": {
				"north": {"uv": [14.5, 0.5, 15.5, 1.25], "texture": "#1", "cullface": "up"},
				"east": {"uv": [14.5, 0.5, 15.5, 1.25], "texture": "#1", "cullface": "up"},
				"south": {"uv": [14.5, 0.5, 15.5, 1.25], "texture": "#1", "cullface": "up"},
				"west": {"uv": [14.5, 0.5, 15.5, 1.25], "texture": "#1", "cullface": "up"},
				"up": {"uv": [14.5, 0.5, 15.5, 1.5], "texture": "#1", "cullface": "up"}
			}
		},
		{
			"from": [13, 16, 14],
			"to": [14, 16.75, 15],
			"rotation": {"angle": 45, "axis": "y", "origin": [0, 16, 8]},
			"faces": {
				"north": {"uv": [13.5, 5.5, 14.5, 6.25], "texture": "#1", "cullface": "up"},
				"east": {"uv": [13.5, 5.5, 14.5, 6.25], "texture": "#1", "cullface": "up"},
				"south": {"uv": [13.5, 5.5, 14.5, 6.25], "texture": "#1", "cullface": "up"},
				"west": {"uv": [13.5, 5.5, 14.5, 6.25], "texture": "#1", "cullface": "up"},
				"up": {"uv": [13.5, 5.5, 14.5, 6.5], "texture": "#1", "cullface": "up"}
			}
		},
		{
			"from": [3, 16, 1],
			"to": [4, 16.75, 2],
			"rotation": {"angle": 22.5, "axis": "y", "origin": [0, 16, 8]},
			"faces": {
				"north": {"uv": [13.5, 5.5, 14.5, 6.25], "texture": "#1", "cullface": "up"},
				"east": {"uv": [13.5, 5.5, 14.5, 6.25], "texture": "#1", "cullface": "up"},
				"south": {"uv": [13.5, 5.5, 14.5, 6.25], "texture": "#1", "cullface": "up"},
				"west": {"uv": [13.5, 5.5, 14.5, 6.25], "texture": "#1", "cullface": "up"},
				"up": {"uv": [13.5, 5.5, 14.5, 6.5], "rotation": 90, "texture": "#1", "cullface": "up"}
			}
		},
		{
			"from": [14, 16, 17],
			"to": [15, 16.75, 18],
			"rotation": {"angle": 22.5, "axis": "y", "origin": [0, 16, 8]},
			"faces": {
				"north": {"uv": [9, 2.5, 10, 3.25], "texture": "#1", "cullface": "up"},
				"east": {"uv": [9, 2.5, 10, 3.25], "texture": "#1", "cullface": "up"},
				"south": {"uv": [9, 2.5, 10, 3.25], "texture": "#1", "cullface": "up"},
				"west": {"uv": [9, 2.5, 10, 3.25], "texture": "#1", "cullface": "up"},
				"up": {"uv": [9, 2.5, 10, 3.5], "texture": "#1", "cullface": "up"}
			}
		},
		{
			"from": [13, 16, 14],
			"to": [14, 16.75, 15],
			"rotation": {"angle": 0, "axis": "y", "origin": [0, 16, 8]},
			"faces": {
				"north": {"uv": [9.5, 1.5, 10.5, 2.25], "texture": "#1", "cullface": "up"},
				"east": {"uv": [9.5, 1.5, 10.5, 2.25], "texture": "#1", "cullface": "up"},
				"south": {"uv": [9.5, 1.5, 10.5, 2.25], "texture": "#1", "cullface": "up"},
				"west": {"uv": [9.5, 1.5, 10.5, 2.25], "texture": "#1", "cullface": "up"},
				"up": {"uv": [9.5, 1.5, 10.5, 2.5], "texture": "#1", "cullface": "up"}
			}
		}
	]
}