{
	"credit": "Made with Blockbench",
	"parent": "block/block",
	"textures": {
		"1": "blocks/grass_musor",
		"particle": "blocks/grass_musor",
		"top": "blocks/grass_top"
	},
	"elements": [
		{
			"from": [0, 0, 0],
			"to": [16, 16, 16],
			"faces": {
				"up": {"uv": [0, 0, 16, 16], "texture": "#top", "cullface": "up", "tintindex": 0}
			}
		},
		{
			"from": [12.25697, 16, 9.56942],
			"to": [12.75697, 16.5, 10.56942],
			"rotation": {"angle": 0, "axis": "y", "origin": [-0.24303, 16, 21.56942]},
			"faces": {
				"east": {"uv": [1, 9.5, 2, 10], "texture": "#1"},
				"south": {"uv": [5.5, 13, 6, 13.5], "texture": "#1"},
				"west": {"uv": [4, 9, 5, 9.5], "texture": "#1"},
				"up": {"uv": [1.5, 13, 2.5, 13.5], "rotation": 270, "texture": "#1"}
			}
		},
		{
			"from": [11.2898, 16, 8.06628],
			"to": [12.2898, 16.5, 8.56628],
			"rotation": {"angle": 0, "axis": "y", "origin": [0.2898, 16, -4.43372]},
			"faces": {
				"north": {"uv": [5.5, 14.5, 6.5, 15], "texture": "#1"},
				"south": {"uv": [1.5, 15, 2.5, 15.5], "texture": "#1"},
				"west": {"uv": [3.5, 10, 4, 10.5], "texture": "#1"},
				"up": {"uv": [1.5, 13, 2.5, 13.5], "texture": "#1"}
			}
		},
		{
			"from": [8.15224, 16.002, 13.26537],
			"to": [9.15224, 16.502, 13.76537],
			"rotation": {"angle": 22.5, "axis": "y", "origin": [-2.84776, 16, 0.76537]},
			"faces": {
				"north": {"uv": [5.5, 14.5, 6.5, 15], "texture": "#1"},
				"south": {"uv": [1.5, 15, 2.5, 15.5], "texture": "#1"},
				"up": {"uv": [1.5, 13, 2.5, 13.5], "texture": "#1"}
			}
		},
		{
			"from": [9.38164, 16.001, 2.02467],
			"to": [9.88164, 16.501, 4.02467],
			"rotation": {"angle": -22.5, "axis": "y", "origin": [-3.11836, 16, 14.02467]},
			"faces": {
				"east": {"uv": [1, 9.5, 3, 10], "texture": "#1"},
				"west": {"uv": [4, 9, 6, 9.5], "texture": "#1"},
				"up": {"uv": [1.5, 13, 3.5, 13.5], "rotation": 270, "texture": "#1"}
			}
		},
		{
			"from": [14.8701, 16.001, 6.95629],
			"to": [15.8701, 16.501, 7.45629],
			"rotation": {"angle": 0, "axis": "z", "origin": [23.8701, 16, -5.54371]},
			"faces": {
				"north": {"uv": [5.5, 14.5, 6.5, 15], "texture": "#1"},
				"east": {"uv": [7, 12.5, 7.5, 13], "texture": "#1"},
				"south": {"uv": [3, 10.5, 4, 11], "texture": "#1"},
				"up": {"uv": [1.5, 13, 2.5, 13.5], "texture": "#1"}
			}
		},
		{
			"from": [9, 16, 12.5],
			"to": [11, 16.5, 13],
			"rotation": {"angle": 22.5, "axis": "y", "origin": [-1, 16, 0]},
			"faces": {
				"north": {"uv": [5.5, 14.5, 7.5, 15], "texture": "#1"},
				"south": {"uv": [1.5, 15, 3.5, 15.5], "texture": "#1"},
				"up": {"uv": [1.5, 13, 3.5, 13.5], "texture": "#1"}
			}
		},
		{
			"from": [3.36335, 16.001, 2.98694],
			"to": [4.36335, 16.501, 3.48694],
			"rotation": {"angle": -22.5, "axis": "y", "origin": [1.36335, 16, 2.98694]},
			"faces": {
				"north": {"uv": [0.5, 5.5, 1.5, 6], "texture": "#1"},
				"south": {"uv": [0.5, 5.5, 1.5, 6], "texture": "#1"},
				"up": {"uv": [5.5, 4.5, 6.5, 5], "texture": "#1"}
			}
		},
		{
			"from": [0.03233, 16.001, 3.28515],
			"to": [0.53233, 16.501, 4.28515],
			"rotation": {"angle": 22.5, "axis": "y", "origin": [0.53233, 16, -2.71485]},
			"faces": {
				"east": {"uv": [4, 5.5, 5, 6], "texture": "#1"},
				"west": {"uv": [4, 5.5, 5, 6], "texture": "#1"},
				"up": {"uv": [5.5, 4.5, 6.5, 5], "rotation": 90, "texture": "#1"}
			}
		},
		{
			"from": [2.71111, 16, 3.75231],
			"to": [3.21111, 16.5, 5.75231],
			"rotation": {"angle": 0, "axis": "y", "origin": [3.21111, 16, 1.75231]},
			"faces": {
				"east": {"uv": [4, 5.5, 6, 6], "texture": "#1"},
				"west": {"uv": [4, 5.5, 6, 6], "texture": "#1"},
				"up": {"uv": [5.5, 4.5, 7.5, 5], "rotation": 90, "texture": "#1"}
			}
		},
		{
			"from": [2, 16, 0],
			"to": [4, 16.5, 0.5],
			"rotation": {"angle": -45, "axis": "y", "origin": [0, 16, 0]},
			"faces": {
				"north": {"uv": [0.5, 5.5, 2.5, 6], "texture": "#1"},
				"south": {"uv": [0.5, 5.5, 2.5, 6], "texture": "#1"},
				"west": {"uv": [6, 2, 6.5, 2.5], "texture": "#1"},
				"up": {"uv": [5.5, 4.5, 7.5, 5], "texture": "#1"}
			}
		},
		{
			"from": [4.24184, 16.001, 5.44782],
			"to": [4.74184, 16.501, 7.44782],
			"rotation": {"angle": 22.5, "axis": "y", "origin": [4.24184, 16, 9.44782]},
			"faces": {
				"east": {"uv": [4, 5.5, 6, 6], "texture": "#1"},
				"south": {"uv": [4.5, 1.5, 5, 2], "texture": "#1"},
				"west": {"uv": [4, 5.5, 6, 6], "texture": "#1"},
				"up": {"uv": [5.5, 4.5, 7.5, 5], "rotation": 270, "texture": "#1"}
			}
		},
		{
			"from": [3.94365, 16, 4.09693],
			"to": [5.94365, 16.5, 4.59693],
			"rotation": {"angle": 0, "axis": "y", "origin": [1.94365, 16, 4.09693]},
			"faces": {
				"north": {"uv": [0.5, 5.5, 2.5, 6], "texture": "#1"},
				"south": {"uv": [0.5, 5.5, 2.5, 6], "texture": "#1"},
				"up": {"uv": [5.5, 4.5, 7.5, 5], "texture": "#1"}
			}
		},
		{
			"from": [10.52657, 16.001, 3.32541],
			"to": [11.02657, 16.501, 4.07541],
			"rotation": {"angle": -22.5, "axis": "y", "origin": [1.52657, 16, 0.32541]},
			"faces": {
				"east": {"uv": [4.5, 10, 5.25, 10.5], "texture": "#1"},
				"west": {"uv": [4.5, 9.5, 5.25, 10], "texture": "#1"},
				"up": {"uv": [4, 11.5, 4.75, 12], "rotation": 90, "texture": "#1"}
			}
		},
		{
			"from": [13.27217, 16, 1.58661],
			"to": [13.77217, 16.5, 3.58661],
			"rotation": {"angle": -45, "axis": "y", "origin": [4.27217, 16.06066, -1.41339]},
			"faces": {
				"north": {"uv": [2, 13, 2.5, 13.5], "texture": "#missing"},
				"east": {"uv": [4.5, 10, 6.5, 10.5], "texture": "#1"},
				"west": {"uv": [4.5, 9.5, 6.5, 10], "texture": "#1"},
				"up": {"uv": [4, 11.5, 6, 12], "rotation": 90, "texture": "#1"}
			}
		},
		{
			"from": [5.63917, 16, 5.62766],
			"to": [7.63917, 16.5, 6.12766],
			"rotation": {"angle": -22.5, "axis": "y", "origin": [9.63917, 16, 6.12766]},
			"faces": {
				"north": {"uv": [0.5, 5.5, 2.5, 6], "texture": "#1"},
				"east": {"uv": [7, 2.5, 7.5, 3], "texture": "#1"},
				"south": {"uv": [0.5, 5.5, 2.5, 6], "texture": "#1"},
				"up": {"uv": [5.5, 4.5, 7.5, 5], "rotation": 180, "texture": "#1"}
			}
		},
		{
			"from": [7.403, 16, 15.00638],
			"to": [7.903, 16.5, 17.00638],
			"rotation": {"angle": 22.5, "axis": "y", "origin": [-1.597, 16, 14.00638]},
			"faces": {
				"east": {"uv": [4.5, 10, 6.5, 10.5], "texture": "#1"},
				"west": {"uv": [4.5, 9.5, 6.5, 10], "texture": "#1"},
				"up": {"uv": [4, 11.5, 6, 12], "rotation": 90, "texture": "#1"}
			}
		},
		{
			"from": [7.1006, 16.001, 8.4861],
			"to": [7.6006, 16.501, 11.4861],
			"rotation": {"angle": 0, "axis": "y", "origin": [-1.8994, 16.06066, 5.4861]},
			"faces": {
				"east": {"uv": [4.5, 10, 7.5, 10.5], "texture": "#1"},
				"west": {"uv": [4.5, 9.5, 7.5, 10], "texture": "#1"},
				"up": {"uv": [4, 11.5, 7, 12], "rotation": 90, "texture": "#1"}
			}
		},
		{
			"from": [10.87119, 16.001, 1.59287],
			"to": [11.37119, 16.501, 2.59287],
			"rotation": {"angle": -22.5, "axis": "y", "origin": [1.87119, 16, -1.40713]},
			"faces": {
				"east": {"uv": [4.5, 10, 5.5, 10.5], "texture": "#1"},
				"west": {"uv": [4.5, 9.5, 5.5, 10], "texture": "#1"},
				"up": {"uv": [4, 11.5, 5, 12], "rotation": 90, "texture": "#1"}
			}
		},
		{
			"from": [7.82791, 16.001, 13.14252],
			"to": [8.32791, 16.501, 14.14252],
			"rotation": {"angle": 0, "axis": "y", "origin": [-1.17209, 16, 10.14252]},
			"faces": {
				"east": {"uv": [4.5, 10, 5.5, 10.5], "texture": "#1"},
				"west": {"uv": [4.5, 9.5, 5.5, 10], "texture": "#1"},
				"up": {"uv": [4, 11.5, 5, 12], "rotation": 90, "texture": "#1"}
			}
		},
		{
			"from": [8.65538, 16, 5.73254],
			"to": [9.15538, 16.5, 6.73254],
			"rotation": {"angle": 0, "axis": "y", "origin": [-0.34462, 16, 2.73254]},
			"faces": {
				"east": {"uv": [4.5, 10, 5.5, 10.5], "texture": "#1"},
				"west": {"uv": [4.5, 9.5, 5.5, 10], "texture": "#1"},
				"up": {"uv": [4, 11.5, 5, 12], "rotation": 90, "texture": "#1"}
			}
		},
		{
			"from": [8.27208, 16.001, 4.7685],
			"to": [8.77208, 16.501, 5.7685],
			"rotation": {"angle": -45, "axis": "y", "origin": [8.77208, 16, 1.7685]},
			"faces": {
				"north": {"uv": [0.5, 5.5, 1, 6], "texture": "#1"},
				"east": {"uv": [0, 0, 1, 0.5], "texture": "#1"},
				"west": {"uv": [0, 0, 1, 0.5], "texture": "#1"},
				"up": {"uv": [5.5, 4.5, 6.5, 5], "rotation": 90, "texture": "#1"}
			}
		},
		{
			"from": [7.36494, 16, 17.81503],
			"to": [7.86494, 16.5, 19.81503],
			"rotation": {"angle": 22.5, "axis": "y", "origin": [-1.63506, 16, 14.81503]},
			"faces": {
				"east": {"uv": [4.5, 10, 6.5, 10.5], "texture": "#1"},
				"south": {"uv": [7.5, 15, 8, 15.5], "texture": "#1"},
				"west": {"uv": [4.5, 9.5, 6.5, 10], "texture": "#1"},
				"up": {"uv": [4, 11.5, 6, 12], "rotation": 90, "texture": "#1"}
			}
		},
		{
			"from": [9, 16, 3],
			"to": [9.5, 16.5, 5],
			"rotation": {"angle": 0, "axis": "y", "origin": [0, 16, 0]},
			"faces": {
				"north": {"uv": [2.5, 10.5, 3, 11], "texture": "#1"},
				"east": {"uv": [4.5, 10, 6.5, 10.5], "texture": "#1"},
				"west": {"uv": [4.5, 9.5, 6.5, 10], "texture": "#1"},
				"up": {"uv": [4, 11.5, 6, 12], "rotation": 90, "texture": "#1"}
			}
		}
	]
}