{
	"credit": "Made with Blockbench",
	"texture_size": [32, 32],
	"textures": {
		"0": "blocks/hardened_clay",
		"particle": "blocks/hardened_clay"
	},
	"elements": [
		{
			"from": [0, 0.1, 0],
			"to": [16, 16, 0.1],
			"faces": {
				"north": {"uv": [8, 0, 16, 7.95], "texture": "#0"},
				"east": {"uv": [0, 0, 0.05, 7.95], "texture": "#0"},
				"south": {"uv": [8, 0, 16, 7.95], "texture": "#0"},
				"west": {"uv": [8, 0, 8.05, 7.95], "texture": "#0"},
				"up": {"uv": [0, 0, 8, 0.05], "texture": "#0"}
			}
		},
		{
			"from": [0, 0.1, 15.9],
			"to": [16, 16, 16],
			"faces": {
				"north": {"uv": [8, 0, 16, 7.95], "texture": "#0"},
				"east": {"uv": [0, 0, 0.05, 7.95], "texture": "#0"},
				"south": {"uv": [0, 0, 8, 7.95], "texture": "#0"},
				"west": {"uv": [8, 0, 8.05, 7.95], "texture": "#0"},
				"up": {"uv": [0, 0, 8, 0.05], "texture": "#0"}
			}
		},
		{
			"from": [0, 0, 0],
			"to": [16, 0.1, 16],
			"faces": {
				"north": {"uv": [0, 8, 7.9, 8.05], "rotation": 180, "texture": "#0"},
				"east": {"uv": [0, 0, 0.05, 7.9], "rotation": 90, "texture": "#0"},
				"south": {"uv": [8, 0, 15.9, 0.05], "texture": "#0"},
				"west": {"uv": [8, 0, 8.05, 7.9], "rotation": 270, "texture": "#0"},
				"up": {"uv": [8, 0, 15.9, 7.9], "texture": "#0"},
				"down": {"uv": [8, 0, 15.9, 7.9], "rotation": 180, "texture": "#0"}
			}
		},
		{
			"from": [0, 0.1, 0.1],
			"to": [0.1, 16, 15.9],
			"rotation": {"angle": 0, "axis": "y", "origin": [7, 0, 8]},
			"faces": {
				"east": {"uv": [8, 0, 15.9, 7.95], "texture": "#0"},
				"west": {"uv": [8, 0, 15.9, 7.95], "texture": "#0"},
				"up": {"uv": [0, 0, 7.9, 0.05], "rotation": 270, "texture": "#0"}
			}
		},
		{
			"from": [15.9, 0.1, 0.1],
			"to": [16, 16, 15.9],
			"rotation": {"angle": 0, "axis": "y", "origin": [7, 0, 8]},
			"faces": {
				"east": {"uv": [8, 0, 15.9, 7.95], "texture": "#0"},
				"west": {"uv": [8, 0, 15.9, 7.95], "texture": "#0"},
				"up": {"uv": [0, 0, 7.9, 0.05], "rotation": 270, "texture": "#0"}
			}
		},
		{
			"from": [-5.54876, 14.33356, 0.1],
			"to": [-5.54876, 22.33356, 15.9],
			"rotation": {"angle": 22.5, "axis": "z", "origin": [13.19611, 33.3659, 8]},
			"faces": {
				"east": {"uv": [8.05, 0, 15.95, 4], "rotation": 180, "texture": "#0"},
				"west": {"uv": [8.05, 0, 15.95, 4], "rotation": 180, "texture": "#0"}
			}
		},
		{
			"from": [14.13235, 9.24875, 0.1],
			"to": [14.13235, 17.24875, 15.9],
			"rotation": {"angle": -22.5, "axis": "z", "origin": [11.87722, 12.18109, 8]},
			"faces": {
				"east": {"uv": [8.05, 0, 15.95, 4], "rotation": 180, "texture": "#0"},
				"west": {"uv": [8.05, 0, 15.95, 4], "rotation": 180, "texture": "#0"}
			}
		},
		{
			"from": [0, 15.1532, 2.21681],
			"to": [15.8, 15.1532, 10.21681],
			"rotation": {"angle": 22.5, "axis": "x", "origin": [7.9, 20.89807, 3.28447]},
			"faces": {
				"up": {"uv": [8.05, 0, 15.95, 3.45], "rotation": 180, "texture": "#0"},
				"down": {"uv": [8.05, 0, 15.95, 3.45], "texture": "#0"}
			}
		},
		{
			"from": [0, 5.20343, 7.76232],
			"to": [15.8, 5.20343, 15.76232],
			"rotation": {"angle": -22.5, "axis": "x", "origin": [7.9, 10.9483, -11.30534]},
			"faces": {
				"up": {"uv": [8.05, 0, 15.95, 3.45], "texture": "#0"},
				"down": {"uv": [8.05, 0, 15.95, 3.45], "rotation": 180, "texture": "#0"}
			}
		}
	],
	"display": {
		"thirdperson_righthand": {
			"rotation": [90, 0, 0],
			"translation": [-6, 0, 2],
			"scale": [0.5, 0.5, 0.5]
		},
		"thirdperson_lefthand": {
			"rotation": [90, 0, 0],
			"translation": [-6, 0, 2],
			"scale": [0.5, 0.5, 0.5]
		},
		"firstperson_righthand": {
			"translation": [-9, -0.5, 1],
			"scale": [0.5, 0.5, 0.5]
		},
		"firstperson_lefthand": {
			"translation": [-9, -0.5, 1],
			"scale": [0.5, 0.5, 0.5]
		},
		"ground": {
			"translation": [0, 5, 0]
		},
		"gui": {
			"rotation": [16, -102, 0],
			"translation": [0, 0.25, 0],
			"scale": [0.75, 0.75, 0.75]
		},
		"head": {
			"translation": [0, 14.5, 0]
		},
		"fixed": {
			"rotation": [0, 90, 0],
			"translation": [0, 0, 4.25]
		}
	}
}