{
	"credit": "Made with Blockbench",
	"textures": {
		"0": "blocks/homely",
		"particle": "blocks/homely"
	},
	"elements": [
		{
			"from": [9, 0, 8.37745],
			"to": [15, 7, 9.37745],
			"rotation": {"angle": -22.5, "axis": "y", "origin": [12, 3.42492, 8.87745]},
			"faces": {
				"north": {"uv": [0, 9, 6, 16], "texture": "#0"},
				"east": {"uv": [1, 9, 0, 16], "texture": "#0"},
				"south": {"uv": [6.5, 9, 12.5, 16], "texture": "#0"},
				"west": {"uv": [6, 9, 5, 16], "texture": "#0"},
				"up": {"uv": [0, 9, 6, 10], "texture": "#0"},
				"down": {"uv": [0, 15, 6, 16], "texture": "#0", "cullface": "down"}
			}
		},
		{
			"from": [11.5, 0.2, 8.51904],
			"to": [12.5, 4.95, 8.76904],
			"rotation": {"angle": -22.5, "axis": "x", "origin": [12, 5.47597, 10.27902]},
			"faces": {
				"north": {"uv": [9.5, 10.75, 10.5, 15.5], "texture": "#0"},
				"east": {"uv": [9, 10.75, 9.25, 15.5], "texture": "#0"},
				"south": {"uv": [10, 10.75, 11, 15.5], "texture": "#0"},
				"west": {"uv": [8, 10.75, 8.25, 15.5], "texture": "#0"},
				"down": {"uv": [9.5, 15.125, 10.5, 15.375], "texture": "#0", "cullface": "down"}
			}
		},
		{
			"from": [7.00113, 0.001, 1.982],
			"to": [7.50113, 2.001, 3.018],
			"rotation": {"angle": -22.5, "axis": "y", "origin": [6.25056, 0.875, 2.5]},
			"faces": {
				"east": {"uv": [14, 0, 15.036, 2], "texture": "#0"},
				"west": {"uv": [14, 0, 15.036, 2], "texture": "#0"},
				"up": {"uv": [14, 0.25, 15.036, 0.75], "rotation": 270, "texture": "#0"},
				"down": {"uv": [14.25, 0.5, 15.286, 1], "rotation": 90, "texture": "#0", "cullface": "down"}
			}
		},
		{
			"from": [5.73256, 0.001, 1.24944],
			"to": [6.76856, 2.001, 1.74944],
			"rotation": {"angle": -22.5, "axis": "y", "origin": [6.25056, 0.875, 2.5]},
			"faces": {
				"north": {"uv": [14.464, 0.25, 15.5, 2.25], "texture": "#0"},
				"south": {"uv": [14.464, 0.25, 15.5, 2.25], "texture": "#0"},
				"up": {"uv": [14, 0.25, 15.036, 0.75], "rotation": 180, "texture": "#0"},
				"down": {"uv": [14.25, 0.5, 15.286, 1], "rotation": 180, "texture": "#0", "cullface": "down"}
			}
		},
		{
			"from": [5.73256, 0, 1.24944],
			"to": [6.76856, 2, 1.74944],
			"rotation": {"angle": 22.5, "axis": "y", "origin": [6.25056, 0.875, 2.5]},
			"faces": {
				"north": {"uv": [14.25, 0, 15.286, 2], "texture": "#0"},
				"south": {"uv": [14.25, 0.25, 15.286, 2.25], "texture": "#0"},
				"up": {"uv": [14, 0.25, 15.036, 0.75], "rotation": 180, "texture": "#0"},
				"down": {"uv": [14.25, 0.5, 15.286, 1], "rotation": 180, "texture": "#0", "cullface": "down"}
			}
		},
		{
			"from": [7.00113, 0, 1.982],
			"to": [7.50113, 2, 3.018],
			"rotation": {"angle": 22.5, "axis": "y", "origin": [6.25056, 0.875, 2.5]},
			"faces": {
				"east": {"uv": [14.464, 0.25, 15.5, 2.25], "texture": "#0"},
				"west": {"uv": [14.464, 0.25, 15.5, 2.25], "texture": "#0"},
				"up": {"uv": [14, 0.25, 15.036, 0.75], "rotation": 90, "texture": "#0"},
				"down": {"uv": [14.25, 0.5, 15.286, 1], "rotation": 270, "texture": "#0", "cullface": "down"}
			}
		},
		{
			"from": [5, 0.001, 1.982],
			"to": [5.5, 2.001, 3.018],
			"rotation": {"angle": -22.5, "axis": "y", "origin": [6.25056, 0.875, 2.5]},
			"faces": {
				"east": {"uv": [14, 0, 15.036, 2], "texture": "#0"},
				"west": {"uv": [14, 0, 15.036, 2], "texture": "#0"},
				"up": {"uv": [14, 0.25, 15.036, 0.75], "rotation": 90, "texture": "#0"},
				"down": {"uv": [14.25, 0.5, 15.286, 1], "rotation": 270, "texture": "#0", "cullface": "down"}
			}
		},
		{
			"from": [5.73256, 0.001, 3.25056],
			"to": [6.76856, 2.001, 3.75056],
			"rotation": {"angle": -22.5, "axis": "y", "origin": [6.25056, 0.875, 2.5]},
			"faces": {
				"north": {"uv": [14.25, 0, 15.286, 2], "texture": "#0"},
				"south": {"uv": [14.25, 0.25, 15.286, 2.25], "texture": "#0"},
				"up": {"uv": [14, 0.25, 15.036, 0.75], "texture": "#0"},
				"down": {"uv": [14.25, 0.5, 15.286, 1], "texture": "#0", "cullface": "down"}
			}
		},
		{
			"from": [2, 0, 10],
			"to": [7, 2, 13.5],
			"faces": {
				"north": {"uv": [0, 1.5, 5, 3.5], "rotation": 180, "texture": "#0"},
				"east": {"uv": [0, 4.5, 2, 8], "rotation": 270, "texture": "#0"},
				"south": {"uv": [0, 4.5, 5, 6.5], "texture": "#0"},
				"west": {"uv": [0, 4.5, 2, 8], "rotation": 90, "texture": "#0"},
				"up": {"uv": [0, 4.5, 5, 8], "rotation": 180, "texture": "#0"},
				"down": {"uv": [0, 4.5, 5, 8], "texture": "#0", "cullface": "down"}
			}
		},
		{
			"from": [2, 0.5, 10],
			"to": [7, 2, 10],
			"rotation": {"angle": 22.5, "axis": "x", "origin": [0, 2, 10]},
			"faces": {
				"north": {"uv": [0, 5, 5, 6.5], "rotation": 180, "texture": "#0"},
				"south": {"uv": [0, 5, 5, 6.5], "texture": "#0"}
			}
		},
		{
			"from": [1.09133, 0.001, 8.5],
			"to": [1.59133, 0.001, 10.5],
			"rotation": {"angle": 0, "axis": "y", "origin": [4.26901, 0.0865, 8.31336]},
			"faces": {
				"up": {"uv": [1.75, 6.5, 3.75, 7], "rotation": 270, "texture": "#0"},
				"down": {"uv": [1.75, 6.5, 3.75, 7], "rotation": 90, "texture": "#0", "cullface": "down"}
			}
		},
		{
			"from": [4.62315, 0.002, 5.22219],
			"to": [5.62315, 0.002, 5.72219],
			"rotation": {"angle": 0, "axis": "y", "origin": [3.80979, 0.0875, 8.43846]},
			"faces": {
				"up": {"uv": [1.75, 6.5, 2.75, 7], "texture": "#0"},
				"down": {"uv": [1.75, 6.5, 2.75, 7], "texture": "#0", "cullface": "down"}
			}
		},
		{
			"from": [3.92837, 0.002, 4.49669],
			"to": [4.42837, 0.003, 5.99265],
			"rotation": {"angle": -22.5, "axis": "y", "origin": [1.07756, 0.0865, 4.54879]},
			"faces": {
				"up": {"uv": [1.75, 6.5, 3.24596, 7], "rotation": 90, "texture": "#0"},
				"down": {"uv": [1.75, 6.5, 3.24596, 7], "rotation": 270, "texture": "#0", "cullface": "down"}
			}
		},
		{
			"from": [2.70537, 0.001, 5.4859],
			"to": [3.6707, 0.002, 5.9859],
			"rotation": {"angle": 22.5, "axis": "y", "origin": [3.48406, 0.0865, 2.95989]},
			"faces": {
				"up": {"uv": [1.75, 6.5, 2.71533, 7], "rotation": 180, "texture": "#0"},
				"down": {"uv": [1.75, 6.5, 2.71533, 7], "rotation": 180, "texture": "#0", "cullface": "down"}
			}
		},
		{
			"from": [3.55514, 0.002, 6.00711],
			"to": [4.55514, 0.002, 6.50711],
			"rotation": {"angle": 22.5, "axis": "y", "origin": [5.74177, 0.0875, 9.18479]},
			"faces": {
				"up": {"uv": [1.75, 6.5, 2.75, 7], "texture": "#0"},
				"down": {"uv": [1.75, 6.5, 2.75, 7], "texture": "#0", "cullface": "down"}
			}
		},
		{
			"from": [7.41226, 0.001, 8.5],
			"to": [7.91226, 0.001, 10.5],
			"rotation": {"angle": 0, "axis": "y", "origin": [10.58994, 0.08861, 8.31336]},
			"faces": {
				"up": {"uv": [1.75, 6.5, 3.75, 7], "rotation": 270, "texture": "#0"},
				"down": {"uv": [1.75, 6.5, 3.75, 7], "rotation": 90, "texture": "#0", "cullface": "down"}
			}
		},
		{
			"from": [1.55292, 0.02177, 10],
			"to": [1.55292, 1.10147, 10.5],
			"rotation": {"angle": -22.5, "axis": "z", "origin": [1.51991, -0.08516, 7.32232]},
			"faces": {
				"east": {"uv": [1.25, 5.5, 2.3297, 6], "rotation": 90, "texture": "#0"},
				"west": {"uv": [1.25, 5.5, 2.3297, 6], "rotation": 90, "texture": "#0"}
			}
		},
		{
			"from": [7.45067, 0.02177, 10],
			"to": [7.45067, 1.10147, 10.5],
			"rotation": {"angle": 22.5, "axis": "z", "origin": [7.48368, -0.08516, 13.17768]},
			"faces": {
				"east": {"uv": [1.25, 5.5, 2.3297, 6], "rotation": 90, "texture": "#0"},
				"west": {"uv": [1.25, 5.5, 2.3297, 6], "rotation": 90, "texture": "#0"}
			}
		},
		{
			"from": [1.23417, 0.002, 8.93209],
			"to": [1.73417, 0.001, 10.93209],
			"rotation": {"angle": -45, "axis": "y", "origin": [4.09854, 0.002, 9.54362]},
			"faces": {
				"up": {"uv": [1.75, 6.5, 3.75, 7], "rotation": 270, "texture": "#0"},
				"down": {"uv": [1.75, 6.5, 3.75, 7], "rotation": 90, "texture": "#0", "cullface": "down"}
			}
		},
		{
			"from": [2.73574, 0, 5.94063],
			"to": [4.86004, 0.001, 6.44063],
			"rotation": {"angle": -45, "axis": "y", "origin": [5.04667, 0.0855, 9.06682]},
			"faces": {
				"up": {"uv": [1.75, 6.5, 3.8743, 7], "texture": "#0"},
				"down": {"uv": [1.75, 6.5, 3.8743, 7], "texture": "#0", "cullface": "down"}
			}
		},
		{
			"from": [6.51368, 0.002, 6.02113],
			"to": [7.01368, 0.002, 7.98254],
			"rotation": {"angle": 22.5, "axis": "y", "origin": [8.76368, 1, 5.98254]},
			"faces": {
				"up": {"uv": [1.75, 6.5, 3.71141, 7], "rotation": 90, "texture": "#0"},
				"down": {"uv": [1.75, 6.5, 3.71141, 7], "rotation": 270, "texture": "#0", "cullface": "down"}
			}
		},
		{
			"from": [2, -0.0427, 9.32572],
			"to": [7, 0.6573, 9.32572],
			"rotation": {"angle": -22.5, "axis": "x", "origin": [0, 0.88774, 9.48423]},
			"faces": {
				"north": {"uv": [0, 5, 5, 5.7], "rotation": 180, "texture": "#0"},
				"south": {"uv": [0, 5, 5, 5.7], "texture": "#0"}
			}
		},
		{
			"from": [5, 0, 1.982],
			"to": [5.5, 2, 3.018],
			"rotation": {"angle": 22.5, "axis": "y", "origin": [6.25056, 0.875, 2.5]},
			"faces": {
				"east": {"uv": [14.464, 0.25, 15.5, 2.25], "texture": "#0"},
				"west": {"uv": [14.464, 0.25, 15.5, 2.25], "texture": "#0"},
				"up": {"uv": [14, 0.25, 15.036, 0.75], "rotation": 270, "texture": "#0"},
				"down": {"uv": [14.25, 0.5, 15.286, 1], "rotation": 90, "texture": "#0", "cullface": "down"}
			}
		},
		{
			"from": [5.73256, 0, 3.25056],
			"to": [6.76856, 2, 3.75056],
			"rotation": {"angle": 22.5, "axis": "y", "origin": [6.25056, 0.875, 2.5]},
			"faces": {
				"north": {"uv": [14.25, 0, 15.286, 2], "texture": "#0"},
				"south": {"uv": [14.25, 0.25, 15.286, 2.25], "texture": "#0"},
				"up": {"uv": [14, 0.25, 15.036, 0.75], "texture": "#0"},
				"down": {"uv": [14.25, 0.5, 15.286, 1], "texture": "#0", "cullface": "down"}
			}
		},
		{
			"from": [5.5, -0.001, 1.75],
			"to": [7, 1.499, 3.25],
			"rotation": {"angle": 22.5, "axis": "y", "origin": [6.25056, 0.875, 2.5]},
			"faces": {
				"up": {"uv": [11.5, 0.5, 13, 2], "texture": "#0"},
				"down": {"uv": [14, 0.25, 15.5, 1.75], "texture": "#0", "cullface": "down"}
			}
		}
	]
}