{
	"credit": "Made with Blockbench",
	"textures": {
		"0": "blocks/bookshelf",
		"1": "blocks/homely",
		"particle": "blocks/homely"
	},
	"elements": [
		{
			"from": [6.375, 0, 0.875],
			"to": [6.375, 0.5, 4.675],
			"rotation": {"angle": -45, "axis": "y", "origin": [9.05, 0.2505, 5.775]},
			"faces": {
				"east": {"uv": [13.75, 4.7, 14, 6.6], "rotation": 90, "texture": "#0"},
				"west": {"uv": [13.75, 4.7, 14, 6.6], "rotation": 270, "texture": "#0"}
			}
		},
		{
			"from": [8.56421, 0.001, 12.17107],
			"to": [12.36421, 0.001, 14.87107],
			"rotation": {"angle": -22.5, "axis": "y", "origin": [10.46421, 0.2505, 12.84607]},
			"faces": {
				"up": {"uv": [11, 5.1, 12.35, 7], "rotation": 90, "texture": "#0"},
				"down": {"uv": [11.25, 7.75, 12.6, 5.85], "rotation": 90, "texture": "#0", "cullface": "down"}
			}
		},
		{
			"from": [8.66421, 0, 12.17107],
			"to": [12.26421, 0.5, 14.77107],
			"rotation": {"angle": -22.5, "axis": "y", "origin": [10.46421, 0.2505, 12.84607]},
			"faces": {
				"east": {"uv": [15.25, 11.15, 15.5, 12.45], "rotation": 270, "texture": "#0"},
				"south": {"uv": [15.25, 10.15, 15.5, 11.95], "rotation": 90, "texture": "#0"},
				"west": {"uv": [15.25, 11.15, 15.5, 12.45], "rotation": 90, "texture": "#0"}
			}
		},
		{
			"from": [8.56421, 0.5, 12.17107],
			"to": [12.36421, 0.5, 14.87107],
			"rotation": {"angle": -22.5, "axis": "y", "origin": [10.46421, 0.2505, 12.84607]},
			"faces": {
				"up": {"uv": [11, 4.25, 12.35, 6.15], "rotation": 90, "texture": "#0"},
				"down": {"uv": [11, 5.1, 12.35, 7], "rotation": 90, "texture": "#0"}
			}
		},
		{
			"from": [8.56421, 0, 12.17107],
			"to": [12.36421, 0.5, 12.17107],
			"rotation": {"angle": -22.5, "axis": "y", "origin": [10.46421, 0.2505, 12.84607]},
			"faces": {
				"north": {"uv": [11, 7.75, 11.25, 5.85], "rotation": 270, "texture": "#0"},
				"south": {"uv": [11.25, 5.075, 11.5, 6.975], "rotation": 90, "texture": "#0"}
			}
		},
		{
			"from": [0.375, 0.001, 4.875],
			"to": [3.075, 0.001, 8.675],
			"rotation": {"angle": 22.5, "axis": "y", "origin": [9.05, 0.2505, 5.775]},
			"faces": {
				"up": {"uv": [10.5, 13.35, 11.85, 15.25], "texture": "#0"},
				"down": {"uv": [11.35, 13.2625, 10, 15.1625], "rotation": 180, "texture": "#0", "cullface": "down"}
			}
		},
		{
			"from": [0.375, 0.5, 4.875],
			"to": [3.075, 0.5, 8.675],
			"rotation": {"angle": 22.5, "axis": "y", "origin": [9.05, 0.2505, 5.775]},
			"faces": {
				"up": {"uv": [10, 13.1, 11.35, 15], "texture": "#0"},
				"down": {"uv": [10.5, 13.1, 11.85, 15], "rotation": 180, "texture": "#0"}
			}
		},
		{
			"from": [0.375, 0, 4.875],
			"to": [0.375, 0.5, 8.675],
			"rotation": {"angle": 22.5, "axis": "y", "origin": [9.05, 0.2505, 5.775]},
			"faces": {
				"east": {"uv": [10.75, 12.7, 11, 14.6], "rotation": 90, "texture": "#0"},
				"west": {"uv": [12.25, 12.45, 12.5, 14.35], "rotation": 270, "texture": "#0"}
			}
		},
		{
			"from": [6.375, 0.5, 0.875],
			"to": [9.075, 0.5, 4.675],
			"rotation": {"angle": -45, "axis": "y", "origin": [9.05, 0.2505, 5.775]},
			"faces": {
				"up": {"uv": [13.5, 5.35, 14.85, 7.25], "texture": "#0"},
				"down": {"uv": [13.5, 5.35, 14.85, 7.25], "rotation": 180, "texture": "#0"}
			}
		},
		{
			"from": [6.375, 0, 0.975],
			"to": [8.975, 0.5, 4.575],
			"rotation": {"angle": -45, "axis": "y", "origin": [9.05, 0.2505, 5.775]},
			"faces": {
				"north": {"uv": [15.25, 11.15, 15.5, 12.45], "rotation": 270, "texture": "#0"},
				"east": {"uv": [15.25, 10.15, 15.5, 11.95], "rotation": 90, "texture": "#0"},
				"south": {"uv": [15.25, 11.15, 15.5, 12.45], "rotation": 90, "texture": "#0"}
			}
		},
		{
			"from": [6.375, 0.001, 0.875],
			"to": [9.075, 0.001, 4.675],
			"rotation": {"angle": -45, "axis": "y", "origin": [9.05, 0.2505, 5.775]},
			"faces": {
				"up": {"uv": [13.5, 5.35, 14.85, 7.25], "texture": "#0"},
				"down": {"uv": [13.5, 5.35, 14.85, 7.25], "rotation": 180, "texture": "#0", "cullface": "down"}
			}
		},
		{
			"from": [0.375, 0, 4.975],
			"to": [2.975, 0.5, 8.575],
			"rotation": {"angle": 22.5, "axis": "y", "origin": [9.05, 0.2505, 5.775]},
			"faces": {
				"north": {"uv": [15.25, 11.15, 15.5, 12.45], "rotation": 270, "texture": "#0"},
				"east": {"uv": [15.25, 10.15, 15.5, 11.95], "rotation": 90, "texture": "#0"},
				"south": {"uv": [15.25, 11.15, 15.5, 12.45], "rotation": 90, "texture": "#0"}
			}
		},
		{
			"from": [7, 0, -1],
			"to": [13, 1.5, 0.5],
			"rotation": {"angle": -45, "axis": "y", "origin": [0, 0, 0]},
			"faces": {
				"north": {"uv": [8, 2.5, 6.5, 8.5], "rotation": 90, "texture": "#1"},
				"east": {"uv": [10, 5.5, 11.5, 7], "rotation": 90, "texture": "#1"},
				"south": {"uv": [8, 8.5, 6.5, 2.5], "rotation": 90, "texture": "#1"},
				"up": {"uv": [8, 2.5, 9.5, 8.5], "rotation": 90, "texture": "#1"},
				"down": {"uv": [10.25, 2.5, 11.75, 8.5], "rotation": 90, "texture": "#1", "cullface": "down"}
			}
		},
		{
			"from": [6, 0, -1.25],
			"to": [7, 1.75, 0.75],
			"rotation": {"angle": -45, "axis": "y", "origin": [0, 0, 0]},
			"faces": {
				"north": {"uv": [10, 4, 11.75, 5], "rotation": 90, "texture": "#1"},
				"east": {"uv": [8.25, 5, 6.5, 7], "rotation": 90, "texture": "#1"},
				"south": {"uv": [10, 4, 11.75, 5], "rotation": 90, "texture": "#1"},
				"west": {"uv": [10, 4, 11.75, 6], "rotation": 90, "texture": "#1"},
				"up": {"uv": [13.5, 3, 14.5, 5], "texture": "#1"},
				"down": {"uv": [10, 4, 12, 5], "rotation": 90, "texture": "#1", "cullface": "down"}
			}
		},
		{
			"from": [5.65685, 0.75, 3.74264],
			"to": [6.15685, 1.25, 4.74264],
			"rotation": {"angle": 0, "axis": "y", "origin": [4.15685, 1, -3.75736]},
			"faces": {
				"north": {"uv": [15.5, 4.5, 16, 5], "texture": "#1"},
				"east": {"uv": [15, 4.5, 16, 5], "texture": "#1"},
				"west": {"uv": [16, 4.5, 15, 5], "texture": "#1"},
				"up": {"uv": [16, 4.5, 15, 5], "rotation": 90, "texture": "#1"},
				"down": {"uv": [16, 4.5, 15, 5], "rotation": 270, "texture": "#1"}
			}
		},
		{
			"from": [3.71751, 0.75, 9.18198],
			"to": [4.21751, 1.25, 10.18198],
			"rotation": {"angle": 45, "axis": "y", "origin": [6.71751, 1.25, 3.18198]},
			"faces": {
				"east": {"uv": [16, 4.5, 15, 5], "texture": "#1"},
				"south": {"uv": [15.5, 4.5, 16, 5], "texture": "#1"},
				"west": {"uv": [15, 4.5, 16, 5], "texture": "#1"},
				"up": {"uv": [15, 4.5, 16, 5], "rotation": 90, "texture": "#1"},
				"down": {"uv": [15, 4.5, 16, 5], "rotation": 270, "texture": "#1"}
			}
		},
		{
			"from": [20.34924, 0.75, 8.25736],
			"to": [21.34924, 1.25, 8.75736],
			"rotation": {"angle": -45, "axis": "y", "origin": [14.84924, 1, -4.24264]},
			"faces": {
				"north": {"uv": [16, 4.5, 15, 5], "texture": "#1"},
				"east": {"uv": [15.5, 4.5, 16, 5], "texture": "#1"},
				"south": {"uv": [15, 4.5, 16, 5], "texture": "#1"},
				"up": {"uv": [16, 4.5, 15, 5], "rotation": 180, "texture": "#1"},
				"down": {"uv": [16, 4.5, 15, 5], "rotation": 180, "texture": "#1"}
			}
		},
		{
			"from": [4.09619, 0.75, 5.3033],
			"to": [5.09619, 1.25, 5.8033],
			"rotation": {"angle": 0, "axis": "y", "origin": [12.09619, 1.25, 3.3033]},
			"faces": {
				"north": {"uv": [15, 4.5, 16, 5], "texture": "#1"},
				"south": {"uv": [16, 4.5, 15, 5], "texture": "#1"},
				"west": {"uv": [15.5, 4.5, 16, 5], "texture": "#1"},
				"up": {"uv": [15, 4.5, 16, 5], "rotation": 180, "texture": "#1"},
				"down": {"uv": [15, 4.5, 16, 5], "rotation": 180, "texture": "#1"}
			}
		},
		{
			"from": [4.12652, 0.999, 3.35876],
			"to": [5.12652, 0.999, 4.35876],
			"rotation": {"angle": 0, "axis": "y", "origin": [12.12652, 2.249, 4.85876]},
			"faces": {
				"up": {"uv": [16, 3, 15, 4], "rotation": 270, "texture": "#1"},
				"down": {"uv": [15, 3, 16, 4], "rotation": 180, "texture": "#1"}
			}
		},
		{
			"from": [3.71231, 1, 3.77297],
			"to": [4.71231, 1, 4.77297],
			"rotation": {"angle": 0, "axis": "y", "origin": [12.21231, 2.999, 4.77297]},
			"faces": {
				"up": {"uv": [15, 3, 16, 4], "texture": "#1"},
				"down": {"uv": [15, 3, 16, 4], "rotation": 180, "texture": "#1"}
			}
		}
	]
}