{
	"credit": "Made with Blockbench",
	"textures": {
		"0": "blocks/homely_1",
		"particle": "blocks/homely_1"
	},
	"elements": [
		{
			"from": [2.602, 0.004, 1],
			"to": [3.398, 0.104, 5],
			"rotation": {"angle": 0, "axis": "y", "origin": [3, 0.1, 3]},
			"faces": {
				"north": {"uv": [2, 0.5, 2.796, 0.6], "texture": "#0"},
				"south": {"uv": [2, 0.5, 2.796, 0.6], "texture": "#0"},
				"up": {"uv": [2, 0.5, 2.796, 4.5], "texture": "#0"},
				"down": {"uv": [2, 0.5, 2.796, 4.5], "texture": "#0", "cullface": "down"}
			}
		},
		{
			"from": [13.75, 0.1, 11.5025],
			"to": [14.5, 0.2, 12.4975],
			"rotation": {"angle": -45, "axis": "y", "origin": [12, 0.1, 12]},
			"faces": {
				"east": {"uv": [1.5, 2, 2.495, 2.1], "texture": "#0"},
				"west": {"uv": [1.5, 2, 2.495, 2.1], "texture": "#0"},
				"up": {"uv": [2, 0.5, 2.995, 1.25], "rotation": 90, "texture": "#0"},
				"down": {"uv": [2, 0.5, 2.995, 1.25], "rotation": 270, "texture": "#0"}
			}
		},
		{
			"from": [11.5025, 0.101, 13.75],
			"to": [12.4975, 0.201, 14.5],
			"rotation": {"angle": 22.5, "axis": "y", "origin": [12, 0.1, 12]},
			"faces": {
				"north": {"uv": [2, 0.5, 2.995, 0.6], "texture": "#0"},
				"south": {"uv": [2, 0.5, 2.995, 0.6], "texture": "#0"},
				"up": {"uv": [2, 0.5, 2.995, 1.25], "rotation": 180, "texture": "#0"},
				"down": {"uv": [2, 0.5, 2.995, 1.25], "rotation": 180, "texture": "#0"}
			}
		},
		{
			"from": [11.5025, 0.1, 13.75],
			"to": [12.4975, 0.2, 14.5],
			"rotation": {"angle": 0, "axis": "y", "origin": [12, 0.1, 12]},
			"faces": {
				"north": {"uv": [2, 0.5, 2.995, 0.6], "texture": "#0"},
				"south": {"uv": [2, 0.5, 2.995, 0.6], "texture": "#0"},
				"up": {"uv": [2, 0.5, 2.995, 1.25], "rotation": 180, "texture": "#0"},
				"down": {"uv": [2, 0.5, 2.995, 1.25], "rotation": 180, "texture": "#0"}
			}
		},
		{
			"from": [11.5025, 0.101, 13.75],
			"to": [12.4975, 0.201, 14.5],
			"rotation": {"angle": -22.5, "axis": "y", "origin": [12, 0.1, 12]},
			"faces": {
				"north": {"uv": [2, 0.5, 2.995, 0.6], "texture": "#0"},
				"south": {"uv": [2, 0.5, 2.995, 0.6], "texture": "#0"},
				"up": {"uv": [2, 0.5, 2.995, 1.25], "rotation": 180, "texture": "#0"},
				"down": {"uv": [2, 0.5, 2.995, 1.25], "rotation": 180, "texture": "#0"}
			}
		},
		{
			"from": [9.5, 0.1, 11.5025],
			"to": [10.25, 0.2, 12.4975],
			"rotation": {"angle": 0, "axis": "y", "origin": [12, 0.1, 12]},
			"faces": {
				"east": {"uv": [2, 0.5, 2.995, 0.6], "texture": "#0"},
				"west": {"uv": [2, 0.5, 2.995, 0.6], "texture": "#0"},
				"up": {"uv": [2, 0.5, 2.995, 1.25], "rotation": 270, "texture": "#0"},
				"down": {"uv": [2, 0.5, 2.995, 1.25], "rotation": 90, "texture": "#0"}
			}
		},
		{
			"from": [9.5, 0.101, 11.5025],
			"to": [10.25, 0.201, 12.4975],
			"rotation": {"angle": 22.5, "axis": "y", "origin": [12, 0.1, 12]},
			"faces": {
				"east": {"uv": [2, 0.5, 2.995, 0.6], "texture": "#0"},
				"west": {"uv": [2, 0.5, 2.995, 0.6], "texture": "#0"},
				"up": {"uv": [2, 0.5, 2.995, 1.25], "rotation": 270, "texture": "#0"},
				"down": {"uv": [2, 0.5, 2.995, 1.25], "rotation": 90, "texture": "#0"}
			}
		},
		{
			"from": [9.5, 0.101, 11.5025],
			"to": [10.25, 0.201, 12.4975],
			"rotation": {"angle": -22.5, "axis": "y", "origin": [12, 0.1, 12]},
			"faces": {
				"east": {"uv": [2, 0.5, 2.995, 0.6], "texture": "#0"},
				"west": {"uv": [2, 0.5, 2.995, 0.6], "texture": "#0"},
				"up": {"uv": [2, 0.5, 2.995, 1.25], "rotation": 270, "texture": "#0"},
				"down": {"uv": [2, 0.5, 2.995, 1.25], "rotation": 90, "texture": "#0"}
			}
		},
		{
			"from": [11.5025, 0.1, 13.75],
			"to": [12.4975, 0.2, 14.5],
			"rotation": {"angle": -45, "axis": "y", "origin": [12, 0.1, 12]},
			"faces": {
				"north": {"uv": [2, 0.5, 2.995, 0.6], "texture": "#0"},
				"south": {"uv": [2, 0.5, 2.995, 0.6], "texture": "#0"},
				"up": {"uv": [2, 0.5, 2.995, 1.25], "rotation": 180, "texture": "#0"},
				"down": {"uv": [2, 0.5, 2.995, 1.25], "rotation": 180, "texture": "#0"}
			}
		},
		{
			"from": [13.75, 0.1, 11.5025],
			"to": [14.5, 0.2, 12.4975],
			"rotation": {"angle": 0, "axis": "y", "origin": [12, 0.1, 12]},
			"faces": {
				"east": {"uv": [2, 0.5, 2.995, 0.6], "texture": "#0"},
				"west": {"uv": [2, 0.5, 2.995, 0.6], "texture": "#0"},
				"up": {"uv": [2, 0.5, 2.995, 1.25], "rotation": 90, "texture": "#0"},
				"down": {"uv": [2, 0.5, 2.995, 1.25], "rotation": 270, "texture": "#0"}
			}
		},
		{
			"from": [13.75, 0.101, 11.5025],
			"to": [14.5, 0.201, 12.4975],
			"rotation": {"angle": 22.5, "axis": "y", "origin": [12, 0.1, 12]},
			"faces": {
				"east": {"uv": [2, 0.5, 2.995, 0.6], "texture": "#0"},
				"west": {"uv": [2, 0.5, 2.995, 0.6], "texture": "#0"},
				"up": {"uv": [2, 0.5, 2.995, 1.25], "rotation": 90, "texture": "#0"},
				"down": {"uv": [2, 0.5, 2.995, 1.25], "rotation": 270, "texture": "#0"}
			}
		},
		{
			"from": [13.75, 0.101, 11.5025],
			"to": [14.5, 0.201, 12.4975],
			"rotation": {"angle": -22.5, "axis": "y", "origin": [12, 0.1, 12]},
			"faces": {
				"east": {"uv": [2, 0.5, 2.995, 0.6], "texture": "#0"},
				"west": {"uv": [2, 0.5, 2.995, 0.6], "texture": "#0"},
				"up": {"uv": [2, 0.5, 2.995, 1.25], "rotation": 90, "texture": "#0"},
				"down": {"uv": [2, 0.5, 2.995, 1.25], "rotation": 270, "texture": "#0"}
			}
		},
		{
			"from": [13.75, 0.1, 11.5025],
			"to": [14.5, 0.2, 12.4975],
			"rotation": {"angle": 45, "axis": "y", "origin": [12, 0.1, 12]},
			"faces": {
				"east": {"uv": [2, 0.5, 2.995, 0.6], "texture": "#0"},
				"west": {"uv": [2, 0.5, 2.995, 0.6], "texture": "#0"},
				"up": {"uv": [2, 0.5, 2.995, 1.25], "rotation": 90, "texture": "#0"},
				"down": {"uv": [2, 0.5, 2.995, 1.25], "rotation": 270, "texture": "#0"}
			}
		},
		{
			"from": [11.5025, 0.1, 9.5],
			"to": [12.4975, 0.2, 10.25],
			"rotation": {"angle": 45, "axis": "y", "origin": [12, 0.1, 12]},
			"faces": {
				"north": {"uv": [2, 0.5, 2.995, 0.6], "texture": "#0"},
				"south": {"uv": [2, 0.5, 2.995, 0.6], "texture": "#0"},
				"up": {"uv": [2, 0.5, 2.995, 1.25], "texture": "#0"},
				"down": {"uv": [2, 0.5, 2.995, 1.25], "texture": "#0"}
			}
		},
		{
			"from": [11.5025, 0.101, 9.5],
			"to": [12.4975, 0.201, 10.25],
			"rotation": {"angle": 22.5, "axis": "y", "origin": [12, 0.1, 12]},
			"faces": {
				"north": {"uv": [2, 0.5, 2.995, 0.6], "texture": "#0"},
				"south": {"uv": [2, 0.5, 2.995, 0.6], "texture": "#0"},
				"up": {"uv": [2, 0.5, 2.995, 1.25], "texture": "#0"},
				"down": {"uv": [2, 0.5, 2.995, 1.25], "texture": "#0"}
			}
		},
		{
			"from": [11.5025, 0.101, 9.5],
			"to": [12.4975, 0.201, 10.25],
			"rotation": {"angle": -22.5, "axis": "y", "origin": [12, 0.1, 12]},
			"faces": {
				"north": {"uv": [2, 0.5, 2.995, 0.6], "texture": "#0"},
				"south": {"uv": [2, 0.5, 2.995, 0.6], "texture": "#0"},
				"up": {"uv": [2, 0.5, 2.995, 1.25], "texture": "#0"},
				"down": {"uv": [2, 0.5, 2.995, 1.25], "texture": "#0"}
			}
		},
		{
			"from": [11.5025, 0.1, 9.5],
			"to": [12.4975, 0.2, 10.25],
			"rotation": {"angle": 0, "axis": "y", "origin": [12, 0.1, 12]},
			"faces": {
				"north": {"uv": [2, 0.5, 2.995, 0.6], "texture": "#0"},
				"south": {"uv": [2, 0.5, 2.995, 0.6], "texture": "#0"},
				"up": {"uv": [2, 0.5, 2.995, 1.25], "texture": "#0"},
				"down": {"uv": [2, 0.5, 2.995, 1.25], "texture": "#0"}
			}
		},
		{
			"from": [10, 0.001, 11.602],
			"to": [14, 0.101, 12.398],
			"rotation": {"angle": -22.5, "axis": "y", "origin": [12, 0.1, 12]},
			"faces": {
				"east": {"uv": [2, 0.5, 2.796, 0.6], "texture": "#0"},
				"west": {"uv": [2, 0.5, 2.796, 0.6], "texture": "#0"},
				"up": {"uv": [2, 0.5, 2.796, 4.5], "rotation": 270, "texture": "#0"},
				"down": {"uv": [2, 0.5, 2.796, 4.5], "rotation": 90, "texture": "#0", "cullface": "down"}
			}
		},
		{
			"from": [11.602, 0.002, 10],
			"to": [12.398, 0.102, 14],
			"rotation": {"angle": 45, "axis": "y", "origin": [12, 0.1, 12]},
			"faces": {
				"north": {"uv": [2, 0.5, 2.796, 0.6], "texture": "#0"},
				"south": {"uv": [2, 0.5, 2.796, 0.6], "texture": "#0"},
				"up": {"uv": [2, 0.5, 2.796, 4.5], "texture": "#0"},
				"down": {"uv": [2, 0.5, 2.796, 4.5], "texture": "#0", "cullface": "down"}
			}
		},
		{
			"from": [11.602, 0.003, 10],
			"to": [12.398, 0.103, 14],
			"rotation": {"angle": 22.5, "axis": "y", "origin": [12, 0.1, 12]},
			"faces": {
				"north": {"uv": [2, 0.5, 2.796, 0.6], "texture": "#0"},
				"south": {"uv": [2, 0.5, 2.796, 0.6], "texture": "#0"},
				"up": {"uv": [2, 0.5, 2.796, 4.5], "texture": "#0"},
				"down": {"uv": [2, 0.5, 2.796, 4.5], "texture": "#0", "cullface": "down"}
			}
		},
		{
			"from": [10, 0.007, 11.602],
			"to": [14, 0.107, 12.398],
			"rotation": {"angle": 22.5, "axis": "y", "origin": [12, 0.1, 12]},
			"faces": {
				"east": {"uv": [2, 0.5, 2.796, 0.6], "texture": "#0"},
				"west": {"uv": [2, 0.5, 2.796, 0.6], "texture": "#0"},
				"up": {"uv": [2, 0.5, 2.796, 4.5], "rotation": 90, "texture": "#0"},
				"down": {"uv": [2, 0.5, 2.796, 4.5], "rotation": 270, "texture": "#0", "cullface": "down"}
			}
		},
		{
			"from": [11.602, 0.006, 10],
			"to": [12.398, 0.106, 14],
			"rotation": {"angle": -45, "axis": "y", "origin": [12, 0.1, 12]},
			"faces": {
				"north": {"uv": [2, 0.5, 2.796, 0.6], "texture": "#0"},
				"south": {"uv": [2, 0.5, 2.796, 0.6], "texture": "#0"},
				"up": {"uv": [2, 0.5, 2.796, 4.5], "texture": "#0"},
				"down": {"uv": [2, 0.5, 2.796, 4.5], "texture": "#0", "cullface": "down"}
			}
		},
		{
			"from": [11.602, 0.005, 10],
			"to": [12.398, 0.105, 14],
			"rotation": {"angle": -22.5, "axis": "y", "origin": [12, 0.1, 12]},
			"faces": {
				"north": {"uv": [2, 0.5, 2.796, 0.6], "texture": "#0"},
				"south": {"uv": [2, 0.5, 2.796, 0.6], "texture": "#0"},
				"up": {"uv": [2, 0.5, 2.796, 4.5], "texture": "#0"},
				"down": {"uv": [2, 0.5, 2.796, 4.5], "texture": "#0", "cullface": "down"}
			}
		},
		{
			"from": [10, 0, 11.602],
			"to": [14, 0.1, 12.398],
			"rotation": {"angle": 0, "axis": "y", "origin": [12, 0.1, 12]},
			"faces": {
				"east": {"uv": [2, 0.5, 2.796, 0.6], "texture": "#0"},
				"west": {"uv": [2, 0.5, 2.796, 0.6], "texture": "#0"},
				"up": {"uv": [2, 0.5, 2.796, 4.5], "rotation": 90, "texture": "#0"},
				"down": {"uv": [2, 0.5, 2.796, 4.5], "rotation": 270, "texture": "#0", "cullface": "down"}
			}
		},
		{
			"from": [11.602, 0.004, 10],
			"to": [12.398, 0.104, 14],
			"rotation": {"angle": 0, "axis": "y", "origin": [12, 0.1, 12]},
			"faces": {
				"north": {"uv": [2, 0.5, 2.796, 0.6], "texture": "#0"},
				"south": {"uv": [2, 0.5, 2.796, 0.6], "texture": "#0"},
				"up": {"uv": [2, 0.5, 2.796, 4.5], "texture": "#0"},
				"down": {"uv": [2, 0.5, 2.796, 4.5], "texture": "#0", "cullface": "down"}
			}
		},
		{
			"from": [2.5025, 0.1, 0.5],
			"to": [3.4975, 0.2, 1.25],
			"rotation": {"angle": 0, "axis": "y", "origin": [3, 0.1, 3]},
			"faces": {
				"north": {"uv": [2, 0.5, 2.995, 0.6], "texture": "#0"},
				"south": {"uv": [2, 0.5, 2.995, 0.6], "texture": "#0"},
				"up": {"uv": [2, 0.5, 2.995, 1.25], "texture": "#0"},
				"down": {"uv": [2, 0.5, 2.995, 1.25], "texture": "#0"}
			}
		},
		{
			"from": [2.5025, 0.101, 0.5],
			"to": [3.4975, 0.201, 1.25],
			"rotation": {"angle": -22.5, "axis": "y", "origin": [3, 0.1, 3]},
			"faces": {
				"north": {"uv": [2, 0.5, 2.995, 0.6], "texture": "#0"},
				"south": {"uv": [2, 0.5, 2.995, 0.6], "texture": "#0"},
				"up": {"uv": [2, 0.5, 2.995, 1.25], "texture": "#0"},
				"down": {"uv": [2, 0.5, 2.995, 1.25], "texture": "#0"}
			}
		},
		{
			"from": [2.5025, 0.101, 0.5],
			"to": [3.4975, 0.201, 1.25],
			"rotation": {"angle": 22.5, "axis": "y", "origin": [3, 0.1, 3]},
			"faces": {
				"north": {"uv": [2, 0.5, 2.995, 0.6], "texture": "#0"},
				"south": {"uv": [2, 0.5, 2.995, 0.6], "texture": "#0"},
				"up": {"uv": [2, 0.5, 2.995, 1.25], "texture": "#0"},
				"down": {"uv": [2, 0.5, 2.995, 1.25], "texture": "#0"}
			}
		},
		{
			"from": [2.5025, 0.1, 0.5],
			"to": [3.4975, 0.2, 1.25],
			"rotation": {"angle": 45, "axis": "y", "origin": [3, 0.1, 3]},
			"faces": {
				"north": {"uv": [2, 0.5, 2.995, 0.6], "texture": "#0"},
				"south": {"uv": [2, 0.5, 2.995, 0.6], "texture": "#0"},
				"up": {"uv": [2, 0.5, 2.995, 1.25], "texture": "#0"},
				"down": {"uv": [2, 0.5, 2.995, 1.25], "texture": "#0"}
			}
		},
		{
			"from": [4.75, 0.1, 2.5025],
			"to": [5.5, 0.2, 3.4975],
			"rotation": {"angle": 0, "axis": "y", "origin": [3, 0.1, 3]},
			"faces": {
				"east": {"uv": [2, 0.5, 2.995, 0.6], "texture": "#0"},
				"west": {"uv": [2, 0.5, 2.995, 0.6], "texture": "#0"},
				"up": {"uv": [2, 0.5, 2.995, 1.25], "rotation": 90, "texture": "#0"},
				"down": {"uv": [2, 0.5, 2.995, 1.25], "rotation": 270, "texture": "#0"}
			}
		},
		{
			"from": [4.75, 0.101, 2.5025],
			"to": [5.5, 0.201, 3.4975],
			"rotation": {"angle": 22.5, "axis": "y", "origin": [3, 0.1, 3]},
			"faces": {
				"east": {"uv": [2, 0.5, 2.995, 0.6], "texture": "#0"},
				"west": {"uv": [2, 0.5, 2.995, 0.6], "texture": "#0"},
				"up": {"uv": [2, 0.5, 2.995, 1.25], "rotation": 90, "texture": "#0"},
				"down": {"uv": [2, 0.5, 2.995, 1.25], "rotation": 270, "texture": "#0"}
			}
		},
		{
			"from": [4.75, 0.101, 2.5025],
			"to": [5.5, 0.201, 3.4975],
			"rotation": {"angle": -22.5, "axis": "y", "origin": [3, 0.1, 3]},
			"faces": {
				"east": {"uv": [2, 0.5, 2.995, 0.6], "texture": "#0"},
				"west": {"uv": [2, 0.5, 2.995, 0.6], "texture": "#0"},
				"up": {"uv": [2, 0.5, 2.995, 1.25], "rotation": 90, "texture": "#0"},
				"down": {"uv": [2, 0.5, 2.995, 1.25], "rotation": 270, "texture": "#0"}
			}
		},
		{
			"from": [4.75, 0.1, 2.5025],
			"to": [5.5, 0.2, 3.4975],
			"rotation": {"angle": 45, "axis": "y", "origin": [3, 0.1, 3]},
			"faces": {
				"east": {"uv": [2, 0.5, 2.995, 0.6], "texture": "#0"},
				"west": {"uv": [2, 0.5, 2.995, 0.6], "texture": "#0"},
				"up": {"uv": [2, 0.5, 2.995, 1.25], "rotation": 90, "texture": "#0"},
				"down": {"uv": [2, 0.5, 2.995, 1.25], "rotation": 270, "texture": "#0"}
			}
		},
		{
			"from": [4.75, 0.1, 2.5025],
			"to": [5.5, 0.2, 3.4975],
			"rotation": {"angle": -45, "axis": "y", "origin": [3, 0.1, 3]},
			"faces": {
				"east": {"uv": [1.5, 2, 2.495, 2.1], "texture": "#0"},
				"west": {"uv": [1.5, 2, 2.495, 2.1], "texture": "#0"},
				"up": {"uv": [2, 0.5, 2.995, 1.25], "rotation": 90, "texture": "#0"},
				"down": {"uv": [2, 0.5, 2.995, 1.25], "rotation": 270, "texture": "#0"}
			}
		},
		{
			"from": [2.5025, 0.101, 4.75],
			"to": [3.4975, 0.201, 5.5],
			"rotation": {"angle": 22.5, "axis": "y", "origin": [3, 0.1, 3]},
			"faces": {
				"north": {"uv": [2, 0.5, 2.995, 0.6], "texture": "#0"},
				"south": {"uv": [2, 0.5, 2.995, 0.6], "texture": "#0"},
				"up": {"uv": [2, 0.5, 2.995, 1.25], "rotation": 180, "texture": "#0"},
				"down": {"uv": [2, 0.5, 2.995, 1.25], "rotation": 180, "texture": "#0"}
			}
		},
		{
			"from": [2.5025, 0.1, 4.75],
			"to": [3.4975, 0.2, 5.5],
			"rotation": {"angle": 0, "axis": "y", "origin": [3, 0.1, 3]},
			"faces": {
				"north": {"uv": [2, 0.5, 2.995, 0.6], "texture": "#0"},
				"south": {"uv": [2, 0.5, 2.995, 0.6], "texture": "#0"},
				"up": {"uv": [2, 0.5, 2.995, 1.25], "rotation": 180, "texture": "#0"},
				"down": {"uv": [2, 0.5, 2.995, 1.25], "rotation": 180, "texture": "#0"}
			}
		},
		{
			"from": [2.5025, 0.101, 4.75],
			"to": [3.4975, 0.201, 5.5],
			"rotation": {"angle": -22.5, "axis": "y", "origin": [3, 0.1, 3]},
			"faces": {
				"north": {"uv": [2, 0.5, 2.995, 0.6], "texture": "#0"},
				"south": {"uv": [2, 0.5, 2.995, 0.6], "texture": "#0"},
				"up": {"uv": [2, 0.5, 2.995, 1.25], "rotation": 180, "texture": "#0"},
				"down": {"uv": [2, 0.5, 2.995, 1.25], "rotation": 180, "texture": "#0"}
			}
		},
		{
			"from": [0.5, 0.1, 2.5025],
			"to": [1.25, 0.2, 3.4975],
			"rotation": {"angle": 0, "axis": "y", "origin": [3, 0.1, 3]},
			"faces": {
				"east": {"uv": [2, 0.5, 2.995, 0.6], "texture": "#0"},
				"west": {"uv": [2, 0.5, 2.995, 0.6], "texture": "#0"},
				"up": {"uv": [2, 0.5, 2.995, 1.25], "rotation": 270, "texture": "#0"},
				"down": {"uv": [2, 0.5, 2.995, 1.25], "rotation": 90, "texture": "#0"}
			}
		},
		{
			"from": [0.5, 0.101, 2.5025],
			"to": [1.25, 0.201, 3.4975],
			"rotation": {"angle": 22.5, "axis": "y", "origin": [3, 0.1, 3]},
			"faces": {
				"east": {"uv": [2, 0.5, 2.995, 0.6], "texture": "#0"},
				"west": {"uv": [2, 0.5, 2.995, 0.6], "texture": "#0"},
				"up": {"uv": [2, 0.5, 2.995, 1.25], "rotation": 270, "texture": "#0"},
				"down": {"uv": [2, 0.5, 2.995, 1.25], "rotation": 90, "texture": "#0"}
			}
		},
		{
			"from": [0.5, 0.101, 2.5025],
			"to": [1.25, 0.201, 3.4975],
			"rotation": {"angle": -22.5, "axis": "y", "origin": [3, 0.1, 3]},
			"faces": {
				"east": {"uv": [2, 0.5, 2.995, 0.6], "texture": "#0"},
				"west": {"uv": [2, 0.5, 2.995, 0.6], "texture": "#0"},
				"up": {"uv": [2, 0.5, 2.995, 1.25], "rotation": 270, "texture": "#0"},
				"down": {"uv": [2, 0.5, 2.995, 1.25], "rotation": 90, "texture": "#0"}
			}
		},
		{
			"from": [2.5025, 0.1, 4.75],
			"to": [3.4975, 0.2, 5.5],
			"rotation": {"angle": -45, "axis": "y", "origin": [3, 0.1, 3]},
			"faces": {
				"north": {"uv": [2, 0.5, 2.995, 0.6], "texture": "#0"},
				"south": {"uv": [2, 0.5, 2.995, 0.6], "texture": "#0"},
				"up": {"uv": [2, 0.5, 2.995, 1.25], "rotation": 180, "texture": "#0"},
				"down": {"uv": [2, 0.5, 2.995, 1.25], "rotation": 180, "texture": "#0"}
			}
		},
		{
			"from": [1, 0, 2.602],
			"to": [5, 0.1, 3.398],
			"rotation": {"angle": 0, "axis": "y", "origin": [3, 0.1, 3]},
			"faces": {
				"east": {"uv": [2, 0.5, 2.796, 0.6], "texture": "#0"},
				"west": {"uv": [2, 0.5, 2.796, 0.6], "texture": "#0"},
				"up": {"uv": [2, 0.5, 2.796, 4.5], "rotation": 90, "texture": "#0"},
				"down": {"uv": [2, 0.5, 2.796, 4.5], "rotation": 270, "texture": "#0", "cullface": "down"}
			}
		},
		{
			"from": [2.602, 0.005, 1],
			"to": [3.398, 0.105, 5],
			"rotation": {"angle": -22.5, "axis": "y", "origin": [3, 0.1, 3]},
			"faces": {
				"north": {"uv": [2, 0.5, 2.796, 0.6], "texture": "#0"},
				"south": {"uv": [2, 0.5, 2.796, 0.6], "texture": "#0"},
				"up": {"uv": [2, 0.5, 2.796, 4.5], "texture": "#0"},
				"down": {"uv": [2, 0.5, 2.796, 4.5], "texture": "#0", "cullface": "down"}
			}
		},
		{
			"from": [2.602, 0.006, 1],
			"to": [3.398, 0.106, 5],
			"rotation": {"angle": -45, "axis": "y", "origin": [3, 0.1, 3]},
			"faces": {
				"north": {"uv": [2, 0.5, 2.796, 0.6], "texture": "#0"},
				"south": {"uv": [2, 0.5, 2.796, 0.6], "texture": "#0"},
				"up": {"uv": [2, 0.5, 2.796, 4.5], "texture": "#0"},
				"down": {"uv": [2, 0.5, 2.796, 4.5], "texture": "#0", "cullface": "down"}
			}
		},
		{
			"from": [1, 0.007, 2.602],
			"to": [5, 0.107, 3.398],
			"rotation": {"angle": 22.5, "axis": "y", "origin": [3, 0.1, 3]},
			"faces": {
				"east": {"uv": [2, 0.5, 2.796, 0.6], "texture": "#0"},
				"west": {"uv": [2, 0.5, 2.796, 0.6], "texture": "#0"},
				"up": {"uv": [2, 0.5, 2.796, 4.5], "rotation": 90, "texture": "#0"},
				"down": {"uv": [2, 0.5, 2.796, 4.5], "rotation": 270, "texture": "#0", "cullface": "down"}
			}
		},
		{
			"from": [2.602, 0.003, 1],
			"to": [3.398, 0.103, 5],
			"rotation": {"angle": 22.5, "axis": "y", "origin": [3, 0.1, 3]},
			"faces": {
				"north": {"uv": [2, 0.5, 2.796, 0.6], "texture": "#0"},
				"south": {"uv": [2, 0.5, 2.796, 0.6], "texture": "#0"},
				"up": {"uv": [2, 0.5, 2.796, 4.5], "texture": "#0"},
				"down": {"uv": [2, 0.5, 2.796, 4.5], "texture": "#0", "cullface": "down"}
			}
		},
		{
			"from": [2.602, 0.002, 1],
			"to": [3.398, 0.102, 5],
			"rotation": {"angle": 45, "axis": "y", "origin": [3, 0.1, 3]},
			"faces": {
				"north": {"uv": [2, 0.5, 2.796, 0.6], "texture": "#0"},
				"south": {"uv": [2, 0.5, 2.796, 0.6], "texture": "#0"},
				"up": {"uv": [2, 0.5, 2.796, 4.5], "texture": "#0"},
				"down": {"uv": [2, 0.5, 2.796, 4.5], "texture": "#0", "cullface": "down"}
			}
		},
		{
			"from": [1, 0.001, 2.602],
			"to": [5, 0.101, 3.398],
			"rotation": {"angle": -22.5, "axis": "y", "origin": [3, 0.1, 3]},
			"faces": {
				"east": {"uv": [2, 0.5, 2.796, 0.6], "texture": "#0"},
				"west": {"uv": [2, 0.5, 2.796, 0.6], "texture": "#0"},
				"up": {"uv": [2, 0.5, 2.796, 4.5], "rotation": 270, "texture": "#0"},
				"down": {"uv": [2, 0.5, 2.796, 4.5], "rotation": 90, "texture": "#0", "cullface": "down"}
			}
		},
		{
			"from": [6.5, 0.001, -2],
			"to": [16, 0.001, 3.5],
			"rotation": {"angle": -22.5, "axis": "y", "origin": [0, 0, 0]},
			"faces": {
				"up": {"uv": [10.5, 0, 16, 9.5], "rotation": 90, "texture": "#0"},
				"down": {"uv": [10.5, 0, 16, 9.5], "rotation": 90, "texture": "#0", "cullface": "down"}
			}
		},
		{
			"from": [3, 0, 11],
			"to": [8, 2, 14],
			"faces": {
				"north": {"uv": [11, 11, 16, 13], "texture": "#0"},
				"east": {"uv": [8, 9, 10, 12], "rotation": 90, "texture": "#0"},
				"south": {"uv": [11, 13.5, 16, 15.5], "texture": "#0"},
				"west": {"uv": [8, 9, 10, 12], "rotation": 90, "texture": "#0"},
				"up": {"uv": [5.5, 12.5, 10.5, 15.5], "texture": "#0"},
				"down": {"uv": [5.5, 12.5, 10.5, 15.5], "texture": "#0", "cullface": "down"}
			}
		},
		{
			"from": [3.001, -3.44415, 9.9674],
			"to": [3.001, -2.94415, 12.0384],
			"rotation": {"angle": -22.5, "axis": "x", "origin": [0.00041, -3.44415, 0.9674]},
			"faces": {
				"east": {"uv": [6.5, 13.5, 8.571, 14], "texture": "#0"},
				"west": {"uv": [6.5, 13.5, 8.571, 14], "texture": "#0"}
			}
		},
		{
			"from": [1.05101, 0, 12.57596],
			"to": [1.05101, 0.5, 14.64696],
			"rotation": {"angle": 45, "axis": "y", "origin": [-1.94899, -0.02351, 3.57596]},
			"faces": {
				"east": {"uv": [6.5, 13.5, 8.571, 14], "texture": "#0"},
				"west": {"uv": [6.5, 13.5, 8.571, 14], "texture": "#0"}
			}
		},
		{
			"from": [7.999, -3.44415, 9.9674],
			"to": [7.999, -2.94415, 12.0384],
			"rotation": {"angle": -22.5, "axis": "x", "origin": [0.00041, -3.44415, 0.9674]},
			"faces": {
				"east": {"uv": [6.5, 13.5, 8.571, 14], "texture": "#0"},
				"west": {"uv": [6.5, 13.5, 8.571, 14], "texture": "#0"}
			}
		},
		{
			"from": [4.46513, 0, 7.81761],
			"to": [6.53613, 0.5, 7.81761],
			"rotation": {"angle": 0, "axis": "y", "origin": [-4.53487, -0.02351, 10.81761]},
			"faces": {
				"north": {"uv": [7, 13.5, 9.071, 14], "texture": "#0"},
				"south": {"uv": [7, 13.5, 9.071, 14], "texture": "#0"}
			}
		},
		{
			"from": [-2.36394, 0, 2.33262],
			"to": [-0.29294, 0.5, 2.33262],
			"rotation": {"angle": 45, "axis": "y", "origin": [8.70706, -0.02351, -0.66738]},
			"faces": {
				"north": {"uv": [7, 13.5, 9.071, 14], "texture": "#0"},
				"south": {"uv": [7, 13.5, 9.071, 14], "texture": "#0"}
			}
		}
	]
}