{
	"credit": "Made with Blockbench",
	"ambientocclusion": false,
	"textures": {
		"particle": "blocks/glass_black",
		"bars": "blocks/glass_black"
	},
	"elements": [
		{
			"from": [7.5, 0, 0],
			"to": [8.5, 16, 0.5],
			"faces": {
				"north": {"uv": [7.5, 0, 8.5, 16], "texture": "#bars"},
				"east": {"uv": [15.5, 0, 16, 16], "texture": "#bars"},
				"south": {"uv": [7.5, 0, 8.5, 16], "texture": "#bars"},
				"west": {"uv": [0.5, 0, 0, 16], "texture": "#bars"},
				"up": {"uv": [7.5, 0, 8.5, 0.5], "texture": "#bars"},
				"down": {"uv": [7.5, 15.5, 8.5, 16], "texture": "#bars"}
			}
		},
		{
			"from": [7.5, 0.5, 1.5],
			"to": [8.5, 15.5, 2.5],
			"faces": {
				"north": {"uv": [7.5, 0.5, 8.5, 15.5], "texture": "#bars"},
				"east": {"uv": [13.5, 0.5, 14.5, 15.5], "texture": "#bars"},
				"south": {"uv": [7.5, 0.5, 8.5, 15.5], "texture": "#bars"},
				"west": {"uv": [1.5, 0.5, 2.5, 15.5], "texture": "#bars"}
			}
		},
		{
			"from": [7.5, 0.5, 5.5],
			"to": [8.5, 15.5, 6.5],
			"faces": {
				"north": {"uv": [7.5, 0.5, 8.5, 15.5], "texture": "#bars"},
				"east": {"uv": [9.5, 0.5, 10.5, 15.5], "texture": "#bars"},
				"south": {"uv": [7.5, 0.5, 8.5, 15.5], "texture": "#bars"},
				"west": {"uv": [6.5, 0.5, 5.5, 15.5], "texture": "#bars"}
			}
		},
		{
			"from": [7.5, 0.5, 3.5],
			"to": [8.5, 15.5, 4.5],
			"faces": {
				"north": {"uv": [7.5, 0.5, 8.5, 15.5], "texture": "#bars"},
				"east": {"uv": [11.5, 0.5, 12.5, 15.5], "texture": "#bars"},
				"south": {"uv": [7.5, 0.5, 8.5, 15.5], "texture": "#bars"},
				"west": {"uv": [4.5, 0.5, 3.5, 15.5], "texture": "#bars"}
			}
		},
		{
			"from": [7.5, 15.5, 0.5],
			"to": [8.5, 16, 7.5],
			"faces": {
				"east": {"uv": [8.5, 0, 15.5, 0.5], "texture": "#bars"},
				"west": {"uv": [0.5, 0, 7.5, 0.5], "texture": "#bars"},
				"up": {"uv": [7.5, 0.5, 8.5, 7.5], "texture": "#bars"},
				"down": {"uv": [8.5, 15.5, 7.5, 8.5], "texture": "#bars"}
			}
		},
		{
			"from": [7.5, 0, 0.5],
			"to": [8.5, 0.5, 7.5],
			"faces": {
				"east": {"uv": [8.5, 15.5, 15.5, 16], "texture": "#bars"},
				"west": {"uv": [0.5, 15.5, 7.5, 16], "texture": "#bars"},
				"up": {"uv": [7.5, 0.5, 8.5, 7.5], "texture": "#bars"},
				"down": {"uv": [8.5, 15.5, 7.5, 9], "texture": "#bars"}
			}
		}
	]
}