{
	"credit": "Made with Blockbench",
	"ambientocclusion": false,
	"textures": {
		"particle": "blocks/glass_black",
		"bars": "blocks/glass_black"
	},
	"elements": [
		{
			"from": [7.5, 0, 7.5],
			"to": [8.5, 16, 8.5],
			"faces": {
				"north": {"uv": [7.5, 0, 8.5, 16], "texture": "#bars"},
				"east": {"uv": [7.5, 0, 8.5, 16], "texture": "#bars"},
				"south": {"uv": [8.5, 0, 7.5, 16], "texture": "#bars"},
				"west": {"uv": [8.5, 0, 7.5, 16], "texture": "#bars"},
				"up": {"uv": [7.5, 7.5, 8.5, 8.5], "texture": "#bars"},
				"down": {"uv": [7.5, 7.5, 8.5, 8.5], "texture": "#bars"}
			}
		}
	]
}