{
	"credit": "Made with Blockbench",
	"parent": "block/thin_block",
	"textures": {
		"0": "blocks/iron_trapdoor",
		"particle": "blocks/iron_trapdoor"
	},
	"elements": [
		{
			"from": [0, 0, 14],
			"to": [2, 16, 16],
			"rotation": {"angle": 0, "axis": "x", "origin": [8, 0, 16]},
			"faces": {
				"north": {"uv": [0, 0, 2, 16], "rotation": 180, "texture": "#0"},
				"east": {"uv": [16, 16, 14, 0], "rotation": 180, "texture": "#0"},
				"south": {"uv": [0, 0, 2, 16], "texture": "#0"},
				"west": {"uv": [0, 16, 2, 0], "rotation": 180, "texture": "#0"},
				"up": {"uv": [14, 0, 16, 2], "rotation": 180, "texture": "#0"},
				"down": {"uv": [0, 14, 2, 16], "texture": "#0"}
			}
		},
		{
			"from": [2, 14, 14],
			"to": [14, 16, 16],
			"rotation": {"angle": 0, "axis": "x", "origin": [8, 0, 16]},
			"faces": {
				"north": {"uv": [2, 14, 14, 16], "rotation": 180, "texture": "#0"},
				"south": {"uv": [2.5, 0, 14.5, 2], "texture": "#0"},
				"up": {"uv": [2, 0, 14, 2], "rotation": 180, "texture": "#0"},
				"down": {"uv": [2, 14, 14, 16], "texture": "#0"}
			}
		},
		{
			"from": [2, 0, 14],
			"to": [14, 2, 16],
			"rotation": {"angle": 0, "axis": "x", "origin": [8, 0, 16]},
			"faces": {
				"north": {"uv": [2, 0, 14, 2], "rotation": 180, "texture": "#0"},
				"south": {"uv": [2, 14, 14, 16], "texture": "#0"},
				"up": {"uv": [2, 0, 14, 2], "rotation": 180, "texture": "#0"},
				"down": {"uv": [2, 14, 14, 16], "texture": "#0"}
			}
		},
		{
			"from": [14, 0, 14],
			"to": [16, 16, 16],
			"rotation": {"angle": 0, "axis": "x", "origin": [8, 0, 16]},
			"faces": {
				"north": {"uv": [14, 0, 16, 16], "rotation": 180, "texture": "#0"},
				"east": {"uv": [14, 0, 16, 16], "texture": "#0"},
				"south": {"uv": [14, 0, 16, 16], "texture": "#0"},
				"west": {"uv": [0, 16, 2, 0], "rotation": 180, "texture": "#0"},
				"up": {"uv": [0, 0, 2, 2], "rotation": 180, "texture": "#0"},
				"down": {"uv": [14, 16, 16, 14], "rotation": 90, "texture": "#0"}
			}
		},
		{
			"from": [4, 2, 15],
			"to": [4.5, 14, 15.5],
			"rotation": {"angle": 0, "axis": "x", "origin": [8, 0, 16]},
			"faces": {
				"north": {"uv": [4, 2, 4.5, 14], "rotation": 180, "texture": "#0"},
				"east": {"uv": [4, 2, 4.5, 14], "texture": "#0"},
				"south": {"uv": [4, 2, 4.5, 14], "texture": "#0"},
				"west": {"uv": [4, 2, 4.5, 14], "rotation": 180, "texture": "#0"}
			}
		},
		{
			"from": [2, 11.5, 14.5],
			"to": [14, 12, 15],
			"rotation": {"angle": 0, "axis": "x", "origin": [8, 0, 16]},
			"faces": {
				"north": {"uv": [2, 4, 14, 4.5], "texture": "#0"},
				"south": {"uv": [2, 4, 14, 4.5], "rotation": 180, "texture": "#0"},
				"up": {"uv": [2, 4, 14, 4.5], "texture": "#0"},
				"down": {"uv": [2, 4, 14, 4.5], "rotation": 180, "texture": "#0"}
			}
		},
		{
			"from": [2, 9, 14.5],
			"to": [14, 9.5, 15],
			"rotation": {"angle": 0, "axis": "x", "origin": [8, 0, 16]},
			"faces": {
				"north": {"uv": [2, 6.5, 14, 7], "texture": "#0"},
				"south": {"uv": [2, 6.5, 14, 7], "rotation": 180, "texture": "#0"},
				"up": {"uv": [2, 6.5, 14, 7], "texture": "#0"},
				"down": {"uv": [2, 6.5, 14, 7], "rotation": 180, "texture": "#0"}
			}
		},
		{
			"from": [2, 6.5, 14.5],
			"to": [14, 7, 15],
			"rotation": {"angle": 0, "axis": "x", "origin": [8, 0, 16]},
			"faces": {
				"north": {"uv": [2, 9, 14, 9.5], "texture": "#0"},
				"south": {"uv": [2, 9, 14, 9.5], "rotation": 180, "texture": "#0"},
				"up": {"uv": [2, 9, 14, 9.5], "texture": "#0"},
				"down": {"uv": [2, 9, 14, 9.5], "rotation": 180, "texture": "#0"}
			}
		},
		{
			"from": [2, 4, 14.5],
			"to": [14, 4.5, 15],
			"rotation": {"angle": 0, "axis": "x", "origin": [8, 0, 16]},
			"faces": {
				"north": {"uv": [2, 11.5, 14, 12], "texture": "#0"},
				"south": {"uv": [2, 11.5, 14, 12], "rotation": 180, "texture": "#0"},
				"up": {"uv": [2, 11.5, 14, 12], "texture": "#0"},
				"down": {"uv": [2, 11.5, 14, 12], "rotation": 180, "texture": "#0"}
			}
		},
		{
			"from": [11.5, 2, 15],
			"to": [12, 14, 15.5],
			"rotation": {"angle": 0, "axis": "x", "origin": [8, 0, 16]},
			"faces": {
				"north": {"uv": [11.5, 2, 12, 14], "rotation": 180, "texture": "#0"},
				"east": {"uv": [11.5, 2, 12, 14], "texture": "#0"},
				"south": {"uv": [11.5, 2, 12, 14], "texture": "#0"},
				"west": {"uv": [11.5, 2, 12, 14], "rotation": 180, "texture": "#0"}
			}
		},
		{
			"from": [9, 2, 15],
			"to": [9.5, 14, 15.5],
			"rotation": {"angle": 0, "axis": "x", "origin": [8, 0, 16]},
			"faces": {
				"north": {"uv": [9, 2, 9.5, 14], "rotation": 180, "texture": "#0"},
				"east": {"uv": [9, 2, 9.5, 14], "texture": "#0"},
				"south": {"uv": [9, 2, 9.5, 14], "texture": "#0"},
				"west": {"uv": [9, 2, 9.5, 14], "rotation": 180, "texture": "#0"}
			}
		},
		{
			"from": [6.5, 2, 15],
			"to": [7, 14, 15.5],
			"rotation": {"angle": 0, "axis": "x", "origin": [8, 0, 16]},
			"faces": {
				"north": {"uv": [6.5, 2, 7, 14], "rotation": 180, "texture": "#0"},
				"east": {"uv": [6.5, 2, 7, 14], "texture": "#0"},
				"south": {"uv": [6.5, 2, 7, 14], "texture": "#0"},
				"west": {"uv": [6.5, 2, 7, 14], "rotation": 180, "texture": "#0"}
			}
		}
	]
}