{
	"credit": "Made with Blockbench",
	"ambientocclusion": false,
	"texture_size": [32, 32],
	"textures": {
		"2": "blocks/door_iron"
	},
	"elements": [
		{
			"from": [0, 0, 0],
			"to": [1, 16, 16],
			"faces": {
				"north": {"uv": [9, 0, 8.5, 8], "texture": "#2"},
				"east": {"uv": [0, 0, 8, 8], "texture": "#2"},
				"south": {"uv": [10.5, 0, 11, 8], "texture": "#2"},
				"west": {"uv": [8, 0, 0, 8], "texture": "#2"},
				"up": {"uv": [8, 0, 8.5, 8], "texture": "#2"}
			}
		},
		{
			"from": [-0.1, 1, 1],
			"to": [0, 2, 2],
			"rotation": {"angle": 0, "axis": "y", "origin": [0, 14, 8]},
			"faces": {
				"north": {"uv": [11.3, 14.5, 11.25, 15], "texture": "#2"},
				"south": {"uv": [12, 15.5, 12.05, 16], "texture": "#2"},
				"west": {"uv": [12.75, 14.75, 12.25, 15.25], "texture": "#2"},
				"up": {"uv": [11.25, 15.25, 11.3, 15.75], "texture": "#2"},
				"down": {"uv": [11.75, 14.25, 11.8, 14.75], "texture": "#2"}
			}
		},
		{
			"from": [1, 1, 1],
			"to": [1.1, 2, 2],
			"rotation": {"angle": 0, "axis": "y", "origin": [0, 14, 8]},
			"faces": {
				"north": {"uv": [12, 15.5, 12.05, 16], "texture": "#2"},
				"east": {"uv": [12.75, 14.75, 12.25, 15.25], "texture": "#2"},
				"south": {"uv": [11.3, 14.5, 11.25, 15], "texture": "#2"},
				"up": {"uv": [11.25, 15.25, 11.3, 15.75], "rotation": 180, "texture": "#2"},
				"down": {"uv": [11.75, 14.25, 11.8, 14.75], "rotation": 180, "texture": "#2"}
			}
		}
	]
}