{
	"credit": "Made with Blockbench",
	"parent": "block/thin_block",
	"textures": {
		"0": "blocks/iron_trapdoor",
		"particle": "blocks/iron_trapdoor"
	},
	"elements": [
		{
			"from": [0, 0, 0],
			"to": [2, 2, 16],
			"faces": {
				"north": {"uv": [14, 0, 16, 2], "texture": "#0"},
				"east": {"uv": [16, 16, 14, 0], "rotation": 270, "texture": "#0"},
				"south": {"uv": [0, 14, 2, 16], "texture": "#0"},
				"west": {"uv": [0, 16, 2, 0], "rotation": 90, "texture": "#0"},
				"up": {"uv": [0, 0, 2, 16], "texture": "#0"},
				"down": {"uv": [0, 0, 2, 16], "texture": "#0"}
			}
		},
		{
			"from": [2, 0, 0],
			"to": [14, 2, 2],
			"faces": {
				"north": {"uv": [2, 0, 14, 2], "texture": "#0"},
				"south": {"uv": [2, 14, 14, 16], "texture": "#0"},
				"up": {"uv": [2.5, 0, 14.5, 2], "texture": "#0"},
				"down": {"uv": [2, 14, 14, 16], "texture": "#0"}
			}
		},
		{
			"from": [2, 0, 14],
			"to": [14, 2, 16],
			"faces": {
				"north": {"uv": [2, 0, 14, 2], "texture": "#0"},
				"south": {"uv": [2, 14, 14, 16], "texture": "#0"},
				"up": {"uv": [2, 14, 14, 16], "texture": "#0"},
				"down": {"uv": [2, 0, 14, 2], "texture": "#0"}
			}
		},
		{
			"from": [14, 0, 0],
			"to": [16, 2, 16],
			"faces": {
				"north": {"uv": [0, 0, 2, 2], "texture": "#0"},
				"east": {"uv": [14, 0, 16, 16], "rotation": 90, "texture": "#0"},
				"south": {"uv": [14, 16, 16, 14], "rotation": 90, "texture": "#0"},
				"west": {"uv": [0, 16, 2, 0], "rotation": 90, "texture": "#0"},
				"up": {"uv": [14, 0, 16, 16], "texture": "#0"},
				"down": {"uv": [14, 0, 16, 16], "texture": "#0"}
			}
		},
		{
			"from": [4, 1, 2],
			"to": [4.5, 1.5, 14],
			"faces": {
				"east": {"uv": [4, 2, 4.5, 14], "rotation": 90, "texture": "#0"},
				"west": {"uv": [4, 2, 4.5, 14], "rotation": 90, "texture": "#0"},
				"up": {"uv": [4, 2, 4.5, 14], "texture": "#0"},
				"down": {"uv": [4, 2, 4.5, 14], "texture": "#0"}
			}
		},
		{
			"from": [2, 0.5, 4],
			"to": [14, 1, 4.5],
			"rotation": {"angle": 0, "axis": "y", "origin": [8, 0, 8]},
			"faces": {
				"north": {"uv": [2, 4, 14, 4.5], "rotation": 180, "texture": "#0"},
				"south": {"uv": [2, 4, 14, 4.5], "rotation": 180, "texture": "#0"},
				"up": {"uv": [2, 4, 14, 4.5], "rotation": 180, "texture": "#0"},
				"down": {"uv": [2, 4, 14, 4.5], "rotation": 180, "texture": "#0"}
			}
		},
		{
			"from": [2, 0.5, 6.5],
			"to": [14, 1, 7],
			"rotation": {"angle": 0, "axis": "y", "origin": [8, 0, 8]},
			"faces": {
				"north": {"uv": [2, 6.5, 14, 7], "rotation": 180, "texture": "#0"},
				"south": {"uv": [2, 6.5, 14, 7], "rotation": 180, "texture": "#0"},
				"up": {"uv": [2, 6.5, 14, 7], "rotation": 180, "texture": "#0"},
				"down": {"uv": [2, 6.5, 14, 7], "rotation": 180, "texture": "#0"}
			}
		},
		{
			"from": [2, 0.5, 9],
			"to": [14, 1, 9.5],
			"rotation": {"angle": 0, "axis": "y", "origin": [8, 0, 8]},
			"faces": {
				"north": {"uv": [2, 9, 14, 9.5], "rotation": 180, "texture": "#0"},
				"south": {"uv": [2, 9, 14, 9.5], "rotation": 180, "texture": "#0"},
				"up": {"uv": [2, 9, 14, 9.5], "rotation": 180, "texture": "#0"},
				"down": {"uv": [2, 9, 14, 9.5], "rotation": 180, "texture": "#0"}
			}
		},
		{
			"from": [2, 0.5, 11.5],
			"to": [14, 1, 12],
			"rotation": {"angle": 0, "axis": "y", "origin": [8, 0, 8]},
			"faces": {
				"north": {"uv": [2, 11.5, 14, 12], "rotation": 180, "texture": "#0"},
				"south": {"uv": [2, 11.5, 14, 12], "rotation": 180, "texture": "#0"},
				"up": {"uv": [2, 11.5, 14, 12], "rotation": 180, "texture": "#0"},
				"down": {"uv": [2, 11.5, 14, 12], "rotation": 180, "texture": "#0"}
			}
		},
		{
			"from": [11.5, 1, 2],
			"to": [12, 1.5, 14],
			"faces": {
				"east": {"uv": [11.5, 2, 12, 14], "rotation": 90, "texture": "#0"},
				"west": {"uv": [11.5, 2, 12, 14], "rotation": 90, "texture": "#0"},
				"up": {"uv": [11.5, 2, 12, 14], "texture": "#0"},
				"down": {"uv": [11.5, 2, 12, 14], "texture": "#0"}
			}
		},
		{
			"from": [9, 1, 2],
			"to": [9.5, 1.5, 14],
			"faces": {
				"east": {"uv": [9, 2, 9.5, 14], "rotation": 90, "texture": "#0"},
				"west": {"uv": [9, 2, 9.5, 14], "rotation": 90, "texture": "#0"},
				"up": {"uv": [9, 2, 9.5, 14], "texture": "#0"},
				"down": {"uv": [9, 2, 9.5, 14], "texture": "#0"}
			}
		},
		{
			"from": [6.5, 1, 2],
			"to": [7, 1.5, 14],
			"faces": {
				"east": {"uv": [6.5, 2, 7, 14], "rotation": 90, "texture": "#0"},
				"west": {"uv": [6.5, 2, 7, 14], "rotation": 90, "texture": "#0"},
				"up": {"uv": [6.5, 2, 7, 14], "texture": "#0"},
				"down": {"uv": [6.5, 2, 7, 14], "texture": "#0"}
			}
		}
	]
}