{
	"credit": "Made with Blockbench",
	"textures": {
		"0": "blocks/planks_oak",
		"1": "blocks/tryapka",
		"2": "blocks/glass_black",
		"particle": "blocks/planks_oak"
	},
	"elements": [
		{
			"from": [1.6, 10.5, 9],
			"to": [1.8, 11, 9.1],
			"rotation": {"angle": 0, "axis": "y", "origin": [-0.8, 3, 1.2]},
			"faces": {
				"east": {"uv": [14, 7, 14.1, 7.5], "texture": "#2"},
				"south": {"uv": [10.5, 6.5, 10.7, 7], "texture": "#2"},
				"up": {"uv": [8, 11.5, 8.2, 11.6], "texture": "#2"},
				"down": {"uv": [5.05, 11.5, 5.25, 11.6], "texture": "#2"}
			}
		},
		{
			"from": [1.6, 11.5, 9],
			"to": [1.8, 12, 9.1],
			"rotation": {"angle": 0, "axis": "y", "origin": [-0.8, 4, 1.2]},
			"faces": {
				"east": {"uv": [10.5, 14, 10.6, 14.5], "texture": "#2"},
				"south": {"uv": [10.5, 6.5, 10.7, 7], "texture": "#2"},
				"up": {"uv": [8, 11.5, 8.2, 11.6], "texture": "#2"},
				"down": {"uv": [5.05, 11.5, 5.25, 11.6], "texture": "#2"}
			}
		},
		{
			"from": [1.7, 11, 9],
			"to": [1.8, 11.5, 12],
			"rotation": {"angle": -22.5, "axis": "y", "origin": [1.75, 11, 9.05]},
			"faces": {
				"north": {"uv": [12, 8.5, 12.1, 9], "texture": "#2"},
				"east": {"uv": [7, 6, 10, 6.5], "texture": "#2"},
				"south": {"uv": [10.5, 12.5, 10.6, 13], "texture": "#2"},
				"west": {"uv": [11, 10, 14, 10.5], "texture": "#2"},
				"up": {"uv": [6, 10.5, 9, 10.6], "rotation": 90, "texture": "#2"},
				"down": {"uv": [3.05, 10.5, 6.05, 10.6], "rotation": 270, "texture": "#2"}
			}
		},
		{
			"from": [1.2, 10.5, 9],
			"to": [1.6, 12, 9.1],
			"rotation": {"angle": 0, "axis": "y", "origin": [-0.8, 4, 1.2]},
			"faces": {
				"east": {"uv": [10, 14.5, 10.1, 16], "texture": "#2"},
				"south": {"uv": [7.5, 8, 7.9, 9.5], "texture": "#2"},
				"west": {"uv": [11.5, 7, 11.6, 8.5], "texture": "#2"},
				"up": {"uv": [5, 13, 5.4, 13.1], "texture": "#2"},
				"down": {"uv": [2.05, 13, 2.45, 13.1], "texture": "#2"}
			}
		},
		{
			"from": [1.6, 3.5, 9],
			"to": [1.8, 4, 9.1],
			"rotation": {"angle": 0, "axis": "y", "origin": [-0.8, -4, 1.2]},
			"faces": {
				"east": {"uv": [10.5, 5.5, 10.6, 6], "texture": "#2"},
				"south": {"uv": [7, 5, 7.2, 5.5], "texture": "#2"},
				"up": {"uv": [4.5, 10, 4.7, 10.1], "texture": "#2"},
				"down": {"uv": [1.55, 10, 1.75, 10.1], "texture": "#2"}
			}
		},
		{
			"from": [1.6, 4.5, 9],
			"to": [1.8, 5, 9.1],
			"rotation": {"angle": 0, "axis": "y", "origin": [-0.8, -3, 1.2]},
			"faces": {
				"east": {"uv": [7, 12.5, 7.1, 13], "texture": "#2"},
				"south": {"uv": [7, 5, 7.2, 5.5], "texture": "#2"},
				"up": {"uv": [4.5, 10, 4.7, 10.1], "texture": "#2"},
				"down": {"uv": [1.55, 10, 1.75, 10.1], "texture": "#2"}
			}
		},
		{
			"from": [1.7, 4, 9],
			"to": [1.8, 4.5, 12],
			"rotation": {"angle": -22.5, "axis": "y", "origin": [1.75, 11, 9.05]},
			"faces": {
				"north": {"uv": [11, 4, 11.1, 4.5], "texture": "#2"},
				"east": {"uv": [6.5, 7.5, 9.5, 8], "texture": "#2"},
				"south": {"uv": [9, 12, 9.1, 12.5], "texture": "#2"},
				"west": {"uv": [9.5, 9.5, 12.5, 10], "texture": "#2"},
				"up": {"uv": [4.5, 10, 7.5, 10.1], "rotation": 90, "texture": "#2"},
				"down": {"uv": [1.55, 10, 4.55, 10.1], "rotation": 270, "texture": "#2"}
			}
		},
		{
			"from": [1.1, 0, 7],
			"to": [2, 16, 9],
			"rotation": {"angle": 0, "axis": "y", "origin": [-7, 0, 0]},
			"faces": {
				"north": {"uv": [7, 0, 7.9, 16], "texture": "#0"},
				"east": {"uv": [5, 0, 7, 16], "texture": "#0"},
				"south": {"uv": [9.1, 0, 10, 16], "texture": "#0"},
				"west": {"uv": [10, 0, 12, 16], "texture": "#0"},
				"up": {"uv": [5.6, 4, 6.5, 6], "texture": "#0"},
				"down": {"uv": [9.6, 7.5, 10.5, 9.5], "texture": "#0"}
			}
		},
		{
			"from": [-0.025, 13.8, 6.975],
			"to": [2.025, 14, 9.025],
			"rotation": {"angle": 0, "axis": "y", "origin": [-7, 0, 0]},
			"faces": {
				"north": {"uv": [6.5, 5, 8.55, 5.2], "texture": "#1"},
				"east": {"uv": [5, 7.5, 7.05, 7.7], "texture": "#1"},
				"south": {"uv": [3, 2.5, 5.05, 2.7], "texture": "#1"},
				"west": {"uv": [0, 7, 2.05, 7.2], "texture": "#1"}
			}
		},
		{
			"from": [-0.025, 2.8, 6.975],
			"to": [2.025, 3, 9.025],
			"rotation": {"angle": 0, "axis": "y", "origin": [-7, 0, 0]},
			"faces": {
				"north": {"uv": [6.5, 5, 8.55, 5.2], "texture": "#1"},
				"east": {"uv": [5, 7.5, 7.05, 7.7], "texture": "#1"},
				"south": {"uv": [3, 2.5, 5.05, 2.7], "texture": "#1"},
				"west": {"uv": [0, 7, 2.05, 7.2], "texture": "#1"}
			}
		},
		{
			"from": [0, 0, 7],
			"to": [1, 16, 9],
			"rotation": {"angle": 0, "axis": "y", "origin": [-7, 0, 0]},
			"faces": {
				"north": {"uv": [6, 0, 7, 16], "texture": "#0"},
				"east": {"uv": [13.5, 0, 15.5, 16], "texture": "#0"},
				"south": {"uv": [7, 0, 8, 16], "texture": "#0"},
				"west": {"uv": [1, 0, 3, 16], "texture": "#0"},
				"up": {"uv": [9.5, 4, 10.5, 6], "texture": "#0"},
				"down": {"uv": [6.5, 7, 7.5, 9], "texture": "#0"}
			}
		},
		{
			"from": [15.1, 0, 7],
			"to": [16, 16, 9],
			"rotation": {"angle": 0, "axis": "y", "origin": [7, 0, 0]},
			"faces": {
				"north": {"uv": [7, 0, 7.9, 16], "texture": "#0"},
				"east": {"uv": [5, 0, 7, 16], "texture": "#0"},
				"south": {"uv": [9.1, 0, 10, 16], "texture": "#0"},
				"west": {"uv": [10, 0, 12, 16], "texture": "#0"},
				"up": {"uv": [5.6, 4, 6.5, 6], "texture": "#0"},
				"down": {"uv": [9.6, 7.5, 10.5, 9.5], "texture": "#0"}
			}
		},
		{
			"from": [13.975, 13.8, 6.975],
			"to": [16.025, 14, 9.025],
			"rotation": {"angle": 0, "axis": "y", "origin": [7, 0, 0]},
			"faces": {
				"north": {"uv": [6.5, 5, 8.55, 5.2], "texture": "#1"},
				"east": {"uv": [5, 7.5, 7.05, 7.7], "texture": "#1"},
				"south": {"uv": [3, 2.5, 5.05, 2.7], "texture": "#1"},
				"west": {"uv": [0, 7, 2.05, 7.2], "texture": "#1"}
			}
		},
		{
			"from": [13.975, 2.8, 6.975],
			"to": [16.025, 3, 9.025],
			"rotation": {"angle": 0, "axis": "y", "origin": [7, 0, 0]},
			"faces": {
				"north": {"uv": [6.5, 5, 8.55, 5.2], "texture": "#1"},
				"east": {"uv": [5, 7.5, 7.05, 7.7], "texture": "#1"},
				"south": {"uv": [3, 2.5, 5.05, 2.7], "texture": "#1"},
				"west": {"uv": [0, 7, 2.05, 7.2], "texture": "#1"}
			}
		},
		{
			"from": [14, 0, 7],
			"to": [15, 16, 9],
			"rotation": {"angle": 0, "axis": "y", "origin": [7, 0, 0]},
			"faces": {
				"north": {"uv": [6, 0, 7, 16], "texture": "#0"},
				"east": {"uv": [13.5, 0, 15.5, 16], "texture": "#0"},
				"south": {"uv": [7, 0, 8, 16], "texture": "#0"},
				"west": {"uv": [1, 0, 3, 16], "texture": "#0"},
				"up": {"uv": [9.5, 4, 10.5, 6], "texture": "#0"},
				"down": {"uv": [6.5, 7, 7.5, 9], "texture": "#0"}
			}
		},
		{
			"from": [1.8, 0, 10.3],
			"to": [2.8, 16, 20.3],
			"rotation": {"angle": -22.5, "axis": "y", "origin": [1.75, 11, 9.05]},
			"faces": {
				"north": {"uv": [3, 0, 4, 16], "texture": "#0"},
				"east": {"uv": [5.5, 0, 15.5, 16], "texture": "#0"},
				"south": {"uv": [6, 0, 7, 16], "texture": "#0"},
				"west": {"uv": [15.5, 0, 5.5, 16], "texture": "#0"},
				"up": {"uv": [5.5, 1.5, 15.5, 2.5], "rotation": 270, "texture": "#0"},
				"down": {"uv": [15.5, 11.5, 5.5, 12.5], "rotation": 270, "texture": "#0"}
			}
		},
		{
			"from": [1.2, 3.5, 9],
			"to": [1.6, 5, 9.1],
			"rotation": {"angle": 0, "axis": "y", "origin": [-0.8, -3, 1.2]},
			"faces": {
				"east": {"uv": [9.5, 11.5, 9.6, 13], "texture": "#2"},
				"south": {"uv": [7, 5, 7.4, 6.5], "texture": "#2"},
				"west": {"uv": [11, 4, 11.1, 5.5], "texture": "#2"},
				"up": {"uv": [4.5, 10, 4.9, 10.1], "texture": "#2"},
				"down": {"uv": [1.55, 10, 1.95, 10.1], "texture": "#2"}
			}
		}
	]
}