{
	"credit": "Made with Blockbench",
	"textures": {
		"0": "blocks/planks_oak",
		"particle": "blocks/planks_oak"
	},
	"elements": [
		{
			"from": [7.5, 0, 3],
			"to": [8.5, 16, 4.5],
			"faces": {
				"north": {"uv": [7.5, 0, 8.5, 16], "texture": "#0"},
				"east": {"uv": [13, 0, 14.5, 16], "texture": "#0"},
				"south": {"uv": [7.5, 0, 8.5, 16], "texture": "#0"},
				"west": {"uv": [2.5, 0, 4, 16], "texture": "#0"},
				"up": {"uv": [6, 5.5, 7, 7], "texture": "#0"},
				"down": {"uv": [10.5, 14, 11.5, 16], "texture": "#0"}
			}
		},
		{
			"from": [7.5, 0, 5],
			"to": [8.5, 16, 6.5],
			"faces": {
				"north": {"uv": [7.5, 0, 8.5, 16], "texture": "#0"},
				"east": {"uv": [9.5, 0, 11, 16], "texture": "#0"},
				"south": {"uv": [7.5, 0, 8.5, 16], "texture": "#0"},
				"west": {"uv": [5, 0, 6.5, 16], "texture": "#0"},
				"up": {"uv": [7, 5, 8, 6.5], "texture": "#0"},
				"down": {"uv": [9.5, 7.5, 10.5, 9.5], "texture": "#0"}
			}
		},
		{
			"from": [7.5, 0, 1],
			"to": [8.5, 16, 2.5],
			"faces": {
				"north": {"uv": [7.5, 0, 8.5, 16], "texture": "#0"},
				"east": {"uv": [13.5, 0, 15, 16], "texture": "#0"},
				"south": {"uv": [7.5, 0, 8.5, 16], "texture": "#0"},
				"west": {"uv": [1, 0, 2.5, 16], "texture": "#0"},
				"up": {"uv": [6, 0, 7, 1.5], "texture": "#0"},
				"down": {"uv": [10, 3, 11, 5], "texture": "#0"}
			}
		},
		{
			"from": [7.5, 0, 0],
			"to": [8.5, 16, 0.5],
			"faces": {
				"north": {"uv": [7.5, 0, 8.5, 16], "texture": "#0"},
				"east": {"uv": [15.5, 0, 16, 16], "texture": "#0"},
				"south": {"uv": [7.5, 0, 8.5, 16], "texture": "#0"},
				"west": {"uv": [1.5, 0, 2, 16], "texture": "#0"},
				"up": {"uv": [10, 2, 11, 2.5], "texture": "#0"},
				"down": {"uv": [2, 11, 3, 11.5], "texture": "#0"}
			}
		},
		{
			"from": [7.1, 7, 0],
			"to": [7.6, 9, 8],
			"faces": {
				"north": {"uv": [9.4, 6.5, 9.9, 8.5], "texture": "#0"},
				"east": {"uv": [1.5, 1, 3.5, 9], "rotation": 90, "texture": "#0"},
				"west": {"uv": [9.5, 8, 11.5, 16], "rotation": 90, "texture": "#0"},
				"up": {"uv": [6.5, 0.05, 7, 8.05], "texture": "#0"},
				"down": {"uv": [6.5, 8, 7, 16], "texture": "#0"}
			}
		},
		{
			"from": [8.4, 7, 0],
			"to": [8.9, 9, 8],
			"faces": {
				"north": {"uv": [7.1, 7, 7.6, 9], "texture": "#0"},
				"east": {"uv": [5.5, 0, 7.5, 8], "rotation": 90, "texture": "#0"},
				"west": {"uv": [9.5, 8, 11.5, 16], "rotation": 90, "texture": "#0"},
				"up": {"uv": [9, 0.05, 9.5, 8.05], "texture": "#0"},
				"down": {"uv": [9, 8, 9.5, 16], "texture": "#0"}
			}
		}
	]
}