{
	"credit": "Made with Blockbench",
	"ambientocclusion": false,
	"textures": {
		"0": "blocks/planks_acacia",
		"particle": "blocks/planks_acacia"
	},
	"elements": [
		{
			"from": [4.94975, 13.65685, 7.4991],
			"to": [5.65685, 20.99138, 8.4989],
			"shade": false,
			"rotation": {"angle": -45, "axis": "z", "origin": [5.65685, 5.65685, 8]},
			"faces": {
				"north": {"uv": [5, 2, 5.7071, 9.33453], "texture": "#0"},
				"east": {"uv": [8, 8.83453, 9, 1.5], "texture": "#0"},
				"south": {"uv": [3, 2, 3.7071, 9.33453], "texture": "#0"},
				"west": {"uv": [12, 4.5, 13, 11.83453], "texture": "#0"}
			}
		},
		{
			"from": [4.94975, -2.34315, 7.4991],
			"to": [5.65685, 13.65685, 8.4989],
			"shade": false,
			"rotation": {"angle": -45, "axis": "z", "origin": [5.65685, 5.65685, 8]},
			"faces": {
				"north": {"uv": [7, 0, 7.7071, 16], "texture": "#0"},
				"east": {"uv": [11, 16, 12, 0], "texture": "#0"},
				"south": {"uv": [9, 0, 9.7071, 16], "texture": "#0"},
				"west": {"uv": [13, 0, 14, 16], "texture": "#0"}
			}
		}
	]
}