{
	"credit": "Made with Blockbench",
	"textures": {
		"0": "blocks/planks_oak",
		"1": "blocks/tryapka",
		"particle": "blocks/planks_oak"
	},
	"elements": [
		{
			"from": [7, 0, 7],
			"to": [8, 16, 9],
			"faces": {
				"north": {"uv": [6, 0, 7, 16], "texture": "#0"},
				"east": {"uv": [13.5, 0, 15.5, 16], "texture": "#0"},
				"south": {"uv": [7, 0, 8, 16], "texture": "#0"},
				"west": {"uv": [1, 0, 3, 16], "texture": "#0"},
				"up": {"uv": [9.5, 4, 10.5, 6], "texture": "#0"},
				"down": {"uv": [6.5, 7, 7.5, 9], "texture": "#0"}
			}
		},
		{
			"from": [6.975, 2.8, 6.975],
			"to": [9.025, 3, 9.025],
			"faces": {
				"north": {"uv": [6.5, 5, 8.55, 5.2], "texture": "#1"},
				"east": {"uv": [5, 7.5, 7.05, 7.7], "texture": "#1"},
				"south": {"uv": [3, 2.5, 5.05, 2.7], "texture": "#1"},
				"west": {"uv": [0, 7, 2.05, 7.2], "texture": "#1"}
			}
		},
		{
			"from": [6.975, 13.8, 6.975],
			"to": [9.025, 14, 9.025],
			"faces": {
				"north": {"uv": [6.5, 5, 8.55, 5.2], "texture": "#1"},
				"east": {"uv": [5, 7.5, 7.05, 7.7], "texture": "#1"},
				"south": {"uv": [3, 2.5, 5.05, 2.7], "texture": "#1"},
				"west": {"uv": [0, 7, 2.05, 7.2], "texture": "#1"}
			}
		},
		{
			"from": [8.1, 0, 7],
			"to": [9, 16, 9],
			"faces": {
				"north": {"uv": [7, 0, 7.9, 16], "texture": "#0"},
				"east": {"uv": [5, 0, 7, 16], "texture": "#0"},
				"south": {"uv": [9.1, 0, 10, 16], "texture": "#0"},
				"west": {"uv": [10, 0, 12, 16], "texture": "#0"},
				"up": {"uv": [5.6, 4, 6.5, 6], "texture": "#0"},
				"down": {"uv": [9.6, 7.5, 10.5, 9.5], "texture": "#0"}
			}
		}
	]
}