{
	"credit": "Made with Blockbench",
	"texture_size": [32, 32],
	"textures": {
		"1": "blocks/laboratory",
		"particle": "blocks/laboratory"
	},
	"elements": [
		{
			"from": [6.5, 0, 15.75],
			"to": [9, 0.025, 16],
			"rotation": {"angle": 22.5, "axis": "y", "origin": [0, 0, 0]},
			"faces": {
				"north": {"uv": [3.25, 3.75, 4.5, 3.7625], "texture": "#1"},
				"east": {"uv": [3.25, 3.75, 3.375, 3.7625], "texture": "#1"},
				"south": {"uv": [3.25, 3.75, 4.5, 3.7625], "texture": "#1"},
				"west": {"uv": [3.25, 3.75, 3.375, 3.7625], "texture": "#1"},
				"up": {"uv": [3.25, 3.75, 4.5, 3.875], "texture": "#1"},
				"down": {"uv": [3.25, 3.75, 4.5, 3.875], "texture": "#1", "cullface": "down"}
			}
		},
		{
			"from": [8, 0, 5.5],
			"to": [8.25, 0.025, 8],
			"faces": {
				"north": {"uv": [3.25, 3.75, 3.375, 3.7625], "texture": "#1"},
				"east": {"uv": [3.25, 3.75, 4.5, 3.7625], "texture": "#1"},
				"south": {"uv": [3.25, 3.75, 3.375, 3.7625], "texture": "#1"},
				"west": {"uv": [3.25, 3.75, 4.5, 3.7625], "texture": "#1"},
				"up": {"uv": [3.25, 3.75, 4.5, 3.875], "rotation": 90, "texture": "#1"},
				"down": {"uv": [3.25, 3.75, 4.5, 3.875], "rotation": 270, "texture": "#1", "cullface": "down"}
			}
		},
		{
			"from": [2.55, 1, 3.45],
			"to": [13.55, 6.75, 8.45],
			"rotation": {"angle": 22.5, "axis": "y", "origin": [6.05, 3.8125, 6.5]},
			"faces": {
				"north": {"uv": [0, 0, 5.5, 2.875], "texture": "#1"},
				"east": {"uv": [0, 0, 2.5, 2.875], "texture": "#1"},
				"south": {"uv": [0, 0, 5.5, 2.875], "texture": "#1"},
				"west": {"uv": [0, 0, 2.5, 2.875], "texture": "#1"},
				"up": {"uv": [10.5, 8.75, 16, 11.25], "rotation": 180, "texture": "#1"},
				"down": {"uv": [0, 0, 2.5, 5.5], "rotation": 270, "texture": "#1"}
			}
		},
		{
			"from": [3.05, 0, 6.95],
			"to": [4.05, 0.5, 7.95],
			"rotation": {"angle": 22.5, "axis": "y", "origin": [6.05, 3.8125, 6.5]},
			"faces": {
				"north": {"uv": [14, 9.75, 14.5, 10], "texture": "#1"},
				"east": {"uv": [14, 9.75, 14.5, 10], "texture": "#1"},
				"south": {"uv": [14, 9.75, 14.5, 10], "texture": "#1"},
				"west": {"uv": [14, 9.75, 14.5, 10], "texture": "#1"},
				"up": {"uv": [14.5, 10.5, 15, 11], "rotation": 90, "texture": "#1"},
				"down": {"uv": [14.5, 10.5, 15, 11], "rotation": 270, "texture": "#1", "cullface": "down"}
			}
		},
		{
			"from": [12.3, 0.5, 4.2],
			"to": [12.8, 1, 4.7],
			"rotation": {"angle": 22.5, "axis": "y", "origin": [6.05, 3.8125, 6.5]},
			"faces": {
				"north": {"uv": [14, 9.75, 14.25, 10], "texture": "#1"},
				"east": {"uv": [14, 9.75, 14.25, 10], "texture": "#1"},
				"south": {"uv": [14, 9.75, 14.25, 10], "texture": "#1"},
				"west": {"uv": [14, 9.75, 14.25, 10], "texture": "#1"}
			}
		},
		{
			"from": [12.05, 0, 3.95],
			"to": [13.05, 0.5, 4.95],
			"rotation": {"angle": 22.5, "axis": "y", "origin": [6.05, 3.8125, 6.5]},
			"faces": {
				"north": {"uv": [14, 9.75, 14.5, 10], "texture": "#1"},
				"east": {"uv": [14, 9.75, 14.5, 10], "texture": "#1"},
				"south": {"uv": [14, 9.75, 14.5, 10], "texture": "#1"},
				"west": {"uv": [14, 9.75, 14.5, 10], "texture": "#1"},
				"up": {"uv": [14.5, 10.5, 15, 11], "rotation": 90, "texture": "#1"},
				"down": {"uv": [14.5, 10.5, 15, 11], "rotation": 270, "texture": "#1", "cullface": "down"}
			}
		},
		{
			"from": [12.3, 0.5, 7.2],
			"to": [12.8, 1, 7.7],
			"rotation": {"angle": 22.5, "axis": "y", "origin": [6.05, 3.8125, 6.5]},
			"faces": {
				"north": {"uv": [14, 9.75, 14.25, 10], "texture": "#1"},
				"east": {"uv": [14, 9.75, 14.25, 10], "texture": "#1"},
				"south": {"uv": [14, 9.75, 14.25, 10], "texture": "#1"},
				"west": {"uv": [14, 9.75, 14.25, 10], "texture": "#1"}
			}
		},
		{
			"from": [12.05, 0, 6.95],
			"to": [13.05, 0.5, 7.95],
			"rotation": {"angle": 22.5, "axis": "y", "origin": [6.05, 3.8125, 6.5]},
			"faces": {
				"north": {"uv": [14, 9.75, 14.5, 10], "texture": "#1"},
				"east": {"uv": [14, 9.75, 14.5, 10], "texture": "#1"},
				"south": {"uv": [14, 9.75, 14.5, 10], "texture": "#1"},
				"west": {"uv": [14, 9.75, 14.5, 10], "texture": "#1"},
				"up": {"uv": [14.5, 10.5, 15, 11], "rotation": 90, "texture": "#1"},
				"down": {"uv": [14.5, 10.5, 15, 11], "rotation": 270, "texture": "#1", "cullface": "down"}
			}
		},
		{
			"from": [3.3, 0.5, 4.2],
			"to": [3.8, 1, 4.7],
			"rotation": {"angle": 22.5, "axis": "y", "origin": [6.05, 3.8125, 6.5]},
			"faces": {
				"north": {"uv": [14, 9.75, 14.25, 10], "texture": "#1"},
				"east": {"uv": [14, 9.75, 14.25, 10], "texture": "#1"},
				"south": {"uv": [14, 9.75, 14.25, 10], "texture": "#1"},
				"west": {"uv": [14, 9.75, 14.25, 10], "texture": "#1"}
			}
		},
		{
			"from": [3.05, 0, 3.95],
			"to": [4.05, 0.5, 4.95],
			"rotation": {"angle": 22.5, "axis": "y", "origin": [6.05, 3.8125, 6.5]},
			"faces": {
				"north": {"uv": [14, 9.75, 14.5, 10], "texture": "#1"},
				"east": {"uv": [14, 9.75, 14.5, 10], "texture": "#1"},
				"south": {"uv": [14, 9.75, 14.5, 10], "texture": "#1"},
				"west": {"uv": [14, 9.75, 14.5, 10], "texture": "#1"},
				"up": {"uv": [14.5, 10.5, 15, 11], "rotation": 90, "texture": "#1"},
				"down": {"uv": [14.5, 10.5, 15, 11], "rotation": 270, "texture": "#1", "cullface": "down"}
			}
		},
		{
			"from": [3.3, 0.5, 7.2],
			"to": [3.8, 1, 7.7],
			"rotation": {"angle": 22.5, "axis": "y", "origin": [6.05, 3.8125, 6.5]},
			"faces": {
				"north": {"uv": [14, 9.75, 14.25, 10], "texture": "#1"},
				"east": {"uv": [14, 9.75, 14.25, 10], "texture": "#1"},
				"south": {"uv": [14, 9.75, 14.25, 10], "texture": "#1"},
				"west": {"uv": [14, 9.75, 14.25, 10], "texture": "#1"}
			}
		},
		{
			"from": [9.55, 1.5, 8.45],
			"to": [12.55, 6, 8.55],
			"rotation": {"angle": 22.5, "axis": "y", "origin": [6.05, 3.8125, 6.5]},
			"faces": {
				"east": {"uv": [5.75, 4.5, 5.8, 6.75], "texture": "#1"},
				"south": {"uv": [8.25, 10, 9.75, 12.25], "texture": "#1"},
				"west": {"uv": [5.75, 4.5, 5.8, 6.75], "texture": "#1"},
				"up": {"uv": [5.75, 4.5, 5.8, 6], "rotation": 90, "texture": "#1"},
				"down": {"uv": [5.75, 4.5, 5.8, 6], "rotation": 270, "texture": "#1"}
			}
		},
		{
			"from": [5.05, 6.9, 8.45],
			"to": [5.55, 7.5, 8.55],
			"rotation": {"angle": 22.5, "axis": "y", "origin": [6.05, 3.8125, 6.5]},
			"faces": {
				"north": {"uv": [12.75, 9.5, 13, 9.8], "texture": "#1"},
				"east": {"uv": [14.75, 10, 14.8, 10.3], "texture": "#1"},
				"south": {"uv": [14, 10, 14.25, 10.3], "texture": "#1"},
				"west": {"uv": [14.75, 10, 14.8, 10.3], "texture": "#1"},
				"up": {"uv": [14.75, 10, 14.8, 10.25], "rotation": 90, "texture": "#1"},
				"down": {"uv": [14.75, 10, 14.8, 10.25], "rotation": 270, "texture": "#1"}
			}
		},
		{
			"from": [5.25, 6.4, 8.45],
			"to": [5.35, 6.9, 8.55],
			"rotation": {"angle": 22.5, "axis": "y", "origin": [6.05, 3.8125, 6.5]},
			"faces": {
				"north": {"uv": [4, 4, 4.05, 4.25], "texture": "#1"},
				"east": {"uv": [14.75, 10, 14.8, 10.25], "texture": "#1"},
				"south": {"uv": [14, 10, 14.05, 10.25], "texture": "#1"},
				"west": {"uv": [14.75, 10, 14.8, 10.25], "texture": "#1"},
				"up": {"uv": [14.75, 10, 14.8, 10.05], "rotation": 90, "texture": "#1"},
				"down": {"uv": [14.75, 10, 14.8, 10.05], "rotation": 270, "texture": "#1"}
			}
		},
		{
			"from": [5.15, 5.9, 8.45],
			"to": [5.45, 6.4, 8.65],
			"rotation": {"angle": 22.5, "axis": "y", "origin": [6.05, 3.8125, 6.5]},
			"faces": {
				"east": {"uv": [14.75, 10, 14.85, 10.25], "texture": "#1"},
				"south": {"uv": [14, 10, 14.15, 10.25], "texture": "#1"},
				"west": {"uv": [14.75, 10, 14.85, 10.25], "texture": "#1"},
				"up": {"uv": [14.75, 10, 14.85, 10.15], "rotation": 90, "texture": "#1"},
				"down": {"uv": [14.75, 10, 14.85, 10.15], "rotation": 270, "texture": "#1"}
			}
		},
		{
			"from": [8.55, 6.75, 3.45],
			"to": [13.55, 7.75, 8.45],
			"rotation": {"angle": 22.5, "axis": "y", "origin": [6.05, 3.8125, 6.5]},
			"faces": {
				"north": {"uv": [11, 0.75, 13.5, 1.25], "texture": "#1"},
				"east": {"uv": [11, 0.75, 13.5, 1.25], "texture": "#1"},
				"south": {"uv": [11, 0.75, 13.5, 1.25], "texture": "#1"},
				"west": {"uv": [11, 0.75, 13.5, 1.25], "texture": "#1"},
				"up": {"uv": [11, 0.75, 13.5, 3.25], "rotation": 90, "texture": "#1"}
			}
		},
		{
			"from": [2.55, 7, 3.45],
			"to": [8.3, 7.75, 8.45],
			"rotation": {"angle": 22.5, "axis": "y", "origin": [6.05, 3.8125, 6.5]},
			"faces": {
				"north": {"uv": [8.5, 1, 11.375, 1.375], "texture": "#1"},
				"east": {"uv": [8.5, 1, 11, 1.375], "texture": "#1"},
				"south": {"uv": [8.5, 1, 11.375, 1.375], "texture": "#1"},
				"west": {"uv": [8.5, 1, 11, 1.375], "texture": "#1"},
				"up": {"uv": [8.5, 1, 11, 3.875], "rotation": 90, "texture": "#1"},
				"down": {"uv": [8.5, 1, 11, 3.875], "rotation": 270, "texture": "#1"}
			}
		},
		{
			"from": [2.8, 6.75, 3.7],
			"to": [8.05, 7, 8.2],
			"rotation": {"angle": 22.5, "axis": "y", "origin": [6.05, 3.8125, 6.5]},
			"faces": {
				"north": {"uv": [12.5, 9.75, 15.125, 9.875], "texture": "#1"},
				"east": {"uv": [12.5, 9.75, 14.75, 9.875], "texture": "#1"},
				"south": {"uv": [12.5, 9.75, 15.125, 9.875], "texture": "#1"},
				"west": {"uv": [12.5, 9.75, 14.75, 9.875], "texture": "#1"}
			}
		},
		{
			"from": [3.30277, 0.1, 13.27082],
			"to": [3.47777, 0.8, 13.44582],
			"rotation": {"angle": 45, "axis": "y", "origin": [3.39027, 0.65, 13.35832]},
			"faces": {
				"north": {"uv": [4.5, 5.5, 4.5875, 5.85], "texture": "#1"},
				"east": {"uv": [4.5, 5.5, 4.5875, 5.85], "texture": "#1"},
				"south": {"uv": [4.5, 5.5, 4.5875, 5.85], "texture": "#1"},
				"west": {"uv": [4.5, 5.5, 4.5875, 5.85], "texture": "#1"}
			}
		},
		{
			"from": [3.27777, 0.8, 13.24582],
			"to": [3.50277, 0.9, 13.47082],
			"rotation": {"angle": 45, "axis": "y", "origin": [3.39027, 0.65, 13.35832]},
			"faces": {
				"north": {"uv": [13, 7, 13.1125, 7.05], "texture": "#1"},
				"east": {"uv": [13.5, 6.75, 13.6125, 6.8], "texture": "#1"},
				"south": {"uv": [14, 6, 14.1125, 6.05], "texture": "#1"},
				"west": {"uv": [12.5, 6.75, 12.6125, 6.8], "texture": "#1"},
				"up": {"uv": [13, 5.5, 13.1125, 5.6125], "rotation": 90, "texture": "#1"},
				"down": {"uv": [13, 5.5, 13.1125, 5.6125], "rotation": 270, "texture": "#1"}
			}
		},
		{
			"from": [3.10832, 0.1, 13.46527],
			"to": [3.28332, 0.8, 13.64027],
			"rotation": {"angle": 22.5, "axis": "y", "origin": [3.19582, 0.65, 13.55277]},
			"faces": {
				"north": {"uv": [4.5, 5.5, 4.5875, 5.85], "texture": "#1"},
				"east": {"uv": [4.5, 5.5, 4.5875, 5.85], "texture": "#1"},
				"south": {"uv": [4.5, 5.5, 4.5875, 5.85], "texture": "#1"},
				"west": {"uv": [4.5, 5.5, 4.5875, 5.85], "texture": "#1"}
			}
		},
		{
			"from": [3.08332, 0.8, 13.44027],
			"to": [3.30832, 0.9, 13.66527],
			"rotation": {"angle": 22.5, "axis": "y", "origin": [3.19582, 0.65, 13.55277]},
			"faces": {
				"north": {"uv": [13, 7, 13.1125, 7.05], "texture": "#1"},
				"east": {"uv": [13.5, 6.75, 13.6125, 6.8], "texture": "#1"},
				"south": {"uv": [14, 6, 14.1125, 6.05], "texture": "#1"},
				"west": {"uv": [12.5, 6.75, 12.6125, 6.8], "texture": "#1"},
				"up": {"uv": [13, 5.5, 13.1125, 5.6125], "rotation": 90, "texture": "#1"},
				"down": {"uv": [13, 5.5, 13.1125, 5.6125], "rotation": 270, "texture": "#1"}
			}
		},
		{
			"from": [3.30277, 0.1, 13.54582],
			"to": [3.47777, 0.8, 13.72082],
			"rotation": {"angle": 45, "axis": "y", "origin": [3.39027, 0.65, 13.35832]},
			"faces": {
				"north": {"uv": [4.5, 5.5, 4.5875, 5.85], "texture": "#1"},
				"east": {"uv": [4.5, 5.5, 4.5875, 5.85], "texture": "#1"},
				"south": {"uv": [4.5, 5.5, 4.5875, 5.85], "texture": "#1"},
				"west": {"uv": [4.5, 5.5, 4.5875, 5.85], "texture": "#1"}
			}
		},
		{
			"from": [3.27777, 0.8, 13.52082],
			"to": [3.50277, 0.9, 13.74582],
			"rotation": {"angle": 45, "axis": "y", "origin": [3.39027, 0.65, 13.35832]},
			"faces": {
				"north": {"uv": [13, 7, 13.1125, 7.05], "texture": "#1"},
				"east": {"uv": [13.5, 6.75, 13.6125, 6.8], "texture": "#1"},
				"south": {"uv": [14, 6, 14.1125, 6.05], "texture": "#1"},
				"west": {"uv": [12.5, 6.75, 12.6125, 6.8], "texture": "#1"},
				"up": {"uv": [13, 5.5, 13.1125, 5.6125], "rotation": 90, "texture": "#1"},
				"down": {"uv": [13, 5.5, 13.1125, 5.6125], "rotation": 270, "texture": "#1"}
			}
		},
		{
			"from": [3.69168, 0.1, 13.65973],
			"to": [3.86668, 0.8, 13.83473],
			"rotation": {"angle": 0, "axis": "y", "origin": [3.77918, 0.65, 13.74723]},
			"faces": {
				"north": {"uv": [4.5, 5.5, 4.5875, 5.85], "texture": "#1"},
				"east": {"uv": [4.5, 5.5, 4.5875, 5.85], "texture": "#1"},
				"south": {"uv": [4.5, 5.5, 4.5875, 5.85], "texture": "#1"},
				"west": {"uv": [4.5, 5.5, 4.5875, 5.85], "texture": "#1"}
			}
		},
		{
			"from": [3.66668, 0.8, 13.63473],
			"to": [3.89168, 0.9, 13.85973],
			"rotation": {"angle": 0, "axis": "y", "origin": [3.77918, 0.65, 13.74723]},
			"faces": {
				"north": {"uv": [13, 7, 13.1125, 7.05], "texture": "#1"},
				"east": {"uv": [13.5, 6.75, 13.6125, 6.8], "texture": "#1"},
				"south": {"uv": [14, 6, 14.1125, 6.05], "texture": "#1"},
				"west": {"uv": [12.5, 6.75, 12.6125, 6.8], "texture": "#1"},
				"up": {"uv": [13, 5.5, 13.1125, 5.6125], "rotation": 90, "texture": "#1"},
				"down": {"uv": [13, 5.5, 13.1125, 5.6125], "rotation": 270, "texture": "#1"}
			}
		},
		{
			"from": [3.1375, 0, 13.1625],
			"to": [3.8375, 0.1, 14.1375],
			"rotation": {"angle": 45, "axis": "y", "origin": [3.4875, 0.35, 13.65]},
			"faces": {
				"north": {"uv": [14, 10, 14.35, 10.05], "texture": "#1"},
				"east": {"uv": [14, 10, 14.4875, 10.05], "texture": "#1"},
				"south": {"uv": [14, 10, 14.35, 10.05], "texture": "#1"},
				"west": {"uv": [14, 10, 14.4875, 10.05], "texture": "#1"},
				"up": {"uv": [14, 9.5, 14.4875, 9.85], "rotation": 90, "texture": "#1"},
				"down": {"uv": [14, 9.5, 14.4875, 9.85], "rotation": 270, "texture": "#1", "cullface": "down"}
			}
		},
		{
			"from": [3.1375, 0.1, 13.1625],
			"to": [3.2375, 0.6, 13.2625],
			"rotation": {"angle": 45, "axis": "y", "origin": [3.4875, 0.35, 13.65]},
			"faces": {
				"north": {"uv": [12.75, 9.25, 12.8, 9.5], "texture": "#1"},
				"east": {"uv": [12.75, 9.25, 12.8, 9.5], "texture": "#1"},
				"south": {"uv": [12.75, 9.25, 12.8, 9.5], "texture": "#1"},
				"west": {"uv": [12.75, 9.25, 12.8, 9.5], "texture": "#1"},
				"up": {"uv": [12.75, 9.25, 12.8, 9.3], "rotation": 90, "texture": "#1"}
			}
		},
		{
			"from": [3.7375, 0.1, 13.1625],
			"to": [3.8375, 0.6, 13.2625],
			"rotation": {"angle": 45, "axis": "y", "origin": [3.4875, 0.35, 13.65]},
			"faces": {
				"north": {"uv": [12.75, 9.25, 12.8, 9.5], "texture": "#1"},
				"east": {"uv": [12.75, 9.25, 12.8, 9.5], "texture": "#1"},
				"south": {"uv": [12.75, 9.25, 12.8, 9.5], "texture": "#1"},
				"west": {"uv": [12.75, 9.25, 12.8, 9.5], "texture": "#1"},
				"up": {"uv": [12.75, 9.25, 12.8, 9.3], "rotation": 90, "texture": "#1"}
			}
		},
		{
			"from": [3.2375, 0.501, 14.0375],
			"to": [3.7375, 0.601, 14.1375],
			"rotation": {"angle": 45, "axis": "y", "origin": [3.4875, 0.35, 13.65]},
			"faces": {
				"north": {"uv": [13.5, 9, 13.55, 9.25], "rotation": 90, "texture": "#1"},
				"south": {"uv": [13.5, 9, 13.55, 9.25], "rotation": 270, "texture": "#1"},
				"up": {"uv": [13.5, 9, 13.55, 9.25], "rotation": 270, "texture": "#1"},
				"down": {"uv": [13.5, 9, 13.55, 9.25], "rotation": 270, "texture": "#1"}
			}
		},
		{
			"from": [3.2375, 0.5, 13.1625],
			"to": [3.7375, 0.6, 13.2625],
			"rotation": {"angle": 45, "axis": "y", "origin": [3.4875, 0.35, 13.65]},
			"faces": {
				"north": {"uv": [13.5, 9, 13.55, 9.25], "rotation": 90, "texture": "#1"},
				"south": {"uv": [13.5, 9, 13.55, 9.25], "rotation": 270, "texture": "#1"},
				"up": {"uv": [13.5, 9, 13.55, 9.25], "rotation": 270, "texture": "#1"},
				"down": {"uv": [13.5, 9, 13.55, 9.25], "rotation": 270, "texture": "#1"}
			}
		},
		{
			"from": [3.7375, 0.5, 13.2625],
			"to": [3.8375, 0.6, 14.0375],
			"rotation": {"angle": 45, "axis": "y", "origin": [3.4875, 0.35, 13.65]},
			"faces": {
				"east": {"uv": [15.25, 9.75, 15.3, 10.1375], "rotation": 90, "texture": "#1"},
				"west": {"uv": [15.25, 9.75, 15.3, 10.1375], "rotation": 270, "texture": "#1"},
				"up": {"uv": [15.25, 9.75, 15.3, 10.1375], "texture": "#1"},
				"down": {"uv": [15.25, 9.75, 15.3, 10.1375], "rotation": 180, "texture": "#1"}
			}
		},
		{
			"from": [3.1375, 0.5, 13.2625],
			"to": [3.2375, 0.6, 14.0375],
			"rotation": {"angle": 45, "axis": "y", "origin": [3.4875, 0.35, 13.65]},
			"faces": {
				"east": {"uv": [15.25, 9.75, 15.3, 10.1375], "rotation": 90, "texture": "#1"},
				"west": {"uv": [15.25, 9.75, 15.3, 10.1375], "rotation": 270, "texture": "#1"},
				"up": {"uv": [15.25, 9.75, 15.3, 10.1375], "texture": "#1"},
				"down": {"uv": [15.25, 9.75, 15.3, 10.1375], "rotation": 180, "texture": "#1"}
			}
		},
		{
			"from": [3.7375, 0.101, 14.0375],
			"to": [3.8375, 0.601, 14.1375],
			"rotation": {"angle": 45, "axis": "y", "origin": [3.4875, 0.35, 13.65]},
			"faces": {
				"north": {"uv": [12.75, 9.25, 12.8, 9.5], "texture": "#1"},
				"east": {"uv": [12.75, 9.25, 12.8, 9.5], "texture": "#1"},
				"south": {"uv": [12.75, 9.25, 12.8, 9.5], "texture": "#1"},
				"west": {"uv": [12.75, 9.25, 12.8, 9.5], "texture": "#1"},
				"up": {"uv": [12.75, 9.25, 12.8, 9.3], "rotation": 90, "texture": "#1"}
			}
		},
		{
			"from": [3.1375, 0.101, 14.0375],
			"to": [3.2375, 0.601, 14.1375],
			"rotation": {"angle": 45, "axis": "y", "origin": [3.4875, 0.35, 13.65]},
			"faces": {
				"north": {"uv": [12.75, 9.25, 12.8, 9.5], "texture": "#1"},
				"east": {"uv": [12.75, 9.25, 12.8, 9.5], "texture": "#1"},
				"south": {"uv": [12.75, 9.25, 12.8, 9.5], "texture": "#1"},
				"west": {"uv": [12.75, 9.25, 12.8, 9.5], "texture": "#1"},
				"up": {"uv": [12.75, 9.25, 12.8, 9.3], "rotation": 90, "texture": "#1"}
			}
		}
	]
}