{
	"credit": "Made with Blockbench",
	"texture_size": [32, 32],
	"textures": {
		"0": "blocks/laboratory",
		"particle": "blocks/laboratory"
	},
	"elements": [
		{
			"from": [4, 0, 3],
			"to": [16, 9, 15],
			"rotation": {"angle": 0, "axis": "y", "origin": [2, 0, 1]},
			"faces": {
				"east": {"uv": [0, 0, 6, 4.5], "texture": "#0"},
				"south": {"uv": [0, 0, 6, 4.5], "texture": "#0"},
				"west": {"uv": [0, 0, 6, 4.5], "texture": "#0"},
				"up": {"uv": [0, 0, 6, 6], "texture": "#0"},
				"down": {"uv": [0, 0, 6, 6], "texture": "#0", "cullface": "down"}
			}
		},
		{
			"from": [8, 10.85355, 1.28249],
			"to": [16.001, 13.85355, 2.78249],
			"rotation": {"angle": 45, "axis": "x", "origin": [10, 9.35355, -3.71751]},
			"faces": {
				"north": {"uv": [10.25, 0, 14.2505, 1.5], "texture": "#0"},
				"east": {"uv": [0, 0, 0.75, 1.5], "texture": "#0"}
			}
		},
		{
			"from": [4.001, -3.09619, 5.52513],
			"to": [16.003, -0.09619, 7.02513],
			"rotation": {"angle": -45, "axis": "x", "origin": [6, -4.59619, 0.52513]},
			"faces": {
				"north": {"uv": [0, 2, 6.001, 3.5], "texture": "#0"},
				"east": {"uv": [0, 0, 0.75, 1.5], "texture": "#0"},
				"west": {"uv": [3.75, 4.5, 4.5, 6], "texture": "#0"}
			}
		},
		{
			"from": [4, 2.12132, 0.87868],
			"to": [16, 6.87868, 3],
			"rotation": {"angle": 0, "axis": "x", "origin": [6, 0.62132, -4.12132]},
			"faces": {
				"north": {"uv": [3.5, 1.75, 7.5005, 3.25], "texture": "#0"},
				"east": {"uv": [0, 0, 0.5, 1.5], "texture": "#0"},
				"west": {"uv": [3.75, 4.5, 4.25, 6], "texture": "#0"}
			}
		},
		{
			"from": [4.001, 10.85355, 1.28249],
			"to": [8.002, 13.85355, 2.78249],
			"rotation": {"angle": 45, "axis": "x", "origin": [10, 9.35355, -3.71751]},
			"faces": {
				"north": {"uv": [8.25, 8.25, 10.2505, 9.75], "texture": "#0"},
				"west": {"uv": [4.25, 3.75, 5, 5.25], "texture": "#0"}
			}
		},
		{
			"from": [4, 9.1, 3],
			"to": [16, 9.6, 15],
			"rotation": {"angle": 0, "axis": "y", "origin": [2, 0, 1]},
			"faces": {
				"north": {"uv": [0, 0, 6, 0.25], "texture": "#0"},
				"east": {"uv": [0, 0, 6, 0.25], "texture": "#0"},
				"south": {"uv": [0, 0, 6, 0.25], "texture": "#0"},
				"west": {"uv": [0, 0, 6, 0.25], "texture": "#0"},
				"up": {"uv": [0, 0, 6, 6], "texture": "#0"},
				"down": {"uv": [0, 0, 6, 6], "texture": "#0"}
			}
		},
		{
			"from": [4.2, 9, 3.2],
			"to": [15.8, 9.1, 15],
			"rotation": {"angle": 0, "axis": "y", "origin": [2, 0, 1]},
			"faces": {
				"north": {"uv": [0, 0, 5.9, 0.05], "texture": "#0"},
				"east": {"uv": [0, 0, 5.9, 0.05], "texture": "#0"},
				"south": {"uv": [0, 0, 5.9, 0.05], "texture": "#0"},
				"west": {"uv": [0, 0, 5.9, 0.05], "texture": "#0"}
			}
		},
		{
			"from": [0.25, 0, 5.5],
			"to": [3, 1.5, 7],
			"rotation": {"angle": 0, "axis": "z", "origin": [0.875, 0.74978, 0.25013]},
			"faces": {
				"north": {"uv": [0, 0, 0.75, 1.375], "rotation": 90, "texture": "#0"},
				"east": {"uv": [0, 0, 0.75, 0.75], "rotation": 270, "texture": "#0"},
				"south": {"uv": [0, 0, 0.75, 1.375], "rotation": 270, "texture": "#0"},
				"west": {"uv": [0, 0, 0.75, 0.75], "rotation": 270, "texture": "#0"},
				"up": {"uv": [0, 0, 0.75, 1.375], "rotation": 270, "texture": "#0"},
				"down": {"uv": [0, 0, 0.75, 1.375], "rotation": 270, "texture": "#0", "cullface": "down"}
			}
		},
		{
			"from": [0.0001, 6.19933, 8.09298],
			"to": [0.25, 6.61333, 9.09298],
			"rotation": {"angle": 45, "axis": "x", "origin": [0.8751, 6.40627, 0.59312]},
			"faces": {
				"north": {"uv": [12, 5.75, 12.207, 5.875], "rotation": 90, "texture": "#0"},
				"south": {"uv": [12, 5.75, 12.207, 5.875], "rotation": 270, "texture": "#0"},
				"west": {"uv": [12, 5.75, 12.207, 6.25], "rotation": 270, "texture": "#0"}
			}
		},
		{
			"from": [0.0002, 0.24948, 6.04274],
			"to": [0.25, 1.24948, 6.45674],
			"rotation": {"angle": 0, "axis": "z", "origin": [0.8752, 0.74926, 0.24961]},
			"faces": {
				"west": {"uv": [12, 5.75, 12.207, 6.25], "rotation": 180, "texture": "#0"},
				"up": {"uv": [12, 5.75, 12.207, 5.875], "rotation": 270, "texture": "#0"},
				"down": {"uv": [12, 5.75, 12.207, 5.875], "rotation": 270, "texture": "#0"}
			}
		},
		{
			"from": [0.0003, -5.11419, 8.09257],
			"to": [0.25, -4.70019, 9.09257],
			"rotation": {"angle": -45, "axis": "x", "origin": [0.8753, -4.90707, 0.59276]},
			"faces": {
				"north": {"uv": [12, 5.75, 12.207, 5.875], "rotation": 90, "texture": "#0"},
				"south": {"uv": [12, 5.75, 12.207, 5.875], "rotation": 270, "texture": "#0"},
				"west": {"uv": [12, 5.75, 12.207, 6.25], "rotation": 270, "texture": "#0"}
			}
		},
		{
			"from": [0, 0.54274, 5.75],
			"to": [0.25, 0.95674, 6.75],
			"rotation": {"angle": 0, "axis": "z", "origin": [0.875, 0.74978, 0.25013]},
			"faces": {
				"north": {"uv": [12, 5.75, 12.207, 5.875], "rotation": 90, "texture": "#0"},
				"south": {"uv": [12, 5.75, 12.207, 5.875], "rotation": 270, "texture": "#0"},
				"west": {"uv": [12, 5.75, 12.207, 6.25], "rotation": 270, "texture": "#0"}
			}
		},
		{
			"from": [1, 0, 3],
			"to": [2.5, 2.75, 4.5],
			"rotation": {"angle": -22.5, "axis": "y", "origin": [1.74978, 2.125, 3.75013]},
			"faces": {
				"north": {"uv": [0, 0, 0.75, 1.375], "texture": "#0"},
				"east": {"uv": [0, 0, 0.75, 1.375], "texture": "#0"},
				"south": {"uv": [0, 0, 0.75, 1.375], "texture": "#0"},
				"west": {"uv": [0, 0, 0.75, 1.375], "texture": "#0"},
				"up": {"uv": [0, 0, 0.75, 0.75], "texture": "#0"},
				"down": {"uv": [0, 0, 0.75, 0.75], "texture": "#0", "cullface": "down"}
			}
		},
		{
			"from": [1.54274, 2.75, 3.25],
			"to": [1.95674, 2.9998, 4.25],
			"rotation": {"angle": -22.5, "axis": "y", "origin": [1.74978, 2.125, 3.75013]},
			"faces": {
				"north": {"uv": [11.25, 6.25, 11.457, 6.375], "texture": "#0"},
				"south": {"uv": [11.25, 6.25, 11.457, 6.375], "texture": "#0"},
				"up": {"uv": [11.25, 6.25, 11.457, 6.75], "texture": "#0"}
			}
		},
		{
			"from": [1.25, 2.75, 3.54326],
			"to": [2.25, 3, 3.95726],
			"rotation": {"angle": -22.5, "axis": "y", "origin": [1.74978, 2.125, 3.75013]},
			"faces": {
				"east": {"uv": [11.25, 6.25, 11.457, 6.375], "texture": "#0"},
				"west": {"uv": [11.25, 6.25, 11.457, 6.375], "texture": "#0"},
				"up": {"uv": [11.25, 6.25, 11.457, 6.75], "rotation": 270, "texture": "#0"}
			}
		},
		{
			"from": [1.54266, 2.75, 3.24994],
			"to": [1.95666, 2.9997, 4.24994],
			"rotation": {"angle": 22.5, "axis": "y", "origin": [1.74978, 2.125, 3.75013]},
			"faces": {
				"north": {"uv": [11.25, 6.25, 11.457, 6.375], "texture": "#0"},
				"south": {"uv": [11.25, 6.25, 11.457, 6.375], "texture": "#0"},
				"up": {"uv": [11.25, 6.25, 11.457, 6.75], "texture": "#0"}
			}
		},
		{
			"from": [1.24992, 2.75, 3.54319],
			"to": [2.24992, 2.9999, 3.95719],
			"rotation": {"angle": 22.5, "axis": "y", "origin": [1.74978, 2.125, 3.75013]},
			"faces": {
				"east": {"uv": [11.25, 6.25, 11.457, 6.375], "texture": "#0"},
				"west": {"uv": [11.25, 6.25, 11.457, 6.375], "texture": "#0"},
				"up": {"uv": [11.25, 6.25, 11.457, 6.75], "rotation": 90, "texture": "#0"}
			}
		}
	]
}