{
	"credit": "Made with Blockbench",
	"texture_size": [32, 32],
	"textures": {
		"0": "blocks/laboratory",
		"particle": "blocks/laboratory"
	},
	"elements": [
		{
			"from": [2, 0.25, 5],
			"to": [6.25, 0.5, 8.25],
			"rotation": {"angle": 0, "axis": "y", "origin": [-3, 0, 11]},
			"faces": {
				"north": {"uv": [12, 6.5, 14.125, 6.625], "texture": "#0"},
				"east": {"uv": [12, 6.5, 13.625, 6.625], "texture": "#0"},
				"south": {"uv": [12, 6.5, 14.125, 6.625], "texture": "#0"},
				"west": {"uv": [12, 6.5, 13.625, 6.625], "texture": "#0"},
				"down": {"uv": [9.9375, 5.125, 11.5625, 7.25], "rotation": 90, "texture": "#0"}
			}
		},
		{
			"from": [2, 0.5, 5],
			"to": [6.25, 0.75, 8.25],
			"rotation": {"angle": 0, "axis": "y", "origin": [-3, 0, 11]},
			"faces": {
				"north": {"uv": [4, 4, 6.125, 4.125], "texture": "#0"},
				"east": {"uv": [4, 4, 5.625, 4.125], "texture": "#0"},
				"south": {"uv": [4, 4, 6.125, 4.125], "texture": "#0"},
				"west": {"uv": [4, 4, 5.625, 4.125], "texture": "#0"},
				"up": {"uv": [0, 0, 1.625, 2.125], "rotation": 270, "texture": "#0"}
			}
		},
		{
			"from": [2, 0.75, 5.25],
			"to": [4.75, 1, 8],
			"rotation": {"angle": 0, "axis": "y", "origin": [-3, 0, 11]},
			"faces": {
				"north": {"uv": [3.875, 3.875, 5.25, 4], "texture": "#0"},
				"east": {"uv": [3.875, 3.875, 5.25, 4], "texture": "#0"},
				"south": {"uv": [3.875, 3.875, 5.25, 4], "texture": "#0"},
				"west": {"uv": [3.875, 3.875, 5.25, 4], "texture": "#0"},
				"up": {"uv": [14.125, 10.625, 15.5, 12], "rotation": 270, "texture": "#0"}
			}
		},
		{
			"from": [2, 1, 6.35152],
			"to": [4.75, 1.25, 6.89852],
			"rotation": {"angle": 0, "axis": "y", "origin": [-3, -0.75, 12.10152]},
			"faces": {
				"east": {"uv": [13.875, 8.625, 14.1485, 8.75], "texture": "#0"},
				"west": {"uv": [13.875, 8.625, 14.1485, 8.75], "texture": "#0"},
				"up": {"uv": [13.922, 8.625, 13.6485, 10], "rotation": 270, "texture": "#0"}
			}
		},
		{
			"from": [-0.00528, 1, 0.2397],
			"to": [2.74472, 1.2494, 0.7867],
			"rotation": {"angle": -45, "axis": "y", "origin": [-5.00528, -0.75, 5.9897]},
			"faces": {
				"east": {"uv": [13.875, 8.625, 14.1485, 8.7497], "texture": "#0"},
				"west": {"uv": [13.875, 8.625, 14.1485, 8.7497], "texture": "#0"},
				"up": {"uv": [12.875, 9.125, 13.1485, 10.5], "rotation": 270, "texture": "#0"}
			}
		},
		{
			"from": [0.24501, 1, 6.8605],
			"to": [0.79201, 1.2497, 9.6105],
			"rotation": {"angle": -22.5, "axis": "y", "origin": [5.99501, -0.75, 14.6105]},
			"faces": {
				"north": {"uv": [13.875, 8.625, 14.1485, 8.74985], "texture": "#0"},
				"south": {"uv": [13.875, 8.625, 14.1485, 8.74985], "texture": "#0"},
				"up": {"uv": [12.875, 9.625, 14.25, 9.8985], "rotation": 270, "texture": "#0"}
			}
		},
		{
			"from": [7.73966, 1, 9.25528],
			"to": [10.48966, 1.2498, 9.80228],
			"rotation": {"angle": 45, "axis": "y", "origin": [2.73966, -0.75, 15.00528]},
			"faces": {
				"east": {"uv": [13.875, 8.625, 14.1485, 8.7499], "texture": "#0"},
				"west": {"uv": [13.875, 8.625, 14.1485, 8.7499], "texture": "#0"},
				"up": {"uv": [13.375, 9.125, 13.6485, 10.5], "rotation": 270, "texture": "#0"}
			}
		},
		{
			"from": [3.10148, 1, 5.25],
			"to": [3.64848, 1.2496, 8],
			"rotation": {"angle": 0, "axis": "y", "origin": [8.85148, -0.75, 12.99852]},
			"faces": {
				"north": {"uv": [13.875, 8.625, 14.1485, 8.7498], "texture": "#0"},
				"south": {"uv": [13.875, 8.625, 14.1485, 8.7498], "texture": "#0"},
				"up": {"uv": [12.625, 9.625, 14, 9.8985], "rotation": 270, "texture": "#0"}
			}
		},
		{
			"from": [4.58104, 1, 8.37426],
			"to": [7.33104, 1.2499, 8.92126],
			"rotation": {"angle": 22.5, "axis": "y", "origin": [-0.41896, -0.75, 14.12426]},
			"faces": {
				"east": {"uv": [13.875, 8.625, 14.1485, 8.74995], "texture": "#0"},
				"west": {"uv": [13.875, 8.625, 14.1485, 8.74995], "texture": "#0"},
				"up": {"uv": [13.375, 9.375, 13.6485, 10.75], "rotation": 270, "texture": "#0"}
			}
		},
		{
			"from": [0.3895, 1, 3.49505],
			"to": [3.1395, 1.2493, 4.04205],
			"rotation": {"angle": -22.5, "axis": "y", "origin": [-4.6105, -0.75, 9.24505]},
			"faces": {
				"east": {"uv": [13.875, 8.625, 14.1485, 8.74965], "texture": "#0"},
				"west": {"uv": [13.875, 8.625, 14.1485, 8.74965], "texture": "#0"},
				"up": {"uv": [12.875, 9.125, 13.1485, 10.5], "rotation": 270, "texture": "#0"}
			}
		},
		{
			"from": [1.07875, 1, 7.83108],
			"to": [1.62575, 1.2495, 10.58108],
			"rotation": {"angle": 22.5, "axis": "y", "origin": [-4.12425, -0.75, 2.83108]},
			"faces": {
				"north": {"uv": [13.875, 8.625, 14.1485, 8.74975], "texture": "#0"},
				"south": {"uv": [13.875, 8.625, 14.1485, 8.74975], "texture": "#0"},
				"up": {"uv": [12.875, 9.375, 14.25, 9.6485], "rotation": 270, "texture": "#0"}
			}
		},
		{
			"from": [4.74792, 2.73954, 5.25],
			"to": [5.44792, 2.98954, 8.0002],
			"rotation": {"angle": -22.5, "axis": "z", "origin": [-0.25208, 1.98954, 11.0003]},
			"faces": {
				"north": {"uv": [4, 4, 4.35, 4.125], "texture": "#0"},
				"south": {"uv": [4, 4, 4.35, 4.125], "texture": "#0"},
				"up": {"uv": [8.5, 8.6875, 9.8751, 9.0375], "rotation": 270, "texture": "#0"}
			}
		},
		{
			"from": [5.5, 0, 7.5],
			"to": [6, 0.25, 8],
			"rotation": {"angle": 0, "axis": "y", "origin": [-3, 0, 11]},
			"faces": {
				"north": {"uv": [13.25, 3.25, 13.5, 3.375], "texture": "#0"},
				"east": {"uv": [13.25, 3.25, 13.5, 3.375], "texture": "#0"},
				"south": {"uv": [13.25, 3.25, 13.5, 3.375], "texture": "#0"},
				"west": {"uv": [13.25, 3.25, 13.5, 3.375], "texture": "#0"},
				"down": {"uv": [11.1875, 1.875, 11.4375, 2.125], "rotation": 90, "texture": "#0", "cullface": "down"}
			}
		},
		{
			"from": [5.5, 0, 5.25],
			"to": [6, 0.25, 5.75],
			"rotation": {"angle": 0, "axis": "y", "origin": [-3, 0, 11]},
			"faces": {
				"north": {"uv": [13.25, 3.25, 13.5, 3.375], "texture": "#0"},
				"east": {"uv": [13.25, 3.25, 13.5, 3.375], "texture": "#0"},
				"south": {"uv": [13.25, 3.25, 13.5, 3.375], "texture": "#0"},
				"west": {"uv": [13.25, 3.25, 13.5, 3.375], "texture": "#0"},
				"down": {"uv": [11.1875, 1.875, 11.4375, 2.125], "rotation": 90, "texture": "#0", "cullface": "down"}
			}
		},
		{
			"from": [2.25, 0, 7.5],
			"to": [2.75, 0.25, 8],
			"rotation": {"angle": 0, "axis": "y", "origin": [-3, 0, 11]},
			"faces": {
				"north": {"uv": [13.25, 3.25, 13.5, 3.375], "texture": "#0"},
				"east": {"uv": [13.25, 3.25, 13.5, 3.375], "texture": "#0"},
				"south": {"uv": [13.25, 3.25, 13.5, 3.375], "texture": "#0"},
				"west": {"uv": [13.25, 3.25, 13.5, 3.375], "texture": "#0"},
				"down": {"uv": [11.1875, 1.875, 11.4375, 2.125], "rotation": 90, "texture": "#0", "cullface": "down"}
			}
		},
		{
			"from": [2.25, 0, 5.25],
			"to": [2.75, 0.25, 5.75],
			"rotation": {"angle": 0, "axis": "y", "origin": [-3, 0, 11]},
			"faces": {
				"north": {"uv": [13.25, 3.25, 13.5, 3.375], "texture": "#0"},
				"east": {"uv": [13.25, 3.25, 13.5, 3.375], "texture": "#0"},
				"south": {"uv": [13.25, 3.25, 13.5, 3.375], "texture": "#0"},
				"west": {"uv": [13.25, 3.25, 13.5, 3.375], "texture": "#0"},
				"down": {"uv": [11.1875, 1.875, 11.4375, 2.125], "rotation": 90, "texture": "#0", "cullface": "down"}
			}
		},
		{
			"from": [5.5, 0, 15.75],
			"to": [8, 0.025, 16],
			"rotation": {"angle": 22.5, "axis": "y", "origin": [0, 0, 0]},
			"faces": {
				"north": {"uv": [3.25, 3.75, 4.5, 3.7625], "texture": "#0"},
				"east": {"uv": [3.25, 3.75, 3.375, 3.7625], "texture": "#0"},
				"south": {"uv": [3.25, 3.75, 4.5, 3.7625], "texture": "#0"},
				"west": {"uv": [3.25, 3.75, 3.375, 3.7625], "texture": "#0"},
				"up": {"uv": [3.25, 3.75, 4.5, 3.875], "texture": "#0"},
				"down": {"uv": [3.25, 3.75, 4.5, 3.875], "texture": "#0", "cullface": "down"}
			}
		},
		{
			"from": [8.5, 0, -3.25],
			"to": [11, 0.025, -3],
			"rotation": {"angle": -45, "axis": "y", "origin": [0, 0, 0]},
			"faces": {
				"north": {"uv": [3.25, 3.75, 4.5, 3.7625], "texture": "#0"},
				"east": {"uv": [3.25, 3.75, 3.375, 3.7625], "texture": "#0"},
				"south": {"uv": [3.25, 3.75, 4.5, 3.7625], "texture": "#0"},
				"west": {"uv": [3.25, 3.75, 3.375, 3.7625], "texture": "#0"},
				"up": {"uv": [3.25, 3.75, 4.5, 3.875], "texture": "#0"},
				"down": {"uv": [3.25, 3.75, 4.5, 3.875], "texture": "#0", "cullface": "down"}
			}
		},
		{
			"from": [4.5, 3.84703, 8.56134],
			"to": [4.75, 3.87203, 11.06134],
			"rotation": {"angle": 22.5, "axis": "x", "origin": [17.5, 3.84703, 1.06134]},
			"faces": {
				"north": {"uv": [3.25, 3.75, 3.375, 3.7625], "texture": "#0"},
				"east": {"uv": [3.25, 3.75, 4.5, 3.7625], "texture": "#0"},
				"south": {"uv": [3.25, 3.75, 3.375, 3.7625], "texture": "#0"},
				"west": {"uv": [3.25, 3.75, 4.5, 3.7625], "texture": "#0"},
				"up": {"uv": [3.25, 3.75, 4.5, 3.875], "rotation": 90, "texture": "#0"},
				"down": {"uv": [3.25, 3.75, 4.5, 3.875], "rotation": 270, "texture": "#0"}
			}
		},
		{
			"from": [5.5, 0, 8.75],
			"to": [8, 0.025, 9],
			"rotation": {"angle": -22.5, "axis": "y", "origin": [0, 0, 0]},
			"faces": {
				"north": {"uv": [3.25, 3.75, 4.5, 3.7625], "texture": "#0"},
				"east": {"uv": [3.25, 3.75, 3.375, 3.7625], "texture": "#0"},
				"south": {"uv": [3.25, 3.75, 4.5, 3.7625], "texture": "#0"},
				"west": {"uv": [3.25, 3.75, 3.375, 3.7625], "texture": "#0"},
				"up": {"uv": [3.25, 3.75, 4.5, 3.875], "texture": "#0"},
				"down": {"uv": [3.25, 3.75, 4.5, 3.875], "texture": "#0", "cullface": "down"}
			}
		}
	]
}