{
	"credit": "Made with Blockbench",
	"textures": {
		"0": "blocks/glass_black",
		"particle": "blocks/glass_black"
	},
	"elements": [
		{
			"from": [1, 0, 15],
			"to": [2, 16, 16],
			"faces": {
				"north": {"uv": [15, 0, 16, 16], "texture": "#0"},
				"east": {"uv": [15, 0, 16, 16], "texture": "#0"},
				"south": {"uv": [15, 0, 16, 16], "texture": "#0"},
				"west": {"uv": [15, 0, 16, 16], "texture": "#0"},
				"up": {"uv": [0, 0, 1, 1], "texture": "#0"},
				"down": {"uv": [0, 0, 1, 1], "texture": "#0"}
			}
		},
		{
			"from": [1.5, 6.5, 14.75],
			"to": [14.5, 7, 16.25],
			"faces": {
				"north": {"uv": [2, 0, 15, 0.5], "texture": "#0"},
				"east": {"uv": [0, 0, 1.5, 0.5], "texture": "#0"},
				"south": {"uv": [2, 0, 15, 0.5], "texture": "#0"},
				"west": {"uv": [0, 0, 1.5, 0.5], "texture": "#0"},
				"up": {"uv": [2, 0, 15, 1.5], "texture": "#0"},
				"down": {"uv": [2, 0, 15, 1.5], "texture": "#0"}
			}
		},
		{
			"from": [1.5, 14.5, 14.75],
			"to": [14.5, 15, 16.25],
			"faces": {
				"north": {"uv": [2, 0, 15, 0.5], "texture": "#0"},
				"east": {"uv": [0, 0, 1.5, 0.5], "texture": "#0"},
				"south": {"uv": [2, 0, 15, 0.5], "texture": "#0"},
				"west": {"uv": [0, 0, 1.5, 0.5], "texture": "#0"},
				"up": {"uv": [2, 0, 15, 1.5], "texture": "#0"},
				"down": {"uv": [2, 0, 15, 1.5], "texture": "#0"}
			}
		},
		{
			"from": [14, 0, 15],
			"to": [15, 16, 16],
			"faces": {
				"north": {"uv": [0, 0, 1, 16], "texture": "#0"},
				"east": {"uv": [0, 0, 1, 16], "texture": "#0"},
				"south": {"uv": [0, 0, 1, 16], "texture": "#0"},
				"west": {"uv": [0, 0, 1, 16], "texture": "#0"},
				"up": {"uv": [0, 0, 1, 1], "texture": "#0"},
				"down": {"uv": [0, 0, 1, 1], "texture": "#0"}
			}
		}
	]
}