{
	"credit": "Made with Blockbench",
	"textures": {
		"0": "blocks/furnace",
		"1": "blocks/furnace_1",
		"3": "blocks/furnace_3",
		"particle": "blocks/furnace"
	},
	"elements": [
		{
			"from": [0, 16, 15.75],
			"to": [16, 18, 16],
			"faces": {
				"north": {"uv": [0, 0, 16, 2], "texture": "#0"},
				"east": {"uv": [0, 0, 0.25, 2], "texture": "#0"},
				"south": {"uv": [0, 0, 16, 2], "texture": "#0"},
				"west": {"uv": [0, 0, 0.25, 2], "texture": "#0"},
				"up": {"uv": [0, 0, 16, 0.25], "texture": "#0"}
			}
		},
		{
			"from": [15.91421, 16, 15.29289],
			"to": [16.41421, 16.5, 16.70711],
			"rotation": {"angle": -45, "axis": "y", "origin": [16.91421, 0, 13.79289]},
			"faces": {
				"east": {"uv": [0, 0, 1.41421, 0.5], "texture": "#1"},
				"west": {"uv": [0, 0, 1.41421, 0.5], "texture": "#1"},
				"up": {"uv": [0, 0, 0.5, 1.41421], "texture": "#1"}
			}
		},
		{
			"from": [2.70711, 16, 14],
			"to": [3.20711, 16.5, 15.41421],
			"rotation": {"angle": 45, "axis": "y", "origin": [2.20711, 0, 16.91421]},
			"faces": {
				"east": {"uv": [0, 0, 1.41421, 0.5], "texture": "#1"},
				"west": {"uv": [0, 0, 1.41421, 0.5], "texture": "#1"},
				"up": {"uv": [0, 0, 0.5, 1.41421], "rotation": 180, "texture": "#1"}
			}
		},
		{
			"from": [15.29289, 16, -0.41421],
			"to": [16.70711, 16.5, 0.08579],
			"rotation": {"angle": -45, "axis": "y", "origin": [13.79289, 0, -0.91421]},
			"faces": {
				"north": {"uv": [0, 0, 1.41421, 0.5], "texture": "#1"},
				"south": {"uv": [0, 0, 1.41421, 0.5], "texture": "#1"},
				"up": {"uv": [0, 0, 0.5, 1.41421], "rotation": 270, "texture": "#1"}
			}
		},
		{
			"from": [-0.41421, 16, -0.70711],
			"to": [0.08579, 16.5, 0.70711],
			"rotation": {"angle": -45, "axis": "y", "origin": [-0.91421, 0, 2.20711]},
			"faces": {
				"east": {"uv": [0, 0, 1.41421, 0.5], "texture": "#1"},
				"west": {"uv": [0, 0, 1.41421, 0.5], "texture": "#1"},
				"up": {"uv": [0, 0, 0.5, 1.41421], "rotation": 180, "texture": "#1"}
			}
		},
		{
			"from": [1.5, 16, 0.5],
			"to": [14.5, 16.5, 1],
			"faces": {
				"north": {"uv": [0, 0, 13, 0.5], "texture": "#1"},
				"south": {"uv": [0, 0, 13, 0.5], "texture": "#1"},
				"up": {"uv": [0, 0, 0.5, 13], "rotation": 270, "texture": "#1"}
			}
		},
		{
			"from": [1.5, 16, 15],
			"to": [14.5, 16.5, 15.5],
			"faces": {
				"north": {"uv": [0, 0, 13, 0.5], "texture": "#1"},
				"south": {"uv": [0, 0, 13, 0.5], "texture": "#1"},
				"up": {"uv": [0, 0, 0.5, 13], "rotation": 270, "texture": "#1"}
			}
		},
		{
			"from": [0.5, 16, 1.5],
			"to": [1, 16.5, 14.5],
			"faces": {
				"east": {"uv": [0, 0, 13, 0.5], "texture": "#1"},
				"west": {"uv": [0, 0, 13, 0.5], "texture": "#1"},
				"up": {"uv": [0, 0, 0.5, 13], "texture": "#1"}
			}
		},
		{
			"from": [15, 16, 1.5],
			"to": [15.5, 16.5, 14.5],
			"faces": {
				"east": {"uv": [0, 0, 13, 0.5], "texture": "#1"},
				"west": {"uv": [0, 0, 13, 0.5], "texture": "#1"},
				"up": {"uv": [0, 0, 0.5, 13], "texture": "#1"}
			}
		},
		{
			"from": [8.42132, 16, 7.5],
			"to": [8.92132, 16.5, 8.63137],
			"rotation": {"angle": -45, "axis": "y", "origin": [8.00711, 0, 8.20711]},
			"faces": {
				"east": {"uv": [0, 0, 1.13137, 0.5], "texture": "#1"},
				"west": {"uv": [0, 0, 1.13137, 0.5], "texture": "#1"},
				"up": {"uv": [0, 0, 0.5, 1.13137], "rotation": 180, "texture": "#1"}
			}
		},
		{
			"from": [8, 16, 8.8],
			"to": [8.5, 16.5, 15],
			"rotation": {"angle": 0, "axis": "y", "origin": [13.5, 0, 7.3]},
			"faces": {
				"east": {"uv": [0, 0, 6.2, 0.5], "texture": "#1"},
				"west": {"uv": [0, 0, 6.2, 0.5], "texture": "#1"},
				"up": {"uv": [0, 0, 0.5, 6.2], "rotation": 180, "texture": "#1"}
			}
		},
		{
			"from": [1, 16, 7.5],
			"to": [7.2, 16.5, 8],
			"rotation": {"angle": 0, "axis": "y", "origin": [8, 0, 8]},
			"faces": {
				"north": {"uv": [0, 0, 6.2, 0.5], "texture": "#1"},
				"south": {"uv": [0, 0, 6.2, 0.5], "texture": "#1"},
				"up": {"uv": [0, 0, 0.5, 6.2], "rotation": 270, "texture": "#1"}
			}
		},
		{
			"from": [6.93431, 16, 7.43431],
			"to": [7.43431, 16.5, 8.56569],
			"rotation": {"angle": -45, "axis": "y", "origin": [8, 0, 8]},
			"faces": {
				"east": {"uv": [0, 0, 1.13137, 0.5], "texture": "#1"},
				"west": {"uv": [0, 0, 1.13137, 0.5], "texture": "#1"},
				"up": {"uv": [0, 0, 0.5, 1.13137], "texture": "#1"}
			}
		},
		{
			"from": [7.5, 16, 1],
			"to": [8, 16.5, 7.2],
			"rotation": {"angle": 0, "axis": "y", "origin": [8, 0, 8]},
			"faces": {
				"east": {"uv": [0, 0, 6.2, 0.5], "texture": "#1"},
				"west": {"uv": [0, 0, 6.2, 0.5], "texture": "#1"},
				"up": {"uv": [0, 0, 0.5, 6.2], "texture": "#1"}
			}
		},
		{
			"from": [3, 16, 3],
			"to": [5, 16.3, 5],
			"rotation": {"angle": 0, "axis": "y", "origin": [8, 0, 8]},
			"faces": {
				"north": {"uv": [0, 0, 2, 0.3], "texture": "#1"},
				"east": {"uv": [0, 0, 2, 0.3], "texture": "#1"},
				"south": {"uv": [0, 0, 2, 0.3], "texture": "#1"},
				"west": {"uv": [0, 0, 2, 0.3], "texture": "#1"},
				"up": {"uv": [0, 0, 2, 2], "texture": "#1"}
			}
		},
		{
			"from": [11, 16, 11],
			"to": [13, 16.3, 13],
			"rotation": {"angle": 0, "axis": "y", "origin": [8, 0, 8]},
			"faces": {
				"north": {"uv": [0, 0, 2, 0.3], "texture": "#1"},
				"east": {"uv": [0, 0, 2, 0.3], "texture": "#1"},
				"south": {"uv": [0, 0, 2, 0.3], "texture": "#1"},
				"west": {"uv": [0, 0, 2, 0.3], "texture": "#1"},
				"up": {"uv": [0, 0, 2, 2], "texture": "#1"}
			}
		},
		{
			"from": [11, 16, 2.5],
			"to": [13.5, 16.3, 5],
			"rotation": {"angle": 0, "axis": "y", "origin": [8, 0, 8]},
			"faces": {
				"north": {"uv": [0, 0, 2.5, 0.3], "texture": "#1"},
				"east": {"uv": [0, 0, 2.5, 0.3], "texture": "#1"},
				"south": {"uv": [0, 0, 2.5, 0.3], "texture": "#1"},
				"west": {"uv": [0, 0, 2.5, 0.3], "texture": "#1"},
				"up": {"uv": [0, 0, 2.5, 2.5], "texture": "#1"}
			}
		},
		{
			"from": [2.5, 16, 11],
			"to": [5, 16.3, 13.5],
			"rotation": {"angle": 0, "axis": "y", "origin": [8, 0, 8]},
			"faces": {
				"north": {"uv": [0, 0, 2.5, 0.3], "texture": "#1"},
				"east": {"uv": [0, 0, 2.5, 0.3], "texture": "#1"},
				"south": {"uv": [0, 0, 2.5, 0.3], "texture": "#1"},
				"west": {"uv": [0, 0, 2.5, 0.3], "texture": "#1"},
				"up": {"uv": [0, 0, 2.5, 2.5], "texture": "#1"}
			}
		},
		{
			"from": [8.8, 16, 8],
			"to": [15, 16.5, 8.5],
			"rotation": {"angle": 0, "axis": "y", "origin": [7.3, 0, 13.5]},
			"faces": {
				"north": {"uv": [0, 0, 6.2, 0.5], "texture": "#1"},
				"south": {"uv": [0, 0, 6.2, 0.5], "texture": "#1"},
				"up": {"uv": [0, 0, 0.5, 6.2], "rotation": 90, "texture": "#1"}
			}
		},
		{
			"from": [0, 0, 0],
			"to": [16, 16, 16],
			"faces": {
				"north": {"uv": [0, 0, 16, 16], "texture": "#3"},
				"east": {"uv": [0, 0, 16, 16], "texture": "#0"},
				"south": {"uv": [0, 0, 16, 16], "texture": "#0"},
				"west": {"uv": [0, 0, 16, 16], "texture": "#0"},
				"up": {"uv": [0, 0, 16, 16], "texture": "#0"},
				"down": {"uv": [0, 0, 16, 16], "texture": "#0"}
			}
		}
	]
}