{
	"credit": "Made with Blockbench",
	"textures": {
		"0": "blocks/planks_acacia",
		"1": "blocks/lampochka",
		"particle": "blocks/planks_acacia"
	},
	"elements": [
		{
			"from": [7.75, 8, 7.75],
			"to": [8.25, 16, 8.25],
			"faces": {
				"north": {"uv": [0, 0, 0.5, 8], "texture": "#0"},
				"east": {"uv": [0, 0, 0.5, 8], "texture": "#0"},
				"south": {"uv": [0, 0, 0.5, 8], "texture": "#0"},
				"west": {"uv": [0, 0, 0.5, 8], "texture": "#0"}
			}
		},
		{
			"from": [7.6, 6.5, 7.6],
			"to": [8.4, 7.5, 8.4],
			"faces": {
				"north": {"uv": [0, 0, 0.8, 1], "texture": "#1"},
				"east": {"uv": [0, 0, 0.8, 1], "texture": "#1"},
				"south": {"uv": [0, 0, 0.8, 1], "texture": "#1"},
				"west": {"uv": [0, 0, 0.8, 1], "texture": "#1"},
				"up": {"uv": [0, 0, 0.8, 0.8], "texture": "#1"},
				"down": {"uv": [0, 0, 0.8, 0.8], "texture": "#1"}
			}
		},
		{
			"from": [7.6, 6.5, 7.6],
			"to": [8.4, 7.5, 8.4],
			"faces": {
				"north": {"uv": [0, 0, 0.8, 1], "texture": "#1"},
				"east": {"uv": [0, 0, 0.8, 1], "texture": "#1"},
				"south": {"uv": [0, 0, 0.8, 1], "texture": "#1"},
				"west": {"uv": [0, 0, 0.8, 1], "texture": "#1"},
				"up": {"uv": [0, 0, 0.8, 0.8], "texture": "#1"},
				"down": {"uv": [0, 0, 0.8, 0.8], "texture": "#1"}
			}
		},
		{
			"from": [7.7, 7.5, 7.7],
			"to": [8.3, 8, 8.3],
			"faces": {
				"north": {"uv": [0, 0, 0.6, 0.5], "texture": "#1"},
				"east": {"uv": [0, 0, 0.6, 0.5], "texture": "#1"},
				"south": {"uv": [0, 0, 0.6, 0.5], "texture": "#1"},
				"west": {"uv": [0, 0, 0.6, 0.5], "texture": "#1"},
				"up": {"uv": [0, 0, 0.6, 0.6], "texture": "#1"}
			}
		},
		{
			"from": [4.24235, 9.61994, 7.7],
			"to": [4.34235, 9.89494, 8.3],
			"rotation": {"angle": -22.5, "axis": "z", "origin": [0.59235, 0.11994, 0.05]},
			"faces": {
				"north": {"uv": [0, 0, 0.1, 0.275], "texture": "#1"},
				"south": {"uv": [0, 0, 0.1, 0.275], "texture": "#1"},
				"west": {"uv": [0, 0, 0.6, 0.275], "texture": "#1"}
			}
		},
		{
			"from": [7.7, 9.61994, 4.24235],
			"to": [8.3, 9.89494, 4.34235],
			"rotation": {"angle": 22.5, "axis": "x", "origin": [15.9, 0.11994, 0.59235]},
			"faces": {
				"north": {"uv": [0, 0, 0.6, 0.275], "texture": "#1"},
				"east": {"uv": [0, 0, 0.1, 0.275], "texture": "#1"},
				"west": {"uv": [0, 0, 0.1, 0.275], "texture": "#1"}
			}
		},
		{
			"from": [7.7, 9.61994, 11.65765],
			"to": [8.3, 9.89494, 11.75765],
			"rotation": {"angle": -22.5, "axis": "x", "origin": [0.8, 0.11994, 15.40765]},
			"faces": {
				"east": {"uv": [0, 0, 0.1, 0.275], "texture": "#1"},
				"south": {"uv": [0, 0, 0.6, 0.275], "texture": "#1"},
				"west": {"uv": [0, 0, 0.1, 0.275], "texture": "#1"}
			}
		},
		{
			"from": [11.65765, 9.61994, 7.7],
			"to": [11.75765, 9.89494, 8.3],
			"rotation": {"angle": 22.5, "axis": "z", "origin": [15.40765, 0.11994, 16.7]},
			"faces": {
				"north": {"uv": [0, 0, 0.1, 0.275], "texture": "#1"},
				"east": {"uv": [0, 0, 0.6, 0.275], "texture": "#1"},
				"south": {"uv": [0, 0, 0.1, 0.275], "texture": "#1"}
			}
		},
		{
			"from": [7.65, 6.4, 7.65],
			"to": [8.35, 6.5, 8.35],
			"faces": {
				"down": {"uv": [0, 0, 0.7, 0.7], "texture": "#1"}
			}
		},
		{
			"from": [9.46357, 10.08258, 7.65],
			"to": [9.51357, 10.20758, 8.35],
			"rotation": {"angle": 22.5, "axis": "z", "origin": [17.81357, 3.68258, 0]},
			"faces": {
				"north": {"uv": [0, 0, 0.05, 0.125], "texture": "#1"},
				"south": {"uv": [0, 0, 0.05, 0.125], "texture": "#1"},
				"west": {"uv": [0, 0, 0.7, 0.125], "texture": "#1"}
			}
		},
		{
			"from": [7.65, 10.08258, 6.48643],
			"to": [8.35, 10.20758, 6.53643],
			"rotation": {"angle": 22.5, "axis": "x", "origin": [0, 3.68258, -1.81357]},
			"faces": {
				"east": {"uv": [0, 0, 0.05, 0.125], "texture": "#1"},
				"south": {"uv": [0, 0, 0.7, 0.125], "texture": "#1"},
				"west": {"uv": [0, 0, 0.05, 0.125], "texture": "#1"}
			}
		},
		{
			"from": [6.48643, 10.08258, 7.65],
			"to": [6.53643, 10.20758, 8.35],
			"rotation": {"angle": -22.5, "axis": "z", "origin": [-1.81357, 3.68258, 16]},
			"faces": {
				"north": {"uv": [0, 0, 0.05, 0.125], "texture": "#1"},
				"east": {"uv": [0, 0, 0.7, 0.125], "texture": "#1"},
				"south": {"uv": [0, 0, 0.05, 0.125], "texture": "#1"}
			}
		},
		{
			"from": [7.65, 10.08258, 9.46357],
			"to": [8.35, 10.20758, 9.51357],
			"rotation": {"angle": -22.5, "axis": "x", "origin": [16, 3.68258, 17.81357]},
			"faces": {
				"north": {"uv": [0, 0, 0.7, 0.125], "texture": "#1"},
				"east": {"uv": [0, 0, 0.05, 0.125], "texture": "#1"},
				"west": {"uv": [0, 0, 0.05, 0.125], "texture": "#1"}
			}
		}
	]
}