{
	"credit": "Made with Blockbench",
	"texture_size": [32, 32],
	"textures": {
		"1": "blocks/electrical",
		"particle": "blocks/electrical"
	},
	"elements": [
		{
			"from": [6.57373, 0, 3.16859],
			"to": [10.57373, 0.5, 5.16859],
			"rotation": {"angle": 22.5, "axis": "y", "origin": [7.97543, 5.95, 6.02723]},
			"faces": {
				"north": {"uv": [8, 4.5, 10, 4.75], "texture": "#1"},
				"east": {"uv": [8, 4, 9, 4.25], "texture": "#1"},
				"south": {"uv": [8, 4, 10, 4.25], "texture": "#1"},
				"west": {"uv": [8, 4, 9, 4.25], "texture": "#1"},
				"up": {"uv": [8, 4, 10, 5], "rotation": 180, "texture": "#1"},
				"down": {"uv": [8, 4, 10, 5], "texture": "#1", "cullface": "down"}
			}
		},
		{
			"from": [0.57373, 1.9, 3.26859],
			"to": [16.57373, 2.4, 5.06859],
			"rotation": {"angle": 22.5, "axis": "y", "origin": [7.97543, 5.95, 6.02723]},
			"faces": {
				"north": {"uv": [8, 4.5, 16, 4.75], "texture": "#1"},
				"east": {"uv": [8, 4, 8.9, 4.25], "texture": "#1"},
				"south": {"uv": [8, 4, 16, 4.25], "texture": "#1"},
				"west": {"uv": [8, 4, 8.9, 4.25], "texture": "#1"},
				"up": {"uv": [8, 4, 16, 4.9], "rotation": 180, "texture": "#1"},
				"down": {"uv": [8, 4, 16, 4.9], "rotation": 180, "texture": "#1"}
			}
		},
		{
			"from": [1.97373, 2, 4.96859],
			"to": [2.17373, 2.2, 5.16859],
			"rotation": {"angle": 22.5, "axis": "y", "origin": [7.97543, 5.95, 6.02723]},
			"faces": {
				"east": {"uv": [5.75, 4, 5.85, 4.1], "texture": "#1"},
				"south": {"uv": [5.75, 4, 5.85, 4.1], "texture": "#1"},
				"west": {"uv": [5.75, 4, 5.85, 4.1], "texture": "#1"},
				"up": {"uv": [5.75, 4, 5.85, 4.1], "rotation": 180, "texture": "#1"},
				"down": {"uv": [5.75, 4, 5.85, 4.1], "rotation": 180, "texture": "#1"}
			}
		},
		{
			"from": [1.07373, 2.4, 3.26859],
			"to": [16.07373, 11.4, 4.66859],
			"rotation": {"angle": 22.5, "axis": "y", "origin": [7.97543, 5.95, 6.02723]},
			"faces": {
				"north": {"uv": [8.5, 3.25, 16, 7.75], "texture": "#1"},
				"south": {"uv": [0, 2, 7.5, 6.5], "texture": "#1"}
			}
		},
		{
			"from": [0.57373, 11.4, 3.26859],
			"to": [16.57373, 11.9, 5.06859],
			"rotation": {"angle": 22.5, "axis": "y", "origin": [7.97543, 5.95, 6.02723]},
			"faces": {
				"north": {"uv": [8, 4.5, 16, 4.75], "texture": "#1"},
				"east": {"uv": [8, 4, 8.9, 4.25], "texture": "#1"},
				"south": {"uv": [8, 4, 16, 4.25], "texture": "#1"},
				"west": {"uv": [8, 4, 8.9, 4.25], "texture": "#1"},
				"up": {"uv": [8, 4, 16, 4.9], "rotation": 180, "texture": "#1"},
				"down": {"uv": [8, 4, 16, 4.9], "rotation": 180, "texture": "#1"}
			}
		},
		{
			"from": [16.07373, 2.4, 3.26859],
			"to": [16.57373, 11.4, 5.06859],
			"rotation": {"angle": 22.5, "axis": "y", "origin": [7.97543, 5.95, 6.02723]},
			"faces": {
				"north": {"uv": [8, 4.5, 12.5, 4.75], "rotation": 90, "texture": "#1"},
				"east": {"uv": [8, 4, 12.5, 4.9], "rotation": 90, "texture": "#1"},
				"south": {"uv": [8, 4, 12.5, 4.25], "rotation": 270, "texture": "#1"},
				"west": {"uv": [8, 4, 12.5, 4.9], "rotation": 90, "texture": "#1"}
			}
		},
		{
			"from": [0.57373, 2.4, 3.26859],
			"to": [1.07373, 11.4, 5.06859],
			"rotation": {"angle": 22.5, "axis": "y", "origin": [7.97543, 5.95, 6.02723]},
			"faces": {
				"north": {"uv": [8, 4.5, 12.5, 4.75], "rotation": 90, "texture": "#1"},
				"east": {"uv": [8, 4, 12.5, 4.9], "rotation": 90, "texture": "#1"},
				"south": {"uv": [8, 4, 12.5, 4.25], "rotation": 270, "texture": "#1"},
				"west": {"uv": [8, 4, 12.5, 4.9], "rotation": 90, "texture": "#1"}
			}
		},
		{
			"from": [8.07373, 0.5, 3.66859],
			"to": [9.07373, 1.9, 4.66859],
			"rotation": {"angle": 22.5, "axis": "y", "origin": [7.97543, 5.95, 6.02723]},
			"faces": {
				"north": {"uv": [8.25, 4.5, 8.75, 5.2], "texture": "#1"},
				"east": {"uv": [8.25, 4, 8.75, 4.7], "texture": "#1"},
				"south": {"uv": [8.25, 4, 8.75, 4.7], "texture": "#1"},
				"west": {"uv": [8.25, 4, 8.75, 4.7], "texture": "#1"}
			}
		}
	],
	"display": {
		"ground": {
			"translation": [0, 4.25, 0]
		}
	}
}