{
	"credit": "Made with Blockbench",
	"texture_size": [32, 32],
	"textures": {
		"1": "blocks/electrical",
		"particle": "blocks/electrical"
	},
	"elements": [
		{
			"from": [3, 0, 7],
			"to": [13, 5, 13],
			"rotation": {"angle": 0, "axis": "y", "origin": [8, 0, 8]},
			"faces": {
				"north": {"uv": [2.75, 11.25, 7.75, 13.75], "texture": "#1"},
				"east": {"uv": [8, 9, 11, 11.5], "texture": "#1"},
				"south": {"uv": [2.75, 8.25, 7.75, 10.75], "texture": "#1"},
				"west": {"uv": [8, 9, 11, 11.5], "texture": "#1"},
				"up": {"uv": [10, 8.5, 15, 11.5], "rotation": 180, "texture": "#1"},
				"down": {"uv": [10, 8.5, 15, 11.5], "rotation": 180, "texture": "#1", "cullface": "down"}
			}
		},
		{
			"from": [10.838, 0.838, 13],
			"to": [12.338, 1.459, 13.248],
			"rotation": {"angle": 0, "axis": "y", "origin": [8, 0, 8]},
			"faces": {
				"east": {"uv": [13, 3.75, 14, 3.875], "rotation": 90, "texture": "#1"},
				"south": {"uv": [12.5, 4.25, 13.5, 5.25], "rotation": 270, "texture": "#1"},
				"west": {"uv": [13, 3.75, 14, 3.875], "rotation": 90, "texture": "#1"}
			}
		},
		{
			"from": [11.2775, 0.3985, 13],
			"to": [11.8985, 1.8985, 13.25],
			"rotation": {"angle": 0, "axis": "y", "origin": [8, 0, 8]},
			"faces": {
				"south": {"uv": [12.5, 4.25, 13.5, 5.25], "rotation": 180, "texture": "#1"},
				"up": {"uv": [13, 3.75, 14, 3.875], "texture": "#1"},
				"down": {"uv": [13, 3.75, 14, 3.875], "texture": "#1"}
			}
		},
		{
			"from": [11.36326, -0.81936, 13],
			"to": [12.86326, -0.19836, 13.249],
			"rotation": {"angle": 45, "axis": "z", "origin": [9.84975, -0.3145, 4]},
			"faces": {
				"east": {"uv": [13, 3.75, 14, 3.875], "rotation": 90, "texture": "#1"},
				"south": {"uv": [12.5, 4.25, 13.5, 5.25], "rotation": 270, "texture": "#1"},
				"west": {"uv": [13, 3.75, 14, 3.875], "rotation": 90, "texture": "#1"}
			}
		},
		{
			"from": [12.38167, 0.03749, 13],
			"to": [13.88167, 0.65849, 13.247],
			"rotation": {"angle": -45, "axis": "z", "origin": [13.32641, 2.61134, 4]},
			"faces": {
				"east": {"uv": [13, 3.75, 14, 3.875], "rotation": 90, "texture": "#1"},
				"south": {"uv": [12.5, 4.25, 13.5, 5.25], "rotation": 270, "texture": "#1"},
				"west": {"uv": [13, 3.75, 14, 3.875], "rotation": 90, "texture": "#1"}
			}
		},
		{
			"from": [12, 4.5, 6.75],
			"to": [12.5, 4.75, 7],
			"rotation": {"angle": 0, "axis": "y", "origin": [8, 0, 8]},
			"faces": {
				"north": {"uv": [8.25, 4, 8.5, 4.125], "texture": "#1"},
				"east": {"uv": [8.25, 4, 8.375, 4.125], "texture": "#1"},
				"west": {"uv": [8.25, 4, 8.375, 4.125], "texture": "#1"},
				"up": {"uv": [8.25, 4, 8.5, 4.125], "rotation": 180, "texture": "#1"},
				"down": {"uv": [8.25, 4, 8.5, 4.125], "rotation": 180, "texture": "#1"}
			}
		}
	],
	"display": {
		"ground": {
			"translation": [0, 4.25, 0]
		}
	}
}