{
	"ambientocclusion": false,
	"credit": "Made with Blockbench",
	"textures": {
		"0": "blocks/leaves_oak",
		"particle": "blocks/leaves_oak"
	},
	"elements": [
		{
			"from": [0, 0, 0],
			"to": [16, 16, 16],
			"faces": {
				"north": {"uv": [4, 4, 12, 12], "texture": "#0", "cullface": "north"},
				"east": {"uv": [4, 4, 12, 12], "texture": "#0", "cullface": "east"},
				"south": {"uv": [4, 4, 12, 12], "texture": "#0", "cullface": "south"},
				"west": {"uv": [4, 4, 12, 12], "texture": "#0", "cullface": "west"},
				"up": {"uv": [4, 4, 12, 12], "texture": "#0"},
				"down": {"uv": [4, 4, 12, 12], "texture": "#0"}
			}
		}
	]
}