{
	"ambientocclusion": false,
	"credit": "Made with Blockbench",
	"textures": {
		"0": "blocks/leaves_oak",
		"particle": "blocks/leaves_oak"
	},
	"elements": [
		{
			"from": [-5, -8, 2],
			"to": [27, 24, 2],
			"shade": false,
			"rotation": {"angle": -45, "axis": "y", "origin": [0, 0, 0]},
			"faces": {
				"north": {"uv": [0, 0, 16, 16], "texture": "#0"},
				"south": {"uv": [0, 0, 16, 16], "texture": "#0"}
			}
		},
		{
			"from": [7, -8, -10],
			"to": [7, 24, 22],
			"shade": false,
			"rotation": {"angle": -22.5, "axis": "y", "origin": [0, 0, 0]},
			"faces": {
				"east": {"uv": [0, 0, 16, 16], "texture": "#0"},
				"west": {"uv": [0, 0, 16, 16], "texture": "#0"}
			}
		},
		{
			"from": [10, -8, -8],
			"to": [10, 24, 24],
			"shade": false,
			"rotation": {"angle": 22.5, "axis": "y", "origin": [12, 0, 5]},
			"faces": {
				"east": {"uv": [0, 0, 16, 16], "texture": "#0"},
				"west": {"uv": [0, 0, 16, 16], "texture": "#0"}
			}
		}
	]
}