{
	"credit": "Made with Blockbench",
	"textures": {
		"1": "blocks/office",
		"particle": "blocks/office"
	},
	"elements": [
		{
			"from": [9.45967, 0.001, 6.10973],
			"to": [12.45967, 0.001, 10.60973],
			"rotation": {"angle": -22.5, "axis": "y", "origin": [10.95967, 0.0001, 8.35973]},
			"faces": {
				"up": {"uv": [3, 0, 6, 4.5], "rotation": 180, "texture": "#1"},
				"down": {"uv": [0, 0, 3, 4.5], "rotation": 180, "texture": "#1", "cullface": "down"}
			}
		},
		{
			"from": [11.17893, 0.001, 5.16421],
			"to": [15.67893, 0.001, 8.16421],
			"rotation": {"angle": 22.5, "axis": "y", "origin": [3.42893, 0.0001, 4.66421]},
			"faces": {
				"up": {"uv": [6, 0, 9, 4.5], "rotation": 270, "texture": "#1"},
				"down": {"uv": [0, 0, 3, 4.5], "rotation": 90, "texture": "#1", "cullface": "down"}
			}
		},
		{
			"from": [7.92893, 0.002, 3.41421],
			"to": [10.92893, 0.002, 7.91421],
			"rotation": {"angle": 22.5, "axis": "y", "origin": [10.42893, 0.0002, 5.66421]},
			"faces": {
				"up": {"uv": [0, 0, 3, 4.5], "texture": "#1"},
				"down": {"uv": [0, 0, 3, 4.5], "texture": "#1", "cullface": "down"}
			}
		},
		{
			"from": [5.17893, 0.001, 10.16421],
			"to": [9.67893, 0.001, 13.16421],
			"rotation": {"angle": -22.5, "axis": "y", "origin": [3.42893, 0.0001, 4.66421]},
			"faces": {
				"up": {"uv": [0, 4.5, 3, 9], "rotation": 270, "texture": "#1"},
				"down": {"uv": [0, 0, 3, 4.5], "rotation": 90, "texture": "#1", "cullface": "down"}
			}
		},
		{
			"from": [0.92893, 0.001, 0.41421],
			"to": [3.92893, 0.001, 4.91421],
			"rotation": {"angle": 0, "axis": "y", "origin": [3.42893, 0.0001, 4.66421]},
			"faces": {
				"up": {"uv": [9, 0, 12, 4.5], "texture": "#1"},
				"down": {"uv": [0, 0, 3, 4.5], "texture": "#1", "cullface": "down"}
			}
		}
	]
}