{
	"credit": "Made with Blockbench",
	"textures": {
		"1": "blocks/office",
		"particle": "blocks/office"
	},
	"elements": [
		{
			"from": [-1.07107, 0.001, 8.41421],
			"to": [1.92893, 0.001, 12.91421],
			"rotation": {"angle": 22.5, "axis": "y", "origin": [3.42893, 0.0001, 4.66421]},
			"faces": {
				"up": {"uv": [3, 4.5, 6, 9], "texture": "#1"},
				"down": {"uv": [0, 4.5, 3, 9], "rotation": 180, "texture": "#1", "cullface": "down"}
			}
		},
		{
			"from": [3.56789, 0.001, 1.09228],
			"to": [8.06789, 0.001, 4.09228],
			"rotation": {"angle": -22.5, "axis": "y", "origin": [5.81789, 0.0001, 2.59228]},
			"faces": {
				"up": {"uv": [0, 0, 3, 4.5], "rotation": 270, "texture": "#1"},
				"down": {"uv": [0, 0, 3, 4.5], "rotation": 90, "texture": "#1", "cullface": "down"}
			}
		},
		{
			"from": [7.17893, 0.002, 13.16421],
			"to": [11.67893, 0.002, 16.16421],
			"rotation": {"angle": 22.5, "axis": "y", "origin": [3.42893, 0.0001, 4.66421]},
			"faces": {
				"up": {"uv": [6, 0, 9, 4.5], "rotation": 270, "texture": "#1"},
				"down": {"uv": [0, 0, 3, 4.5], "rotation": 90, "texture": "#1", "cullface": "down"}
			}
		},
		{
			"from": [1.12868, 0.001, 7.62868],
			"to": [5.62868, 0.001, 10.62868],
			"rotation": {"angle": 45, "axis": "y", "origin": [8.37868, 0.0001, 1.12868]},
			"faces": {
				"up": {"uv": [3, 0, 6, 4.5], "rotation": 270, "texture": "#1"},
				"down": {"uv": [0, 0, 3, 4.5], "rotation": 90, "texture": "#1", "cullface": "down"}
			}
		},
		{
			"from": [10, 0, 10.5],
			"to": [12, 0.25, 13],
			"rotation": {"angle": 0, "axis": "y", "origin": [4, 0, 7]},
			"faces": {
				"north": {"uv": [1.5, 13, 3.5, 13.25], "texture": "#1"},
				"south": {"uv": [1.5, 13, 3.5, 13.25], "texture": "#1"},
				"west": {"uv": [0, 13, 2.5, 13.25], "texture": "#1"},
				"up": {"uv": [4, 14, 6.5, 16], "rotation": 90, "texture": "#1"},
				"down": {"uv": [1.5, 13, 3.5, 15.5], "texture": "#1", "cullface": "down"}
			}
		},
		{
			"from": [12.53284, -2.67878, 10.5],
			"to": [13.53284, -2.42878, 13],
			"rotation": {"angle": 22.5, "axis": "z", "origin": [5.53284, -2.67878, 7]},
			"faces": {
				"north": {"uv": [1.5, 13, 2.5, 13.25], "texture": "#1"},
				"east": {"uv": [1.5, 14.5, 4, 14.75], "texture": "#1"},
				"south": {"uv": [1.5, 13, 2.5, 13.25], "texture": "#1"},
				"up": {"uv": [4, 13, 6.5, 14], "rotation": 90, "texture": "#1"},
				"down": {"uv": [1.5, 13, 2.5, 15.5], "texture": "#1"}
			}
		},
		{
			"from": [9, 0, 1],
			"to": [13, 0.25, 6.5],
			"rotation": {"angle": -22.5, "axis": "y", "origin": [11, 0.125, 5.75]},
			"faces": {
				"north": {"uv": [11.5, 15.75, 15.5, 16], "texture": "#1"},
				"east": {"uv": [15.75, 10, 16, 15.5], "rotation": 90, "texture": "#1"},
				"south": {"uv": [11.5, 9.5, 15.5, 9.75], "texture": "#1"},
				"west": {"uv": [11, 10, 11.25, 15.5], "rotation": 90, "texture": "#1"},
				"up": {"uv": [11.5, 10, 15.5, 15.5], "texture": "#1"},
				"down": {"uv": [15.5, 10, 11.5, 15.5], "rotation": 180, "texture": "#1", "cullface": "down"}
			}
		}
	]
}