{
	"credit": "Made with Blockbench",
	"textures": {
		"0": "blocks/bookshelf",
		"1": "blocks/office",
		"particle": "blocks/office"
	},
	"elements": [
		{
			"from": [10.07107, 0.001, 6.07107],
			"to": [13.07107, 0.001, 10.57107],
			"rotation": {"angle": 45, "axis": "y", "origin": [17.57107, 0.0001, 10.32107]},
			"faces": {
				"up": {"uv": [0, 0, 3, 4.5], "texture": "#1"},
				"down": {"uv": [0, 0, 3, 4.5], "texture": "#1", "cullface": "down"}
			}
		},
		{
			"from": [6.07107, 0.001, 4.07107],
			"to": [9.07107, 0.001, 8.57107],
			"rotation": {"angle": -22.5, "axis": "y", "origin": [17.57107, 0.0001, 10.32107]},
			"faces": {
				"up": {"uv": [6, 0, 9, 4.5], "texture": "#1"},
				"down": {"uv": [0, 0, 3, 4.5], "texture": "#1", "cullface": "down"}
			}
		},
		{
			"from": [9.35, 0, 7.2],
			"to": [13.15, 0.5, 7.2],
			"rotation": {"angle": 22.5, "axis": "y", "origin": [11.25, 1.9, 7.875]},
			"faces": {
				"north": {"uv": [13.75, 0.25, 14, 2.15], "rotation": 90, "texture": "#0"},
				"south": {"uv": [13.75, 0.25, 14, 2.15], "rotation": 270, "texture": "#0"}
			}
		},
		{
			"from": [9.45, 0, 7.2],
			"to": [13.05, 0.5, 9.8],
			"rotation": {"angle": 22.5, "axis": "y", "origin": [11.25, 1.9, 7.875]},
			"faces": {
				"east": {"uv": [15.25, 11.15, 15.5, 12.45], "rotation": 270, "texture": "#0"},
				"south": {"uv": [15.25, 10.15, 15.5, 11.95], "rotation": 270, "texture": "#0"},
				"west": {"uv": [15.25, 11.15, 15.5, 12.45], "rotation": 90, "texture": "#0"}
			}
		},
		{
			"from": [9.35, 0.5, 7.2],
			"to": [13.15, 0.5, 9.9],
			"rotation": {"angle": 22.5, "axis": "y", "origin": [11.25, 1.9, 7.875]},
			"faces": {
				"up": {"uv": [13.15, 1.75, 14.5, 3.65], "rotation": 270, "texture": "#0"},
				"down": {"uv": [13.15, 1.75, 14.5, 3.65], "rotation": 270, "texture": "#0"}
			}
		},
		{
			"from": [4.375, 0, 10.875],
			"to": [4.375, 0.5, 14.675],
			"rotation": {"angle": 0, "axis": "y", "origin": [3.05, 1.9, 10.775]},
			"faces": {
				"east": {"uv": [6.5, 12.2, 6.75, 14.1], "rotation": 90, "texture": "#0"},
				"west": {"uv": [6.5, 12.2, 6.75, 14.1], "rotation": 270, "texture": "#0"}
			}
		},
		{
			"from": [4.375, 0.5, 10.875],
			"to": [7.075, 0.5, 14.675],
			"rotation": {"angle": 0, "axis": "y", "origin": [3.05, 1.9, 10.775]},
			"faces": {
				"up": {"uv": [5.5, 14.1, 6.85, 16], "texture": "#0"},
				"down": {"uv": [5.5, 14.1, 6.85, 16], "rotation": 180, "texture": "#0"}
			}
		},
		{
			"from": [4.375, 0, 10.975],
			"to": [6.975, 0.5, 14.575],
			"rotation": {"angle": 0, "axis": "y", "origin": [3.05, 1.9, 10.775]},
			"faces": {
				"north": {"uv": [15.25, 11.15, 15.5, 12.45], "rotation": 270, "texture": "#0"},
				"east": {"uv": [15.25, 10.15, 15.5, 11.95], "rotation": 90, "texture": "#0"},
				"south": {"uv": [15.25, 11.15, 15.5, 12.45], "rotation": 90, "texture": "#0"}
			}
		},
		{
			"from": [2.55, 0.001, 2.1],
			"to": [6.35, 0.001, 4.8],
			"rotation": {"angle": -22.5, "axis": "y", "origin": [3.45, 1.9, 0.775]},
			"faces": {
				"up": {"uv": [13, 8.6, 14.35, 10.5], "rotation": 90, "texture": "#0"},
				"down": {"uv": [13, 8.6, 14.35, 10.5], "rotation": 90, "texture": "#0", "cullface": "down"}
			}
		},
		{
			"from": [2.55, 0, 2.1],
			"to": [6.35, 0.5, 2.1],
			"rotation": {"angle": -22.5, "axis": "y", "origin": [3.45, 1.9, 0.775]},
			"faces": {
				"north": {"uv": [13, 8.7, 13.25, 10.6], "rotation": 270, "texture": "#0"},
				"south": {"uv": [13, 8.7, 13.25, 10.6], "rotation": 90, "texture": "#0"}
			}
		},
		{
			"from": [2.55, 0.5, 2.1],
			"to": [6.35, 0.5, 4.8],
			"rotation": {"angle": -22.5, "axis": "y", "origin": [3.45, 1.9, 0.775]},
			"faces": {
				"up": {"uv": [13, 8.6, 14.35, 10.5], "rotation": 90, "texture": "#0"},
				"down": {"uv": [13, 8.6, 14.35, 10.5], "rotation": 90, "texture": "#0"}
			}
		},
		{
			"from": [9.35, 0.001, 7.2],
			"to": [13.15, 0.001, 9.9],
			"rotation": {"angle": 22.5, "axis": "y", "origin": [11.25, 1.9, 7.875]},
			"faces": {
				"up": {"uv": [14.15, 2.1, 15.5, 4], "rotation": 270, "texture": "#0"},
				"down": {"uv": [14.15, 2.1, 15.5, 4], "rotation": 270, "texture": "#0", "cullface": "down"}
			}
		},
		{
			"from": [8.45795, 0.5001, 6.99076],
			"to": [12.25795, 0.5001, 9.69076],
			"rotation": {"angle": 45, "axis": "y", "origin": [10.35795, 0.75, 8.01576]},
			"faces": {
				"up": {"uv": [5.4, 9.0875, 6.75, 10.9875], "rotation": 270, "texture": "#0"},
				"down": {"uv": [5.4, 9.0875, 6.75, 10.9875], "rotation": 270, "texture": "#0"}
			}
		},
		{
			"from": [4.375, 0.001, 10.875],
			"to": [7.075, 0.001, 14.675],
			"rotation": {"angle": 0, "axis": "y", "origin": [3.05, 1.9, 10.775]},
			"faces": {
				"up": {"uv": [5.5, 14.1, 6.85, 16], "texture": "#0"},
				"down": {"uv": [5.5, 14.1, 6.85, 16], "rotation": 180, "texture": "#0", "cullface": "down"}
			}
		},
		{
			"from": [2.65, 0, 2.1],
			"to": [6.25, 0.5, 4.7],
			"rotation": {"angle": -22.5, "axis": "y", "origin": [3.45, 1.9, 0.775]},
			"faces": {
				"east": {"uv": [15.25, 11.15, 15.5, 12.45], "rotation": 270, "texture": "#0"},
				"south": {"uv": [15.25, 10.15, 15.5, 11.95], "rotation": 90, "texture": "#0"},
				"west": {"uv": [15.25, 11.15, 15.5, 12.45], "rotation": 90, "texture": "#0"}
			}
		},
		{
			"from": [8.45795, 1.0001, 6.99076],
			"to": [12.25795, 1.0001, 9.69076],
			"rotation": {"angle": 45, "axis": "y", "origin": [10.35795, 0.75, 8.01576]},
			"faces": {
				"up": {"uv": [5.4, 8.75, 6.75, 10.65], "rotation": 270, "texture": "#0"},
				"down": {"uv": [5.4, 8.75, 6.75, 10.65], "rotation": 270, "texture": "#0"}
			}
		},
		{
			"from": [8.45795, 0.5001, 9.69076],
			"to": [12.25795, 1.0001, 9.69076],
			"rotation": {"angle": 45, "axis": "y", "origin": [10.35795, 0.75, 8.01576]},
			"faces": {
				"north": {"uv": [6.75, 9.35, 7, 11.25], "rotation": 90, "texture": "#0"},
				"south": {"uv": [6.75, 9.35, 7, 11.25], "rotation": 270, "texture": "#0"}
			}
		},
		{
			"from": [8.55795, 0.5001, 7.09076],
			"to": [12.15795, 1.0001, 9.69076],
			"rotation": {"angle": 45, "axis": "y", "origin": [10.35795, 0.75, 8.01576]},
			"faces": {
				"north": {"uv": [15.25, 10.15, 15.5, 11.95], "rotation": 90, "texture": "#0"},
				"east": {"uv": [15.25, 11.15, 15.5, 12.45], "rotation": 90, "texture": "#0"},
				"west": {"uv": [15.25, 11.15, 15.5, 12.45], "rotation": 270, "texture": "#0"}
			}
		}
	]
}