{
	"ambientocclusion": false,
	"credit": "Made with Blockbench",
	"textures": {
		"0": "blocks/leaves_spruce",
		"particle": "blocks/leaves_spruce"
	},
	"elements": [
		{
			"from": [0, 0, 0],
			"to": [16, 16, 16],
			"faces": {
				"north": {"uv": [4, 4, 12, 12], "texture": "#0"},
				"east": {"uv": [4, 4, 12, 12], "texture": "#0"},
				"south": {"uv": [4, 4, 12, 12], "texture": "#0"},
				"west": {"uv": [4, 4, 12, 12], "texture": "#0"},
				"up": {"uv": [4, 4, 12, 12], "texture": "#0", "cullface": "up"},
				"down": {"uv": [4, 4, 12, 12], "texture": "#0", "cullface": "down"}
			}
		}
	]
}