{
	"ambientocclusion": false,
	"credit": "Made with Blockbench",
	"textures": {
		"0": "blocks/leaves_spruce",
		"particle": "blocks/leaves_spruce"
	},
	"elements": [
		{
			"from": [-8, 6, -8],
			"to": [24, 6, 24],
			"shade": false,
			"rotation": {"angle": 22.5, "axis": "x", "origin": [8, 9, 8]},
			"faces": {
				"up": {"uv": [0, 0, 16, 16], "rotation": 90, "texture": "#0"},
				"down": {"uv": [0, 0, 16, 16], "rotation": 90, "texture": "#0"}
			}
		},
		{
			"from": [-8, 10, -8],
			"to": [24, 10, 24],
			"shade": false,
			"rotation": {"angle": -22.5, "axis": "z", "origin": [8, 9, 8]},
			"faces": {
				"up": {"uv": [0, 0, 16, 16], "rotation": 90, "texture": "#0"},
				"down": {"uv": [0, 0, 16, 16], "rotation": 90, "texture": "#0"}
			}
		},
		{
			"from": [-8, 11, -8],
			"to": [24, 11, 24],
			"shade": false,
			"rotation": {"angle": -22.5, "axis": "x", "origin": [8, 9, 8]},
			"faces": {
				"up": {"uv": [0, 0, 16, 16], "rotation": 180, "texture": "#0"},
				"down": {"uv": [0, 0, 16, 16], "texture": "#0"}
			}
		}
	]
}