{
	"credit": "Made with Blockbench",
	"ambientocclusion": false,
	"texture_size": [32, 32],
	"textures": {
		"0": "blocks/door_spruce",
		"particle": "blocks/door_spruce"
	},
	"elements": [
		{
			"from": [-0.1, 14.5, 14],
			"to": [0, 15.5, 15],
			"rotation": {"angle": 0, "axis": "y", "origin": [0, 14, 8]},
			"faces": {
				"north": {"uv": [11.3, 14.5, 11.25, 15], "texture": "#0"},
				"south": {"uv": [12, 15.5, 12.05, 16], "texture": "#0"},
				"west": {"uv": [12.75, 14.75, 12.25, 15.25], "texture": "#0"},
				"up": {"uv": [11.25, 15.25, 11.3, 15.75], "texture": "#0"},
				"down": {"uv": [11.75, 14.25, 11.8, 14.75], "texture": "#0"}
			}
		},
		{
			"from": [1, 14.5, 14],
			"to": [1.1, 15.5, 15],
			"rotation": {"angle": 0, "axis": "y", "origin": [0, 14, 8]},
			"faces": {
				"north": {"uv": [12, 15.5, 12.05, 16], "texture": "#0"},
				"east": {"uv": [12.75, 14.75, 12.25, 15.25], "texture": "#0"},
				"south": {"uv": [11.3, 14.5, 11.25, 15], "texture": "#0"},
				"up": {"uv": [11.25, 15.25, 11.3, 15.75], "rotation": 180, "texture": "#0"},
				"down": {"uv": [11.75, 14.25, 11.8, 14.75], "rotation": 180, "texture": "#0"}
			}
		},
		{
			"from": [0, 0, 0],
			"to": [1, 16, 16],
			"faces": {
				"north": {"uv": [11, 8, 10.5, 16], "texture": "#0"},
				"east": {"uv": [0, 8, 8, 16], "texture": "#0"},
				"south": {"uv": [8.5, 8, 9, 16], "texture": "#0"},
				"west": {"uv": [8, 8, 0, 16], "texture": "#0"},
				"down": {"uv": [8, 8, 8.5, 16], "texture": "#0"}
			}
		}
	]
}