{
	"credit": "Made with Blockbench",
	"textures": {
		"particle": "blocks/display",
		"texture": "blocks/display"
	},
	"elements": [
		{
			"from": [3, 0, 8],
			"to": [13, 0.5, 12],
			"rotation": {"angle": 0, "axis": "y", "origin": [16, 0, 16]},
			"faces": {
				"up": {"uv": [0, 12, 10, 16], "rotation": 180, "texture": "#texture"}
			}
		},
		{
			"from": [13, 0, 2],
			"to": [14, 0.75, 14],
			"rotation": {"angle": 0, "axis": "y", "origin": [16, 0, 16]},
			"faces": {
				"north": {"uv": [0, 0, 1, 0.75], "texture": "#texture"},
				"east": {"uv": [0, 0, 12, 0.75], "texture": "#texture"},
				"south": {"uv": [0, 0, 1, 0.75], "texture": "#texture"},
				"west": {"uv": [0.25, 12, 1, 0], "rotation": 270, "texture": "#texture"},
				"up": {"uv": [0, 0, 1, 12], "rotation": 180, "texture": "#texture"}
			}
		},
		{
			"from": [3, 0, 2],
			"to": [13, 0.75, 8],
			"rotation": {"angle": 0, "axis": "y", "origin": [16, 0, 16]},
			"faces": {
				"north": {"uv": [0, 0, 10, 0.75], "texture": "#texture"},
				"south": {"uv": [1, 6, 11, 6.75], "texture": "#texture"},
				"up": {"uv": [1, 6, 11, 12], "rotation": 180, "texture": "#texture"}
			}
		},
		{
			"from": [3, 0, 12],
			"to": [13, 0.75, 14],
			"rotation": {"angle": 0, "axis": "y", "origin": [16, 0, 16]},
			"faces": {
				"north": {"uv": [1, 6, 11, 6.75], "texture": "#texture"},
				"south": {"uv": [0, 0, 10, 0.75], "texture": "#texture"},
				"up": {"uv": [1, 0, 11, 2], "rotation": 180, "texture": "#texture"}
			}
		},
		{
			"from": [2, 0, 2],
			"to": [3, 0.75, 14],
			"rotation": {"angle": 0, "axis": "y", "origin": [16, 0, 16]},
			"faces": {
				"north": {"uv": [0, 0, 1, 0.75], "texture": "#texture"},
				"east": {"uv": [10.75, 0, 11.5, 12], "rotation": 270, "texture": "#texture"},
				"south": {"uv": [0, 0, 1, 0.75], "texture": "#texture"},
				"west": {"uv": [0, 0, 12, 0.75], "texture": "#texture"},
				"up": {"uv": [11, 0, 12, 12], "rotation": 180, "texture": "#texture"}
			}
		},
		{
			"from": [12.5, 0.75, 6],
			"to": [13, 0.95, 6.5],
			"rotation": {"angle": 0, "axis": "y", "origin": [16, 0, 16]},
			"faces": {
				"north": {"uv": [13.5, 0.5, 14, 0.7], "texture": "#texture"},
				"east": {"uv": [13.5, 0, 14, 0.2], "texture": "#texture"},
				"south": {"uv": [13.5, 0.5, 14, 0.7], "texture": "#texture"},
				"west": {"uv": [13.5, 0, 14, 0.2], "texture": "#texture"},
				"up": {"uv": [13.5, 0.5, 14, 1], "rotation": 180, "texture": "#texture"}
			}
		},
		{
			"from": [10.5, 0.75, 6],
			"to": [11, 0.95, 6.5],
			"rotation": {"angle": 0, "axis": "y", "origin": [16, 0, 16]},
			"faces": {
				"north": {"uv": [13.5, 0.5, 14, 0.7], "texture": "#texture"},
				"east": {"uv": [14, 0.5, 14.5, 0.7], "texture": "#texture"},
				"south": {"uv": [13.5, 0.5, 14, 0.7], "texture": "#texture"},
				"west": {"uv": [13.5, 0.5, 14, 0.7], "texture": "#texture"},
				"up": {"uv": [13.5, 0.5, 14, 1], "rotation": 180, "texture": "#texture"}
			}
		},
		{
			"from": [8.5, 0.75, 3.5],
			"to": [9, 0.95, 4],
			"rotation": {"angle": 0, "axis": "y", "origin": [16, 0, 16]},
			"faces": {
				"north": {"uv": [14, 0.5, 14.5, 0.7], "texture": "#texture"},
				"east": {"uv": [14.5, 0, 15, 0.2], "texture": "#texture"},
				"south": {"uv": [13.5, 0.5, 14, 0.7], "texture": "#texture"},
				"west": {"uv": [14.5, 0, 15, 0.2], "texture": "#texture"},
				"up": {"uv": [14, 0, 14.5, 0.5], "rotation": 180, "texture": "#texture"}
			}
		},
		{
			"from": [4, 0.75, 6],
			"to": [4.5, 0.95, 6.5],
			"rotation": {"angle": 0, "axis": "y", "origin": [16, 0, 16]},
			"faces": {
				"north": {"uv": [14.5, 0.5, 15, 0.7], "texture": "#texture"},
				"east": {"uv": [14.5, 0.5, 15, 0.7], "texture": "#texture"},
				"south": {"uv": [14.5, 0.5, 15, 0.7], "texture": "#texture"},
				"west": {"uv": [14.5, 0.5, 15, 0.7], "texture": "#texture"},
				"up": {"uv": [14.5, 0.5, 15, 1], "rotation": 180, "texture": "#texture"}
			}
		},
		{
			"from": [3, 0.64672, 3.01924],
			"to": [3.5, 0.84672, 3.51924],
			"rotation": {"angle": 22.5, "axis": "x", "origin": [3.25, 0.74672, 3.26924]},
			"faces": {
				"north": {"uv": [14.5, 0.5, 15, 0.7], "texture": "#texture"},
				"east": {"uv": [14.5, 0.5, 15, 0.7], "texture": "#texture"},
				"south": {"uv": [14.5, 0.5, 15, 0.7], "texture": "#texture"},
				"west": {"uv": [14.5, 0.5, 15, 0.7], "texture": "#texture"},
				"up": {"uv": [14.5, 0.5, 15, 1], "rotation": 180, "texture": "#texture"}
			}
		},
		{
			"from": [6, 0.25, 4.25],
			"to": [6.5, 0.75, 5.75],
			"rotation": {"angle": -45, "axis": "x", "origin": [6.25, 0.5, 4.25]},
			"faces": {
				"east": {"uv": [12.5, 0, 13, 1.5], "rotation": 270, "texture": "#texture"},
				"south": {"uv": [12.5, 0, 13, 0.5], "rotation": 180, "texture": "#texture"},
				"west": {"uv": [12.5, 0, 13, 1.5], "rotation": 90, "texture": "#texture"},
				"up": {"uv": [12.5, 0, 13, 1.5], "rotation": 180, "texture": "#texture"},
				"down": {"uv": [12.5, 0, 13, 1.5], "texture": "#texture"}
			}
		},
		{
			"from": [12.5, 0.75, 3.5],
			"to": [13, 0.95, 4],
			"rotation": {"angle": 0, "axis": "y", "origin": [16, 0, 16]},
			"faces": {
				"north": {"uv": [14, 0, 14.5, 0.2], "texture": "#texture"},
				"east": {"uv": [14.5, 0, 15, 0.2], "texture": "#texture"},
				"south": {"uv": [14, 0, 14.5, 0.2], "texture": "#texture"},
				"west": {"uv": [14, 0, 14.5, 0.2], "texture": "#texture"},
				"up": {"uv": [14, 0, 14.5, 0.5], "rotation": 180, "texture": "#texture"}
			}
		}
	]
}