{
	"credit": "Made with Blockbench",
	"ambientocclusion": false,
	"textures": {
		"particle": "blocks/tallgrass_4",
		"plant": "blocks/tallgrass_4"
	},
	"elements": [
		{
			"from": [8, 0, 5],
			"to": [15, 6, 5],
			"shade": false,
			"rotation": {"angle": 22.5, "axis": "y", "origin": [8.5, 0, 5], "rescale": true},
			"faces": {
				"north": {"uv": [10.5, 10, 3.5, 16], "texture": "#plant", "tintindex": 1},
				"south": {"uv": [3.5, 10, 10.5, 16], "texture": "#plant", "tintindex": 1}
			}
		},
		{
			"from": [12.5, 0, 6.5],
			"to": [12.5, 6, 13.5],
			"shade": false,
			"rotation": {"angle": -22.5, "axis": "y", "origin": [8.5, 0, 5], "rescale": true},
			"faces": {
				"east": {"uv": [3.5, 10, 10.5, 16], "texture": "#plant", "tintindex": 1},
				"west": {"uv": [10.5, 10, 3.5, 16], "texture": "#plant", "tintindex": 1}
			}
		},
		{
			"from": [9, 0, 10],
			"to": [16, 6, 10],
			"shade": false,
			"rotation": {"angle": -22.5, "axis": "y", "origin": [8.5, 0, 5], "rescale": true},
			"faces": {
				"north": {"uv": [10.5, 10, 3.5, 16], "texture": "#plant", "tintindex": 1},
				"south": {"uv": [3.5, 10, 10.5, 16], "texture": "#plant", "tintindex": 1}
			}
		},
		{
			"from": [5, 0, 10],
			"to": [12, 6, 10],
			"shade": false,
			"rotation": {"angle": -45, "axis": "y", "origin": [8.5, 0, 5], "rescale": true},
			"faces": {
				"north": {"uv": [10.5, 10, 3.5, 16], "texture": "#plant", "tintindex": 1},
				"south": {"uv": [3.5, 10, 10.5, 16], "texture": "#plant", "tintindex": 1}
			}
		},
		{
			"from": [8.5, 0, 6.5],
			"to": [8.5, 6, 13.5],
			"shade": false,
			"rotation": {"angle": -45, "axis": "y", "origin": [8.5, 0, 5], "rescale": true},
			"faces": {
				"east": {"uv": [3.5, 10, 10.5, 16], "texture": "#plant", "tintindex": 1},
				"west": {"uv": [10.5, 10, 3.5, 16], "texture": "#plant", "tintindex": 1}
			}
		},
		{
			"from": [11.5, 0, 1.5],
			"to": [11.5, 6, 8.5],
			"shade": false,
			"rotation": {"angle": 22.5, "axis": "y", "origin": [8.5, 0, 5], "rescale": true},
			"faces": {
				"east": {"uv": [10.5, 10, 3.5, 16], "texture": "#plant", "tintindex": 1},
				"west": {"uv": [3.5, 10, 10.5, 16], "texture": "#plant", "tintindex": 1}
			}
		}
	]
}