{
	"credit": "Made with Blockbench",
	"ambientocclusion": false,
	"textures": {
		"0": "blocks/tallgrass_1",
		"particle": "blocks/tallgrass_1"
	},
	"elements": [
		{
			"from": [7.75, 0, 10.75],
			"to": [8.25, 16, 11.25],
			"rotation": {"angle": 0, "axis": "y", "origin": [0, 0, 3]},
			"faces": {
				"north": {"uv": [0, 0, 0.5, 16], "texture": "#0", "tintindex": 1},
				"east": {"uv": [0, 0, 0.5, 16], "texture": "#0", "tintindex": 1},
				"south": {"uv": [0, 0, 0.5, 16], "texture": "#0", "tintindex": 1},
				"west": {"uv": [0, 0, 0.5, 16], "texture": "#0", "tintindex": 1}
			}
		},
		{
			"from": [3.75, 0, 5.75],
			"to": [4.25, 14, 6.25],
			"faces": {
				"north": {"uv": [0, 2, 0.5, 16], "texture": "#0", "tintindex": 1},
				"east": {"uv": [0, 2, 0.5, 16], "texture": "#0", "tintindex": 1},
				"south": {"uv": [0, 2, 0.5, 16], "texture": "#0", "tintindex": 1},
				"west": {"uv": [0, 2, 0.5, 16], "texture": "#0", "tintindex": 1}
			}
		},
		{
			"from": [10.16637, 6.16637, 10.7501],
			"to": [10.66637, 9.16637, 11.2499],
			"rotation": {"angle": 45, "axis": "z", "origin": [2.41637, 6.16637, 3]},
			"faces": {
				"north": {"uv": [0, 0, 0.5, 3], "texture": "#0", "tintindex": 1},
				"east": {"uv": [0, 0, 0.5, 3], "texture": "#0", "tintindex": 1},
				"south": {"uv": [0, 0, 0.5, 3], "texture": "#0", "tintindex": 1},
				"west": {"uv": [0, 0, 0.5, 3], "texture": "#0", "tintindex": 1}
			}
		},
		{
			"from": [8.37799, 12.15714, 10.7501],
			"to": [8.87799, 17.15714, 11.2499],
			"rotation": {"angle": -22.5, "axis": "z", "origin": [0.62799, 12.15714, 3]},
			"faces": {
				"north": {"uv": [0, 0, 0.5, 5], "texture": "#0", "tintindex": 1},
				"east": {"uv": [0, 0, 0.5, 5], "texture": "#0", "tintindex": 1},
				"south": {"uv": [0, 0, 0.5, 5], "texture": "#0", "tintindex": 1},
				"west": {"uv": [0, 0, 0.5, 5], "texture": "#0", "tintindex": 1}
			}
		},
		{
			"from": [10.7501, 12.15714, 3.12201],
			"to": [11.2499, 17.15714, 3.62201],
			"rotation": {"angle": -22.5, "axis": "x", "origin": [0.9999, 12.15714, 11.37201]},
			"faces": {
				"north": {"uv": [0, 0, 0.4998, 5], "texture": "#0", "tintindex": 1},
				"east": {"uv": [0, 0, 0.5, 5], "texture": "#0", "tintindex": 1},
				"south": {"uv": [0, 0, 0.4998, 5], "texture": "#0", "tintindex": 1},
				"west": {"uv": [0, 0, 0.5, 5], "texture": "#0", "tintindex": 1}
			}
		},
		{
			"from": [7, 3, 0],
			"to": [15, 3, 8],
			"shade": false,
			"rotation": {"angle": 45, "axis": "y", "origin": [11, 0, 4]},
			"faces": {
				"up": {"uv": [16, 8, 8, 16], "texture": "#0", "tintindex": 1},
				"down": {"uv": [16, 16, 8, 8], "texture": "#0", "tintindex": 1}
			}
		},
		{
			"from": [6, 16, 9],
			"to": [10, 16, 13],
			"rotation": {"angle": -22.5, "axis": "y", "origin": [8, 18, 11]},
			"faces": {
				"up": {"uv": [7.5, 0, 11.5, 4], "texture": "#0"},
				"down": {"uv": [12, 0, 16, 4], "texture": "#0", "tintindex": 1}
			}
		},
		{
			"from": [0, 5, 2],
			"to": [8, 5, 10],
			"shade": false,
			"rotation": {"angle": 0, "axis": "y", "origin": [8, 0, 11]},
			"faces": {
				"up": {"uv": [16, 8, 8, 16], "texture": "#0", "tintindex": 1},
				"down": {"uv": [16, 16, 8, 8], "texture": "#0", "tintindex": 1}
			}
		},
		{
			"from": [0, 8, 2],
			"to": [8, 8, 10],
			"shade": false,
			"rotation": {"angle": 22.5, "axis": "z", "origin": [4, 8, 6]},
			"faces": {
				"up": {"uv": [16, 8, 8, 16], "texture": "#0", "tintindex": 1},
				"down": {"uv": [16, 16, 8, 8], "texture": "#0", "tintindex": 1}
			}
		},
		{
			"from": [2, 14, 4],
			"to": [6, 14, 8],
			"rotation": {"angle": 0, "axis": "y", "origin": [8, 18, 8]},
			"faces": {
				"up": {"uv": [7.5, 0, 11.5, 4], "texture": "#0"},
				"down": {"uv": [12, 0, 16, 4], "texture": "#0", "tintindex": 1}
			}
		},
		{
			"from": [10.75, 0, 3.75],
			"to": [11.25, 15, 4.25],
			"rotation": {"angle": 0, "axis": "y", "origin": [8, 0, -5]},
			"faces": {
				"north": {"uv": [0, 1, 0.5, 16], "texture": "#0", "tintindex": 1},
				"east": {"uv": [0, 1, 0.5, 16], "texture": "#0", "tintindex": 1},
				"south": {"uv": [0, 1, 0.5, 16], "texture": "#0", "tintindex": 1},
				"west": {"uv": [0, 1, 0.5, 16], "texture": "#0", "tintindex": 1}
			}
		},
		{
			"from": [9, 15, 2],
			"to": [13, 15, 6],
			"rotation": {"angle": 45, "axis": "y", "origin": [11, 27, 4]},
			"faces": {
				"up": {"uv": [7.5, 0, 11.5, 4], "texture": "#0"},
				"down": {"uv": [12, 0, 16, 4], "texture": "#0", "tintindex": 1}
			}
		},
		{
			"from": [9, 13.62264, -3.9],
			"to": [13, 13.62264, 0.1],
			"rotation": {"angle": -22.5, "axis": "x", "origin": [9.2499, 23.62264, -0.14211]},
			"faces": {
				"up": {"uv": [7.5, 0, 11.5, 4], "texture": "#0"},
				"down": {"uv": [12, 0, 16, 4], "texture": "#0", "tintindex": 1}
			}
		},
		{
			"from": [8.5, 12.75665, 9],
			"to": [12.5, 12.75665, 13],
			"rotation": {"angle": 45, "axis": "z", "origin": [6.83649, 7.75665, 9.25]},
			"faces": {
				"up": {"uv": [7.5, 0, 11.5, 4], "texture": "#0"},
				"down": {"uv": [12, 0, 16, 4], "texture": "#0", "tintindex": 1}
			}
		},
		{
			"from": [6.25, 14.75683, 9],
			"to": [10.25, 14.75683, 13],
			"rotation": {"angle": -22.5, "axis": "z", "origin": [6.44013, 9.85683, 9.25]},
			"faces": {
				"up": {"uv": [7.5, 0, 11.5, 4], "texture": "#0"},
				"down": {"uv": [12, 0, 16, 4], "texture": "#0", "tintindex": 1}
			}
		},
		{
			"from": [4, 4, 7],
			"to": [12, 4, 15],
			"shade": false,
			"rotation": {"angle": 0, "axis": "y", "origin": [8, 0, 11]},
			"faces": {
				"up": {"uv": [16, 8, 8, 16], "texture": "#0", "tintindex": 1},
				"down": {"uv": [16, 16, 8, 8], "texture": "#0", "tintindex": 1}
			}
		},
		{
			"from": [4, 6, 7],
			"to": [12, 6, 15],
			"shade": false,
			"rotation": {"angle": -22.5, "axis": "y", "origin": [8, 0, 11]},
			"faces": {
				"up": {"uv": [16, 8, 8, 16], "texture": "#0", "tintindex": 1},
				"down": {"uv": [16, 16, 8, 8], "texture": "#0", "tintindex": 1}
			}
		},
		{
			"from": [7, 6, 0],
			"to": [15, 6, 8],
			"shade": false,
			"rotation": {"angle": -22.5, "axis": "x", "origin": [11, 6, 4]},
			"faces": {
				"up": {"uv": [16, 8, 8, 16], "texture": "#0", "tintindex": 1},
				"down": {"uv": [16, 16, 8, 8], "texture": "#0", "tintindex": 1}
			}
		}
	]
}