{
	"credit": "Made with Blockbench",
	"ambientocclusion": false,
	"textures": {
		"particle": "blocks/tallgrass_5",
		"plant": "blocks/tallgrass_5"
	},
	"elements": [
		{
			"from": [8, 0, -1],
			"to": [8, 8, 15],
			"shade": false,
			"rotation": {"angle": 0, "axis": "y", "origin": [8, -8, 8]},
			"faces": {
				"east": {"uv": [16, 8, 0, 16], "texture": "#plant", "tintindex": 1},
				"west": {"uv": [0, 8, 16, 16], "texture": "#plant", "tintindex": 1}
			}
		},
		{
			"from": [12, 0, 1],
			"to": [12, 8, 17],
			"shade": false,
			"rotation": {"angle": 22.5, "axis": "y", "origin": [8, -8, 8], "rescale": true},
			"faces": {
				"east": {"uv": [16, 8, 0, 16], "texture": "#plant", "tintindex": 1},
				"west": {"uv": [0, 8, 16, 16], "texture": "#plant", "tintindex": 1}
			}
		},
		{
			"from": [0, 0, 11],
			"to": [16, 8, 11],
			"shade": false,
			"rotation": {"angle": 45, "axis": "y", "origin": [8, -8, 8], "rescale": true},
			"faces": {
				"north": {"uv": [0, 8, 16, 16], "texture": "#plant", "tintindex": 1},
				"south": {"uv": [16, 8, 0, 16], "texture": "#plant", "tintindex": 1}
			}
		},
		{
			"from": [0, 0, 7],
			"to": [16, 8, 7],
			"shade": false,
			"rotation": {"angle": 22.5, "axis": "y", "origin": [8, -8, 8], "rescale": true},
			"faces": {
				"north": {"uv": [0, 8, 16, 16], "texture": "#plant", "tintindex": 1},
				"south": {"uv": [16, 8, 0, 16], "texture": "#plant", "tintindex": 1}
			}
		},
		{
			"from": [5, 0, -1],
			"to": [5, 8, 15],
			"shade": false,
			"rotation": {"angle": 22.5, "axis": "y", "origin": [8, -8, 8], "rescale": true},
			"faces": {
				"east": {"uv": [0, 8, 16, 16], "texture": "#plant", "tintindex": 1},
				"west": {"uv": [16, 8, 0, 16], "texture": "#plant", "tintindex": 1}
			}
		}
	]
}