{
	"credit": "Made with Blockbench",
	"ambientocclusion": false,
	"textures": {
		"0": "blocks/tallgrass_3",
		"particle": "blocks/tallgrass_3"
	},
	"elements": [
		{
			"from": [7.875, 0, 11.75],
			"to": [8.125, 13.5, 12],
			"rotation": {"angle": 0, "axis": "y", "origin": [-1, 0, 2]},
			"faces": {
				"north": {"uv": [15.75, 2.5, 16, 16], "texture": "#0", "tintindex": 1},
				"east": {"uv": [15.75, 2.5, 16, 16], "texture": "#0", "tintindex": 1},
				"south": {"uv": [15.75, 2.5, 16, 16], "texture": "#0", "tintindex": 1},
				"west": {"uv": [15.75, 2.5, 16, 16], "texture": "#0", "tintindex": 1},
				"up": {"uv": [15.75, 2.25, 16, 2.5], "texture": "#0", "tintindex": 1}
			}
		},
		{
			"from": [1, 12, 3.125],
			"to": [9, 12, 5.125],
			"shade": false,
			"rotation": {"angle": -22.5, "axis": "y", "origin": [5, 1, 3.875]},
			"faces": {
				"up": {"uv": [0, 9, 8, 11], "texture": "#0", "tintindex": 1},
				"down": {"uv": [0, 11.5, 8, 13.5], "texture": "#0", "tintindex": 1}
			}
		},
		{
			"from": [4.25, 11, -0.125],
			"to": [6.25, 11, 7.875],
			"shade": false,
			"rotation": {"angle": -22.5, "axis": "y", "origin": [5, 2, 3.875]},
			"faces": {
				"up": {"uv": [0, 9, 8, 11], "rotation": 270, "texture": "#0", "tintindex": 1},
				"down": {"uv": [0, 11.5, 8, 13.5], "rotation": 90, "texture": "#0", "tintindex": 1}
			}
		},
		{
			"from": [1, 10, 3.125],
			"to": [9, 10, 5.125],
			"shade": false,
			"rotation": {"angle": 0, "axis": "y", "origin": [5, 2, 3.875]},
			"faces": {
				"up": {"uv": [0, 9, 8, 11], "texture": "#0", "tintindex": 1},
				"down": {"uv": [0, 11.5, 8, 13.5], "texture": "#0", "tintindex": 1}
			}
		},
		{
			"from": [3.75, 8, -0.125],
			"to": [5.75, 8, 7.875],
			"shade": false,
			"rotation": {"angle": 0, "axis": "y", "origin": [5, 2, 3.875]},
			"faces": {
				"up": {"uv": [0, 9, 8, 11], "rotation": 90, "texture": "#0", "tintindex": 1},
				"down": {"uv": [0, 11.5, 8, 13.5], "rotation": 270, "texture": "#0", "tintindex": 1}
			}
		},
		{
			"from": [3.25, 3, -2.125],
			"to": [7.25, 3, 9.875],
			"shade": false,
			"rotation": {"angle": 45, "axis": "y", "origin": [5, 1, 3.875]},
			"faces": {
				"up": {"uv": [0, 0, 12, 4], "rotation": 270, "texture": "#0", "tintindex": 1},
				"down": {"uv": [0, 4.5, 12, 8.5], "rotation": 90, "texture": "#0", "tintindex": 1}
			}
		},
		{
			"from": [-1, 6, 2.125],
			"to": [11, 6, 6.125],
			"shade": false,
			"rotation": {"angle": 22.5, "axis": "y", "origin": [5, 1, 3.875]},
			"faces": {
				"up": {"uv": [0, 0, 12, 4], "texture": "#0", "tintindex": 1},
				"down": {"uv": [0, 4.5, 12, 8.5], "texture": "#0", "tintindex": 1}
			}
		},
		{
			"from": [4.875, 0, 3.75],
			"to": [5.125, 12.5, 4],
			"rotation": {"angle": -22.5, "axis": "y", "origin": [5, 0, 3.875]},
			"faces": {
				"north": {"uv": [15.75, 3.5, 16, 16], "texture": "#0", "tintindex": 1},
				"east": {"uv": [15.75, 3.5, 16, 16], "texture": "#0", "tintindex": 1},
				"south": {"uv": [15.75, 3.5, 16, 16], "texture": "#0", "tintindex": 1},
				"west": {"uv": [15.75, 3.5, 16, 16], "texture": "#0", "tintindex": 1},
				"up": {"uv": [15.75, 3.25, 16, 3.5], "texture": "#0", "tintindex": 1}
			}
		},
		{
			"from": [2, 7, 10.125],
			"to": [14, 7, 14.125],
			"shade": false,
			"rotation": {"angle": 22.5, "axis": "y", "origin": [8, 1, 11.875]},
			"faces": {
				"up": {"uv": [0, 0, 12, 4], "texture": "#0", "tintindex": 1},
				"down": {"uv": [0, 4.5, 12, 8.5], "texture": "#0", "tintindex": 1}
			}
		},
		{
			"from": [6.75, 8, 7.875],
			"to": [8.75, 8, 15.875],
			"shade": false,
			"rotation": {"angle": 0, "axis": "y", "origin": [8, 0, 11.875]},
			"faces": {
				"up": {"uv": [0, 9, 8, 11], "rotation": 90, "texture": "#0", "tintindex": 1},
				"down": {"uv": [0, 11.5, 8, 13.5], "rotation": 270, "texture": "#0", "tintindex": 1}
			}
		},
		{
			"from": [4, 12, 11.125],
			"to": [12, 12, 13.125],
			"shade": false,
			"rotation": {"angle": 0, "axis": "y", "origin": [8, 1, 11.875]},
			"faces": {
				"up": {"uv": [0, 9, 8, 11], "texture": "#0", "tintindex": 1},
				"down": {"uv": [0, 11.5, 8, 13.5], "texture": "#0", "tintindex": 1}
			}
		},
		{
			"from": [6.75, 13, 7.875],
			"to": [8.75, 13, 15.875],
			"shade": false,
			"rotation": {"angle": 22.5, "axis": "y", "origin": [8, 1, 11.875]},
			"faces": {
				"up": {"uv": [0, 9, 8, 11], "rotation": 90, "texture": "#0", "tintindex": 1},
				"down": {"uv": [0, 11.5, 8, 13.5], "rotation": 270, "texture": "#0", "tintindex": 1}
			}
		},
		{
			"from": [4, 10, 11.125],
			"to": [12, 10, 13.125],
			"shade": false,
			"rotation": {"angle": -22.5, "axis": "y", "origin": [8, 0, 11.875]},
			"faces": {
				"up": {"uv": [0, 9, 8, 11], "texture": "#0", "tintindex": 1},
				"down": {"uv": [0, 11.5, 8, 13.5], "texture": "#0", "tintindex": 1}
			}
		},
		{
			"from": [6.75, 11, 7.875],
			"to": [8.75, 11, 15.875],
			"shade": false,
			"rotation": {"angle": -22.5, "axis": "y", "origin": [8, 0, 11.875]},
			"faces": {
				"up": {"uv": [0, 9, 8, 11], "rotation": 90, "texture": "#0", "tintindex": 1},
				"down": {"uv": [0, 11.5, 8, 13.5], "rotation": 270, "texture": "#0", "tintindex": 1}
			}
		},
		{
			"from": [5.75, 5, 5.875],
			"to": [9.75, 5, 17.875],
			"shade": false,
			"rotation": {"angle": 22.5, "axis": "y", "origin": [8, 1, 11.875]},
			"faces": {
				"up": {"uv": [0, 0, 12, 4], "rotation": 90, "texture": "#0", "tintindex": 1},
				"down": {"uv": [0, 4.5, 12, 8.5], "rotation": 270, "texture": "#0", "tintindex": 1}
			}
		},
		{
			"from": [2, 3, 10.125],
			"to": [14, 3, 14.125],
			"shade": false,
			"rotation": {"angle": 0, "axis": "y", "origin": [8, 1, 11.875]},
			"faces": {
				"up": {"uv": [0, 0, 12, 4], "texture": "#0", "tintindex": 1},
				"down": {"uv": [0, 4.5, 12, 8.5], "texture": "#0", "tintindex": 1}
			}
		}
	]
}