{
	"credit": "Made with Blockbench",
	"ambientocclusion": false,
	"textures": {
		"0": "blocks/tallgrass_6",
		"particle": "blocks/tallgrass_6"
	},
	"elements": [
		{
			"from": [9.875, 0, 9.75],
			"to": [10.375, 11, 10.25],
			"rotation": {"angle": 0, "axis": "y", "origin": [-1, 0, 2]},
			"faces": {
				"north": {"uv": [15.5, 0.5, 16, 11.5], "texture": "#0", "tintindex": 1},
				"east": {"uv": [15.5, 0.5, 16, 11.5], "texture": "#0", "tintindex": 1},
				"south": {"uv": [15.5, 0.5, 16, 11.5], "texture": "#0", "tintindex": 1},
				"west": {"uv": [15.5, 0.5, 16, 11.5], "texture": "#0", "tintindex": 1},
				"up": {"uv": [15.5, 0, 16, 0.5], "texture": "#0", "tintindex": 1}
			}
		},
		{
			"from": [10.17485, 11.1, 9.80005],
			"to": [11.17485, 19.1, 10.30005],
			"rotation": {"angle": -22.5, "axis": "y", "origin": [10.32485, 15.05, 10.05]},
			"faces": {
				"north": {"uv": [14, 7.5, 13, 15.5], "texture": "#0"},
				"east": {"uv": [14, 7.5, 13.5, 15.5], "texture": "#0"},
				"south": {"uv": [13, 7.5, 14, 15.5], "texture": "#0"},
				"west": {"uv": [13.5, 7.5, 13, 15.5], "texture": "#0"},
				"up": {"uv": [13, 7.5, 13.5, 8.5], "rotation": 270, "texture": "#0"},
				"down": {"uv": [13, 14.5, 13.5, 15.5], "rotation": 90, "texture": "#0"}
			}
		},
		{
			"from": [4.875, 0, 11.75],
			"to": [5.375, 11, 12.25],
			"rotation": {"angle": 45, "axis": "y", "origin": [5, 0, 12]},
			"faces": {
				"north": {"uv": [15.5, 0.5, 16, 11.5], "texture": "#0", "tintindex": 1},
				"east": {"uv": [15.5, 0.5, 16, 11.5], "texture": "#0", "tintindex": 1},
				"south": {"uv": [15.5, 0.5, 16, 11.5], "texture": "#0", "tintindex": 1},
				"west": {"uv": [15.5, 0.5, 16, 11.5], "texture": "#0", "tintindex": 1},
				"up": {"uv": [15.5, 0, 16, 0.5], "texture": "#0", "tintindex": 1}
			}
		},
		{
			"from": [4.13839, 11.09999, 11.66517],
			"to": [5.13839, 18.09999, 12.16517],
			"rotation": {"angle": 0, "axis": "z", "origin": [4.88839, 14.55, 11.91517]},
			"faces": {
				"north": {"uv": [14, 7.5, 13, 14.5], "texture": "#0"},
				"east": {"uv": [14, 7.5, 13.5, 14.5], "texture": "#0"},
				"south": {"uv": [13, 7.5, 14, 14.5], "texture": "#0"},
				"west": {"uv": [13.5, 7.5, 13, 14.5], "texture": "#0"},
				"up": {"uv": [13, 7.5, 13.5, 8.5], "rotation": 270, "texture": "#0"},
				"down": {"uv": [13, 14.5, 13.5, 15.5], "rotation": 90, "texture": "#0"}
			}
		},
		{
			"from": [6.21306, 10.1, 6.89134],
			"to": [7.21306, 17.1, 7.39134],
			"rotation": {"angle": 45, "axis": "y", "origin": [6.45056, 13.55, 7.14134]},
			"faces": {
				"north": {"uv": [14, 7.5, 13, 14.5], "texture": "#0"},
				"east": {"uv": [14, 7.5, 13.5, 14.5], "texture": "#0"},
				"south": {"uv": [14, 7.5, 13, 14.5], "texture": "#0"},
				"west": {"uv": [13.5, 7.5, 14, 14.5], "texture": "#0"},
				"up": {"uv": [13.5, 7.5, 14.5, 8], "texture": "#0"},
				"down": {"uv": [13.5, 14.5, 14.5, 15], "texture": "#0"}
			}
		},
		{
			"from": [7, 9, 9.5],
			"to": [10, 9, 12.5],
			"shade": false,
			"rotation": {"angle": 45, "axis": "y", "origin": [10, 9, 10.25]},
			"faces": {
				"up": {"uv": [0, 0, 3, 3], "rotation": 90, "texture": "#0", "tintindex": 1},
				"down": {"uv": [3, 0, 0, 3], "rotation": 90, "texture": "#0", "tintindex": 1}
			}
		},
		{
			"from": [6.75, 1, 9.25],
			"to": [9.75, 1, 12.25],
			"shade": false,
			"rotation": {"angle": -22.5, "axis": "z", "origin": [9.75, 1, 10]},
			"faces": {
				"up": {"uv": [0, 0, 3, 3], "rotation": 90, "texture": "#0", "tintindex": 1},
				"down": {"uv": [3, 0, 0, 3], "rotation": 90, "texture": "#0", "tintindex": 1}
			}
		},
		{
			"from": [3.5, 7, 4.25],
			"to": [6.5, 7, 7.25],
			"shade": false,
			"rotation": {"angle": -22.5, "axis": "x", "origin": [5.75, 7, 7.25]},
			"faces": {
				"up": {"uv": [0, 0, 3, 3], "rotation": 180, "texture": "#0", "tintindex": 1},
				"down": {"uv": [3, 0, 0, 3], "texture": "#0", "tintindex": 1}
			}
		},
		{
			"from": [3.75, 5, 4.25],
			"to": [6.75, 5, 7.25],
			"shade": false,
			"rotation": {"angle": 45, "axis": "y", "origin": [6, 5, 7.25]},
			"faces": {
				"up": {"uv": [0, 0, 3, 3], "rotation": 180, "texture": "#0", "tintindex": 1},
				"down": {"uv": [3, 0, 0, 3], "texture": "#0", "tintindex": 1}
			}
		},
		{
			"from": [6.5, 4, 5],
			"to": [9.5, 4, 8],
			"shade": false,
			"rotation": {"angle": -22.5, "axis": "z", "origin": [6.5, 4, 7.25]},
			"faces": {
				"up": {"uv": [0, 0, 3, 3], "rotation": 270, "texture": "#0", "tintindex": 1},
				"down": {"uv": [3, 0, 0, 3], "rotation": 270, "texture": "#0", "tintindex": 1}
			}
		},
		{
			"from": [5.75, 5, 7.5],
			"to": [8.75, 5, 10.5],
			"shade": false,
			"rotation": {"angle": 45, "axis": "y", "origin": [6.5, 5, 7.5]},
			"faces": {
				"up": {"uv": [0, 0, 3, 3], "texture": "#0", "tintindex": 1},
				"down": {"uv": [3, 0, 0, 3], "rotation": 180, "texture": "#0", "tintindex": 1}
			}
		},
		{
			"from": [5.5, 6, 7.5],
			"to": [8.5, 6, 10.5],
			"shade": false,
			"rotation": {"angle": -22.5, "axis": "x", "origin": [6.25, 6, 7.5]},
			"faces": {
				"up": {"uv": [0, 0, 3, 3], "texture": "#0", "tintindex": 1},
				"down": {"uv": [3, 0, 0, 3], "rotation": 180, "texture": "#0", "tintindex": 1}
			}
		},
		{
			"from": [4.25, 3, 12.25],
			"to": [7.25, 3, 15.25],
			"shade": false,
			"rotation": {"angle": 22.5, "axis": "x", "origin": [5, 3, 12.25]},
			"faces": {
				"up": {"uv": [0, 0, 3, 3], "texture": "#0", "tintindex": 1},
				"down": {"uv": [3, 0, 0, 3], "rotation": 180, "texture": "#0", "tintindex": 1}
			}
		},
		{
			"from": [5.25, 6, 9.75],
			"to": [8.25, 6, 12.75],
			"shade": false,
			"rotation": {"angle": -22.5, "axis": "y", "origin": [5.25, 6, 12]},
			"faces": {
				"up": {"uv": [0, 0, 3, 3], "rotation": 270, "texture": "#0", "tintindex": 1},
				"down": {"uv": [3, 0, 0, 3], "rotation": 270, "texture": "#0", "tintindex": 1}
			}
		},
		{
			"from": [1.75, 5, 11.25],
			"to": [4.75, 5, 14.25],
			"shade": false,
			"rotation": {"angle": 22.5, "axis": "z", "origin": [4.75, 5, 12]},
			"faces": {
				"up": {"uv": [0, 0, 3, 3], "rotation": 90, "texture": "#0", "tintindex": 1},
				"down": {"uv": [3, 0, 0, 3], "rotation": 90, "texture": "#0", "tintindex": 1}
			}
		},
		{
			"from": [3, 8, 8.75],
			"to": [6, 8, 11.75],
			"shade": false,
			"rotation": {"angle": -22.5, "axis": "x", "origin": [5.25, 8, 11.75]},
			"faces": {
				"up": {"uv": [0, 0, 3, 3], "rotation": 180, "texture": "#0", "tintindex": 1},
				"down": {"uv": [3, 0, 0, 3], "texture": "#0", "tintindex": 1}
			}
		},
		{
			"from": [9.5, 4, 10.25],
			"to": [12.5, 4, 13.25],
			"shade": false,
			"rotation": {"angle": 22.5, "axis": "x", "origin": [10.25, 4, 10.25]},
			"faces": {
				"up": {"uv": [0, 0, 3, 3], "texture": "#0", "tintindex": 1},
				"down": {"uv": [3, 0, 0, 3], "rotation": 180, "texture": "#0", "tintindex": 1}
			}
		},
		{
			"from": [7, 7, 9.25],
			"to": [10, 7, 12.25],
			"shade": false,
			"rotation": {"angle": 22.5, "axis": "x", "origin": [10, 7, 10]},
			"faces": {
				"up": {"uv": [0, 0, 3, 3], "rotation": 90, "texture": "#0", "tintindex": 1},
				"down": {"uv": [3, 0, 0, 3], "rotation": 90, "texture": "#0", "tintindex": 1}
			}
		},
		{
			"from": [7.75, 8, 6.75],
			"to": [10.75, 8, 9.75],
			"shade": false,
			"rotation": {"angle": -22.5, "axis": "x", "origin": [10, 8, 9.75]},
			"faces": {
				"up": {"uv": [0, 0, 3, 3], "rotation": 180, "texture": "#0", "tintindex": 1},
				"down": {"uv": [3, 0, 0, 3], "texture": "#0", "tintindex": 1}
			}
		},
		{
			"from": [10.25, 6, 7.75],
			"to": [13.25, 6, 10.75],
			"shade": false,
			"rotation": {"angle": -22.5, "axis": "z", "origin": [10.25, 6, 10]},
			"faces": {
				"up": {"uv": [0, 0, 3, 3], "rotation": 270, "texture": "#0", "tintindex": 1},
				"down": {"uv": [3, 0, 0, 3], "rotation": 270, "texture": "#0", "tintindex": 1}
			}
		},
		{
			"from": [6.1, 0, 7],
			"to": [6.6, 10, 7.5],
			"rotation": {"angle": 22.5, "axis": "y", "origin": [6.6, 0, 7.5]},
			"faces": {
				"north": {"uv": [15.5, 0.5, 16, 10.5], "texture": "#0", "tintindex": 1},
				"east": {"uv": [15.5, 0.5, 16, 10.5], "texture": "#0", "tintindex": 1},
				"south": {"uv": [15.5, 0.5, 16, 10.5], "texture": "#0", "tintindex": 1},
				"west": {"uv": [15.5, 0.5, 16, 10.5], "texture": "#0", "tintindex": 1},
				"up": {"uv": [15.5, 0, 16, 0.5], "texture": "#0", "tintindex": 1}
			}
		},
		{
			"from": [10.02485, 11, 9.89985],
			"to": [10.32485, 19, 10.19985],
			"rotation": {"angle": -22.5, "axis": "y", "origin": [10.32485, 15.05, 10.05]},
			"faces": {
				"north": {"uv": [15.5, 0.3, 15.8, 8.3], "rotation": 180, "texture": "#0", "tintindex": 1},
				"east": {"uv": [15.5, 0.3, 15.7998, 8.3], "rotation": 180, "texture": "#0", "tintindex": 1},
				"south": {"uv": [15.5, 0.3, 15.8, 8.3], "rotation": 180, "texture": "#0", "tintindex": 1},
				"west": {"uv": [15.5, 0.3, 15.7998, 8.3], "rotation": 180, "texture": "#0", "tintindex": 1},
				"up": {"uv": [15.5, 8.3, 15.7998, 8.6], "rotation": 270, "texture": "#0", "tintindex": 1},
				"down": {"uv": [15.5, 0, 15.7998, 0.3], "rotation": 90, "texture": "#0"}
			}
		},
		{
			"from": [4.98839, 11, 11.76517],
			"to": [5.28839, 18, 12.06517],
			"rotation": {"angle": 45, "axis": "y", "origin": [5.13839, 14.5, 11.91517]},
			"faces": {
				"north": {"uv": [15.5, 0.3, 15.8, 7.3], "rotation": 180, "texture": "#0", "tintindex": 1},
				"east": {"uv": [15.5, 0.3, 15.8, 7.3], "rotation": 180, "texture": "#0", "tintindex": 1},
				"south": {"uv": [15.5, 0.3, 15.8, 7.3], "rotation": 180, "texture": "#0", "tintindex": 1},
				"west": {"uv": [15.5, 0.3, 15.8, 7.3], "rotation": 180, "texture": "#0", "tintindex": 1},
				"up": {"uv": [15.5, 7.3, 15.8, 7.6], "texture": "#0", "tintindex": 1},
				"down": {"uv": [15.5, 0, 15.8, 0.3], "texture": "#0"}
			}
		},
		{
			"from": [6.11494, 10, 7.17696],
			"to": [6.41494, 17, 7.47696],
			"rotation": {"angle": 22.5, "axis": "y", "origin": [6.26494, 13.5, 7.32696]},
			"faces": {
				"north": {"uv": [15.5, 0.3, 15.8, 7.3], "rotation": 180, "texture": "#0", "tintindex": 1},
				"east": {"uv": [15.5, 0.3, 15.8, 7.3], "rotation": 180, "texture": "#0", "tintindex": 1},
				"south": {"uv": [15.5, 0.3, 15.8, 7.3], "rotation": 180, "texture": "#0", "tintindex": 1},
				"west": {"uv": [15.5, 0.3, 15.8, 7.3], "rotation": 180, "texture": "#0", "tintindex": 1},
				"up": {"uv": [15.5, 7.3, 15.8, 7.6], "texture": "#0", "tintindex": 1},
				"down": {"uv": [15.5, 0, 15.8, 0.3], "texture": "#0"}
			}
		},
		{
			"from": [10.25, 3, 8],
			"to": [13.25, 3, 11],
			"shade": false,
			"rotation": {"angle": -22.5, "axis": "y", "origin": [10.25, 3, 10.25]},
			"faces": {
				"up": {"uv": [0, 0, 3, 3], "rotation": 270, "texture": "#0", "tintindex": 1},
				"down": {"uv": [3, 0, 0, 3], "rotation": 270, "texture": "#0", "tintindex": 1}
			}
		}
	]
}