{
	"credit": "Made with Blockbench",
	"ambientocclusion": false,
	"textures": {
		"plant": "blocks/tallgrass",
		"particle": "blocks/tallgrass"
	},
	"elements": [
		{
			"from": [1, 0, 5],
			"to": [17, 5, 5],
			"shade": false,
			"rotation": {"angle": 22.5, "axis": "y", "origin": [8, -8, 8], "rescale": true},
			"faces": {
				"north": {"uv": [0, 11, 16, 16], "texture": "#plant", "tintindex": 1},
				"south": {"uv": [0, 11, 16, 16], "texture": "#plant", "tintindex": 1}
			}
		},
		{
			"from": [1, 0, 12],
			"to": [17, 5, 12],
			"shade": false,
			"rotation": {"angle": -22.5, "axis": "y", "origin": [8, -8, 8], "rescale": true},
			"faces": {
				"north": {"uv": [0, 11, 16, 16], "texture": "#plant", "tintindex": 1},
				"south": {"uv": [0, 11, 16, 16], "texture": "#plant", "tintindex": 1}
			}
		},
		{
			"from": [11, 0, -1],
			"to": [11, 5, 15],
			"shade": false,
			"rotation": {"angle": -22.5, "axis": "y", "origin": [8, -8, 8], "rescale": true},
			"faces": {
				"east": {"uv": [0, 11, 16, 16], "texture": "#plant", "tintindex": 1},
				"west": {"uv": [0, 11, 16, 16], "texture": "#plant", "tintindex": 1}
			}
		},
		{
			"from": [5, 0, -1],
			"to": [5, 5, 15],
			"shade": false,
			"rotation": {"angle": 22.5, "axis": "y", "origin": [8, -8, 8], "rescale": true},
			"faces": {
				"east": {"uv": [0, 11, 16, 16], "texture": "#plant", "tintindex": 1},
				"west": {"uv": [0, 11, 16, 16], "texture": "#plant", "tintindex": 1}
			}
		}
	]
}