{
	"credit": "Made with Blockbench",
	"ambientocclusion": false,
	"textures": {
		"0": "blocks/tallgrass_2",
		"particle": "blocks/tallgrass_2"
	},
	"elements": [
		{
			"from": [10, 0, 9],
			"to": [10.5, 5, 9.5],
			"shade": false,
			"rotation": {"angle": -22.5, "axis": "y", "origin": [2, 0, -3]},
			"faces": {
				"north": {"uv": [15.5, 11, 16, 16], "texture": "#0", "tintindex": 1},
				"east": {"uv": [15.5, 11, 16, 16], "texture": "#0", "tintindex": 1},
				"south": {"uv": [15.5, 11, 16, 16], "texture": "#0", "tintindex": 1},
				"west": {"uv": [15.5, 11, 16, 16], "texture": "#0", "tintindex": 1},
				"up": {"uv": [15.5, 10.5, 16, 11], "texture": "#0", "tintindex": 1}
			}
		},
		{
			"from": [5.02298, 5.04691, 7.28458],
			"to": [13.02298, 5.04691, 15.28458],
			"shade": false,
			"rotation": {"angle": -22.5, "axis": "z", "origin": [4.90749, 4.99908, 11.48458]},
			"faces": {
				"up": {"uv": [0, 0, 8, 8], "rotation": 270, "texture": "#0", "tintindex": 1},
				"down": {"uv": [8, 0, 0, 8], "rotation": 270, "texture": "#0", "tintindex": 1}
			}
		},
		{
			"from": [11, 0, 6],
			"to": [11.5, 5, 6.5],
			"shade": false,
			"rotation": {"angle": -22.5, "axis": "x", "origin": [11, 0, 6.5]},
			"faces": {
				"north": {"uv": [15.5, 11, 16, 16], "texture": "#0", "tintindex": 1},
				"east": {"uv": [15.5, 11, 16, 16], "texture": "#0", "tintindex": 1},
				"south": {"uv": [15.5, 11, 16, 16], "texture": "#0", "tintindex": 1},
				"west": {"uv": [15.5, 11, 16, 16], "texture": "#0", "tintindex": 1},
				"up": {"uv": [15.5, 10.5, 16, 11], "texture": "#0", "tintindex": 1}
			}
		},
		{
			"from": [0.32437, 4.999, 13.26429],
			"to": [8.32437, 4.999, 21.26429],
			"shade": false,
			"rotation": {"angle": -22.5, "axis": "y", "origin": [8.62437, 4.95116, 13.14881]},
			"faces": {
				"up": {"uv": [0, 8, 8, 16], "texture": "#0", "tintindex": 1},
				"down": {"uv": [8, 8, 0, 16], "rotation": 180, "texture": "#0", "tintindex": 1}
			}
		},
		{
			"from": [7.5, 4.6184, 4.58658],
			"to": [15.5, 4.6184, 12.58658],
			"shade": false,
			"rotation": {"angle": 22.5, "axis": "x", "origin": [11.25, 4.6184, 4.5866]},
			"faces": {
				"up": {"uv": [0, 0, 8, 8], "texture": "#0", "tintindex": 1},
				"down": {"uv": [8, 0, 0, 8], "rotation": 180, "texture": "#0", "tintindex": 1}
			}
		},
		{
			"from": [0.70749, 5.04691, 3.36909],
			"to": [8.70749, 5.04691, 11.36909],
			"shade": false,
			"rotation": {"angle": 0, "axis": "y", "origin": [4.90749, 4.99908, 11.48458]},
			"faces": {
				"up": {"uv": [0, 0, 8, 8], "rotation": 180, "texture": "#0", "tintindex": 1},
				"down": {"uv": [8, 0, 0, 8], "texture": "#0", "tintindex": 1}
			}
		},
		{
			"from": [7.5, 4.6184, -3.41338],
			"to": [15.5, 4.6184, 4.58662],
			"shade": false,
			"rotation": {"angle": -22.5, "axis": "x", "origin": [11.25, 4.6184, 4.5866]},
			"faces": {
				"up": {"uv": [0, 8, 8, 16], "rotation": 180, "texture": "#0", "tintindex": 1},
				"down": {"uv": [8, 8, 0, 16], "texture": "#0", "tintindex": 1}
			}
		},
		{
			"from": [7.5, 4.6184, 4.58658],
			"to": [15.5, 4.6184, 12.58658],
			"shade": false,
			"rotation": {"angle": 45, "axis": "y", "origin": [11.25, 4.6184, 4.5866]},
			"faces": {
				"up": {"uv": [0, 0, 8, 8], "texture": "#0", "tintindex": 1},
				"down": {"uv": [8, 0, 0, 8], "rotation": 180, "texture": "#0", "tintindex": 1}
			}
		},
		{
			"from": [3.25002, 4.6184, 0.8366],
			"to": [11.25002, 4.6184, 8.8366],
			"shade": false,
			"rotation": {"angle": 22.5, "axis": "z", "origin": [11.25, 4.6184, 4.5866]},
			"faces": {
				"up": {"uv": [0, 0, 8, 8], "rotation": 90, "texture": "#0", "tintindex": 1},
				"down": {"uv": [8, 0, 0, 8], "rotation": 90, "texture": "#0", "tintindex": 1}
			}
		},
		{
			"from": [1.10749, 5.04691, 11.60006],
			"to": [9.10749, 5.04691, 19.60006],
			"shade": false,
			"rotation": {"angle": 22.5, "axis": "x", "origin": [4.90749, 4.99908, 11.48458]},
			"faces": {
				"up": {"uv": [0, 0, 8, 8], "texture": "#0", "tintindex": 1},
				"down": {"uv": [8, 0, 0, 8], "rotation": 180, "texture": "#0", "tintindex": 1}
			}
		},
		{
			"from": [-3.20799, 5.04691, 7.18458],
			"to": [4.79201, 5.04691, 15.18458],
			"shade": false,
			"rotation": {"angle": 22.5, "axis": "z", "origin": [4.90749, 4.99908, 11.48458]},
			"faces": {
				"up": {"uv": [0, 8, 8, 16], "rotation": 90, "texture": "#0", "tintindex": 1},
				"down": {"uv": [8, 8, 0, 16], "rotation": 90, "texture": "#0", "tintindex": 1}
			}
		}
	]
}