{
	"credit": "Made with Blockbench",
	"ambientocclusion": false,
	"textures": {
		"plant": "blocks/tallgrass",
		"particle": "blocks/tallgrass"
	},
	"elements": [
		{
			"from": [10, 0, -4],
			"to": [10, 5, 12],
			"shade": false,
			"rotation": {"angle": -45, "axis": "y", "origin": [8, -8, 0], "rescale": true},
			"faces": {
				"east": {"uv": [0, 11, 16, 16], "texture": "#plant", "tintindex": 1},
				"west": {"uv": [0, 11, 16, 16], "texture": "#plant", "tintindex": 1}
			}
		},
		{
			"from": [0, 0, 12],
			"to": [16, 5, 12],
			"shade": false,
			"rotation": {"angle": -22.5, "axis": "y", "origin": [8, -8, 8], "rescale": true},
			"faces": {
				"north": {"uv": [0, 11, 16, 16], "texture": "#plant", "tintindex": 1},
				"south": {"uv": [0, 11, 16, 16], "texture": "#plant", "tintindex": 1}
			}
		},
		{
			"from": [-3, 0, 4],
			"to": [13, 5, 4],
			"shade": false,
			"rotation": {"angle": 22.5, "axis": "y", "origin": [8, -8, 0], "rescale": true},
			"faces": {
				"north": {"uv": [0, 11, 16, 16], "texture": "#plant", "tintindex": 1},
				"south": {"uv": [0, 11, 16, 16], "texture": "#plant", "tintindex": 1}
			}
		},
		{
			"from": [9, 0, 0],
			"to": [9, 5, 16],
			"shade": false,
			"rotation": {"angle": 45, "axis": "y", "origin": [8, -8, 8], "rescale": true},
			"faces": {
				"east": {"uv": [0, 11, 16, 16], "texture": "#plant", "tintindex": 1},
				"west": {"uv": [0, 11, 16, 16], "texture": "#plant", "tintindex": 1}
			}
		}
	]
}