{
	"credit": "Made with Blockbench",
	"ambientocclusion": false,
	"textures": {
		"1": "blocks/planks_acacia"
	},
	"elements": [
		{
			"from": [7.5, 0, 0],
			"to": [8.5, 1, 16],
			"shade": false,
			"faces": {
				"north": {"uv": [1.5, 7.5, 2.5, 8.5], "texture": "#1"},
				"east": {"uv": [0, 0, 16, 1], "texture": "#1"},
				"south": {"uv": [1.5, 7.5, 2.5, 8.5], "texture": "#1"},
				"west": {"uv": [0, 0, 16, 1], "texture": "#1"},
				"up": {"uv": [0, 10.5, 16, 11.5], "rotation": 90, "texture": "#1"},
				"down": {"uv": [0, 13.5, 16, 12.5], "rotation": 90, "texture": "#1"}
			}
		}
	]
}