{
	"credit": "Made with Blockbench",
	"ambientocclusion": false,
	"textures": {
		"0": "blocks/planks_acacia",
		"particle": "blocks/planks_acacia"
	},
	"elements": [
		{
			"from": [4.47703, 0.0001, -4.44454],
			"to": [16.49784, 0.9999, -3.73744],
			"shade": false,
			"rotation": {"angle": -45, "axis": "y", "origin": [1.47703, 0, 1.78033]},
			"faces": {
				"north": {"uv": [3.97918, 5, 16, 6], "texture": "#0"},
				"south": {"uv": [3.97918, 5, 16, 6], "texture": "#0"},
				"up": {"uv": [0.47918, 7.5, 12.5, 8.5], "texture": "#0"},
				"down": {"uv": [0.47918, 10.5, 12.5, 9.5], "rotation": 180, "texture": "#0"}
			}
		}
	]
}