{
	"credit": "Made with Blockbench",
	"textures": {
		"0": "blocks/glass_black"
	},
	"elements": [
		{
			"from": [7.4, 0, 14],
			"to": [8.6, 3, 16],
			"rotation": {"angle": 0, "axis": "y", "origin": [0, 0, -0.9]},
			"faces": {
				"north": {"uv": [6, 7, 7.2, 10], "texture": "#0"},
				"east": {"uv": [14, 7, 16, 10], "texture": "#0"},
				"south": {"uv": [0, 0, 0, 0], "texture": "#0"},
				"west": {"uv": [0, 7, 2, 10], "texture": "#0"},
				"up": {"uv": [6, 0, 7.2, 2], "texture": "#0"},
				"down": {"uv": [6, 14, 7.2, 16], "texture": "#0"}
			}
		},
		{
			"from": [6.8, 1.2, 14.3],
			"to": [7.4, 1.8, 14.9],
			"rotation": {"angle": -22.5, "axis": "x", "origin": [6.8, 1.48492, 14.58564]},
			"faces": {
				"north": {"uv": [6, 7, 6.6, 7.6], "texture": "#0"},
				"south": {"uv": [6, 7, 6.6, 7.6], "texture": "#0"},
				"west": {"uv": [0, 0, 0.6, 0.6], "texture": "#0"},
				"up": {"uv": [6, 0, 6.6, 0.6], "texture": "#0"},
				"down": {"uv": [6, 14, 6.6, 14.6], "texture": "#0"}
			}
		},
		{
			"from": [6.2, 1.08492, 14.18564],
			"to": [6.8, 1.88492, 14.98564],
			"rotation": {"angle": 22.5, "axis": "x", "origin": [6.8, 1.48492, 14.58564]},
			"faces": {
				"north": {"uv": [6, 7, 6.6, 7.8], "texture": "#0"},
				"east": {"uv": [0, 0, 0.8, 0.8], "texture": "#0"},
				"south": {"uv": [6, 7, 6.6, 7.8], "texture": "#0"},
				"west": {"uv": [0, 0, 0.8, 0.8], "texture": "#0"},
				"up": {"uv": [6, 0, 6.6, 0.8], "texture": "#0"},
				"down": {"uv": [6, 14, 6.6, 14.8], "texture": "#0"}
			}
		},
		{
			"from": [6.3, 1.28492, 13.68564],
			"to": [6.7, 1.68492, 14.18564],
			"rotation": {"angle": 22.5, "axis": "x", "origin": [6.8, 1.48492, 14.58564]},
			"faces": {
				"east": {"uv": [0, 0, 0.5, 0.4], "texture": "#0"},
				"south": {"uv": [0, 0, 0, 0], "texture": "#0"},
				"west": {"uv": [0, 0, 0.5, 0.4], "texture": "#0"},
				"up": {"uv": [6, 0, 6.4, 0.5], "texture": "#0"},
				"down": {"uv": [6, 14, 6.4, 14.5], "texture": "#0"}
			}
		},
		{
			"from": [6.2, 1.18492, 13.18564],
			"to": [6.8, 1.78492, 13.68564],
			"rotation": {"angle": 22.5, "axis": "x", "origin": [6.8, 1.48492, 14.58564]},
			"faces": {
				"north": {"uv": [6, 7, 6.6, 7.6], "texture": "#0"},
				"east": {"uv": [0, 0, 0.5, 0.6], "texture": "#0"},
				"south": {"uv": [6, 7, 6.6, 7.6], "texture": "#0"},
				"west": {"uv": [0, 0, 0.5, 0.6], "texture": "#0"},
				"up": {"uv": [6, 0, 6.6, 0.5], "texture": "#0"},
				"down": {"uv": [6, 14, 6.6, 14.5], "texture": "#0"}
			}
		},
		{
			"from": [6.3, 1.88492, 14.38564],
			"to": [6.7, 2.38492, 14.78564],
			"rotation": {"angle": 22.5, "axis": "x", "origin": [6.8, 1.48492, 14.58564]},
			"faces": {
				"north": {"uv": [6, 14, 6.4, 14.5], "rotation": 180, "texture": "#0"},
				"east": {"uv": [0, 0, 0.5, 0.4], "rotation": 270, "texture": "#0"},
				"south": {"uv": [6, 0, 6.4, 0.5], "texture": "#0"},
				"west": {"uv": [0, 0, 0.5, 0.4], "rotation": 90, "texture": "#0"}
			}
		},
		{
			"from": [6.2, 2.38492, 14.28564],
			"to": [6.8, 2.88492, 14.88564],
			"rotation": {"angle": 22.5, "axis": "x", "origin": [6.8, 1.48492, 14.58564]},
			"faces": {
				"north": {"uv": [6, 14, 6.6, 14.5], "rotation": 180, "texture": "#0"},
				"east": {"uv": [0, 0, 0.5, 0.6], "rotation": 270, "texture": "#0"},
				"south": {"uv": [6, 0, 6.6, 0.5], "texture": "#0"},
				"west": {"uv": [0, 0, 0.5, 0.6], "rotation": 90, "texture": "#0"},
				"up": {"uv": [6, 7, 6.6, 7.6], "rotation": 180, "texture": "#0"},
				"down": {"uv": [6, 7, 6.6, 7.6], "texture": "#0"}
			}
		},
		{
			"from": [6.3, 0.58492, 14.38564],
			"to": [6.7, 1.08492, 14.78564],
			"rotation": {"angle": 22.5, "axis": "x", "origin": [6.8, 1.48492, 14.58564]},
			"faces": {
				"north": {"uv": [6, 0, 6.4, 0.5], "rotation": 180, "texture": "#0"},
				"east": {"uv": [0, 0, 0.5, 0.4], "rotation": 90, "texture": "#0"},
				"south": {"uv": [6, 14, 6.4, 14.5], "texture": "#0"},
				"west": {"uv": [0, 0, 0.5, 0.4], "rotation": 270, "texture": "#0"}
			}
		},
		{
			"from": [6.3, 1.28492, 14.98564],
			"to": [6.7, 1.68492, 15.48564],
			"rotation": {"angle": 22.5, "axis": "x", "origin": [6.8, 1.48492, 14.58564]},
			"faces": {
				"east": {"uv": [0, 0, 0.5, 0.4], "rotation": 180, "texture": "#0"},
				"south": {"uv": [0, 0, 0, 0], "texture": "#0"},
				"west": {"uv": [0, 0, 0.5, 0.4], "rotation": 180, "texture": "#0"},
				"up": {"uv": [0, 0, 0, 0], "texture": "#0"},
				"down": {"uv": [0, 0, 0, 0], "texture": "#0"}
			}
		},
		{
			"from": [6.2, 1.18492, 15.48564],
			"to": [6.8, 1.78492, 15.98564],
			"rotation": {"angle": 22.5, "axis": "x", "origin": [6.8, 1.48492, 14.58564]},
			"faces": {
				"north": {"uv": [6, 7, 6.6, 7.6], "rotation": 180, "texture": "#0"},
				"east": {"uv": [0, 0, 0.5, 0.6], "rotation": 180, "texture": "#0"},
				"south": {"uv": [6, 7, 6.6, 7.6], "rotation": 180, "texture": "#0"},
				"west": {"uv": [0, 0, 0.5, 0.6], "rotation": 180, "texture": "#0"},
				"up": {"uv": [6, 14, 6.6, 14.5], "texture": "#0"},
				"down": {"uv": [6, 0, 6.6, 0.5], "texture": "#0"}
			}
		},
		{
			"from": [6.2, 0.08492, 14.28564],
			"to": [6.8, 0.58492, 14.88564],
			"rotation": {"angle": 22.5, "axis": "x", "origin": [6.8, 1.48492, 14.58564]},
			"faces": {
				"north": {"uv": [6, 0, 6.6, 0.5], "rotation": 180, "texture": "#0"},
				"east": {"uv": [0, 0, 0.5, 0.6], "rotation": 90, "texture": "#0"},
				"south": {"uv": [6, 14, 6.6, 14.5], "texture": "#0"},
				"west": {"uv": [0, 0, 0.5, 0.6], "rotation": 270, "texture": "#0"},
				"up": {"uv": [6, 7, 6.6, 7.6], "texture": "#0"},
				"down": {"uv": [6, 7, 6.6, 7.6], "rotation": 180, "texture": "#0"}
			}
		},
		{
			"from": [7.5, 3, 14.85],
			"to": [8.5, 8, 15.85],
			"rotation": {"angle": 0, "axis": "y", "origin": [0, 0, -0.15]},
			"faces": {
				"north": {"uv": [6, 7, 7, 12], "texture": "#0"},
				"east": {"uv": [14, 7, 15, 12], "texture": "#0"},
				"south": {"uv": [6, 7, 7, 12], "texture": "#0"},
				"west": {"uv": [0, 7, 1, 12], "texture": "#0"}
			}
		},
		{
			"from": [7.501, 8.07404, 17.22222],
			"to": [8.501, 10.07404, 18.22222],
			"rotation": {"angle": -22.5, "axis": "x", "origin": [8, 2.07404, 17.22222]},
			"faces": {
				"north": {"uv": [6, 7, 7, 9], "texture": "#0"},
				"east": {"uv": [14, 7, 15, 9], "texture": "#0"},
				"south": {"uv": [6, 7, 7, 9], "texture": "#0"},
				"west": {"uv": [0, 7, 1, 9], "texture": "#0"}
			}
		},
		{
			"from": [7.5, 4.89801, 10.62017],
			"to": [8.5, 5.89801, 12.62017],
			"rotation": {"angle": 45, "axis": "x", "origin": [8, 4.89801, 18.62017]},
			"faces": {
				"east": {"uv": [14, 7, 15, 9], "rotation": 90, "texture": "#0"},
				"south": {"uv": [0, 0, 0, 0], "texture": "#0"},
				"west": {"uv": [0, 7, 1, 9], "rotation": 270, "texture": "#0"},
				"up": {"uv": [6, 7, 7, 9], "texture": "#0"},
				"down": {"uv": [6, 7, 7, 9], "rotation": 180, "texture": "#0"}
			}
		},
		{
			"from": [7.501, 8.04199, 10.83101],
			"to": [8.501, 9.04199, 12.83101],
			"rotation": {"angle": 22.5, "axis": "x", "origin": [8, 8.04199, 18.83101]},
			"faces": {
				"east": {"uv": [14, 7, 15, 9], "rotation": 90, "texture": "#0"},
				"south": {"uv": [0, 0, 0, 0], "texture": "#0"},
				"west": {"uv": [0, 7, 1, 9], "rotation": 270, "texture": "#0"},
				"up": {"uv": [6, 7, 7, 9], "texture": "#0"},
				"down": {"uv": [6, 7, 7, 9], "rotation": 180, "texture": "#0"}
			}
		},
		{
			"from": [7.5, 11.02734, 10.82266],
			"to": [8.5, 12.02734, 11.82266],
			"rotation": {"angle": 0, "axis": "x", "origin": [8, 11.02734, 20.82266]},
			"faces": {
				"east": {"uv": [14, 7, 15, 8], "rotation": 90, "texture": "#0"},
				"south": {"uv": [0, 0, 0, 0], "texture": "#0"},
				"west": {"uv": [0, 7, 1, 8], "rotation": 270, "texture": "#0"},
				"up": {"uv": [6, 7, 7, 8], "texture": "#0"},
				"down": {"uv": [6, 7, 7, 8], "rotation": 180, "texture": "#0"}
			}
		},
		{
			"from": [7.5, 17.8873, 8.38406],
			"to": [8.5, 18.8873, 9.38406],
			"rotation": {"angle": -45, "axis": "x", "origin": [8, 15.8873, 18.38406]},
			"faces": {
				"north": {"uv": [0, 0, 1, 1], "rotation": 180, "texture": "#0"},
				"east": {"uv": [14, 7, 15, 8], "rotation": 90, "texture": "#0"},
				"south": {"uv": [0, 0, 0, 0], "texture": "#0"},
				"west": {"uv": [0, 7, 1, 8], "rotation": 270, "texture": "#0"},
				"up": {"uv": [6, 7, 7, 8], "texture": "#0"},
				"down": {"uv": [6, 7, 7, 8], "rotation": 180, "texture": "#0"}
			}
		},
		{
			"from": [7.4, 17.7873, 7.38406],
			"to": [7.6, 18.9873, 8.38406],
			"rotation": {"angle": -45, "axis": "x", "origin": [8, 15.8873, 18.38406]},
			"faces": {
				"north": {"uv": [0, 0, 0.2, 1.2], "rotation": 180, "texture": "#0"},
				"east": {"uv": [14, 7, 15.2, 8], "rotation": 90, "texture": "#0"},
				"south": {"uv": [0, 0, 0.2, 1.2], "texture": "#0"},
				"west": {"uv": [0, 7, 1.2, 8], "rotation": 270, "texture": "#0"},
				"up": {"uv": [6, 7, 6.2, 8], "texture": "#0"},
				"down": {"uv": [6, 7, 6.2, 8], "rotation": 180, "texture": "#0"}
			}
		},
		{
			"from": [7.6, 18.7873, 7.38406],
			"to": [8.4, 18.9873, 8.38406],
			"rotation": {"angle": -45, "axis": "x", "origin": [8, 15.8873, 18.38406]},
			"faces": {
				"north": {"uv": [0, 0, 0.8, 0.2], "rotation": 180, "texture": "#0"},
				"south": {"uv": [0, 0, 0.8, 0.2], "texture": "#0"},
				"up": {"uv": [6, 7, 6.8, 8], "texture": "#0"},
				"down": {"uv": [6, 7, 6.8, 8], "rotation": 180, "texture": "#0"}
			}
		},
		{
			"from": [7.6, 17.7873, 7.38406],
			"to": [8.4, 17.9873, 8.38406],
			"rotation": {"angle": -45, "axis": "x", "origin": [8, 15.8873, 18.38406]},
			"faces": {
				"north": {"uv": [0, 0, 0.8, 0.2], "rotation": 180, "texture": "#0"},
				"south": {"uv": [0, 0, 0.8, 0.2], "texture": "#0"},
				"up": {"uv": [6, 7, 6.8, 8], "texture": "#0"},
				"down": {"uv": [6, 7, 6.8, 8], "rotation": 180, "texture": "#0"}
			}
		},
		{
			"from": [8.4, 17.7873, 7.38406],
			"to": [8.6, 18.9873, 8.38406],
			"rotation": {"angle": -45, "axis": "x", "origin": [8, 15.8873, 18.38406]},
			"faces": {
				"north": {"uv": [0, 0, 0.2, 1.2], "rotation": 180, "texture": "#0"},
				"east": {"uv": [14, 7, 15.2, 8], "rotation": 90, "texture": "#0"},
				"south": {"uv": [0, 0, 0.2, 1.2], "texture": "#0"},
				"west": {"uv": [0, 7, 1.2, 8], "rotation": 270, "texture": "#0"},
				"up": {"uv": [6, 7, 6.2, 8], "texture": "#0"},
				"down": {"uv": [6, 7, 6.2, 8], "rotation": 180, "texture": "#0"}
			}
		},
		{
			"from": [7.501, 14.54761, 9.52026],
			"to": [8.501, 15.54761, 10.52026],
			"rotation": {"angle": -22.5, "axis": "x", "origin": [8, 14.54761, 19.52026]},
			"faces": {
				"east": {"uv": [14, 7, 15, 8], "rotation": 90, "texture": "#0"},
				"south": {"uv": [0, 0, 0, 0], "texture": "#0"},
				"west": {"uv": [0, 7, 1, 8], "rotation": 270, "texture": "#0"},
				"up": {"uv": [6, 7, 7, 8], "texture": "#0"},
				"down": {"uv": [6, 7, 7, 8], "rotation": 180, "texture": "#0"}
			}
		}
	]
}