{
	"credit": "Made with Blockbench",
	"ambientocclusion": false,
	"textures": {
		"0": "blocks/planks_acacia",
		"particle": "blocks/planks_acacia"
	},
	"elements": [
		{
			"from": [7.5, 0, 0],
			"to": [8.5, 1, 16],
			"shade": false,
			"rotation": {"angle": 0, "axis": "y", "origin": [1.5, 0, 1.5]},
			"faces": {
				"east": {"uv": [0, 4, 16, 5], "texture": "#0"},
				"west": {"uv": [0, 4, 16, 5], "texture": "#0"},
				"up": {"uv": [0, 5.5, 16, 6.5], "rotation": 90, "texture": "#0"},
				"down": {"uv": [0, 8.5, 16, 7.5], "rotation": 90, "texture": "#0"}
			}
		}
	]
}