{
	"credit": "Made with Blockbench",
	"texture_size": [32, 32],
	"textures": {
		"0": "blocks/waste",
		"particle": "blocks/waste"
	},
	"elements": [
		{
			"from": [3.96472, 0.2, 3.57843],
			"to": [5.06472, 1.3, 4.07843],
			"rotation": {"angle": -45, "axis": "y", "origin": [4.51472, 0.75, 3.57843]},
			"faces": {
				"east": {"uv": [1, 5.25, 1.25, 5.8], "texture": "#0"},
				"west": {"uv": [1, 5.25, 1.25, 5.8], "texture": "#0"},
				"up": {"uv": [1, 5.25, 1.25, 5.8], "rotation": 90, "texture": "#0"},
				"down": {"uv": [1, 5.25, 1.25, 5.8], "rotation": 270, "texture": "#0", "cullface": "down"}
			}
		},
		{
			"from": [12.76472, -0.25, 4.57843],
			"to": [14.26472, 1.25, 7.07843],
			"rotation": {"angle": 22.5, "axis": "z", "origin": [13.51472, 0.75, 7.57843]},
			"faces": {
				"north": {"uv": [1, 5.25, 1.75, 6], "texture": "#0"},
				"east": {"uv": [1, 5.25, 2.25, 6], "texture": "#0"},
				"south": {"uv": [1, 5.25, 1.75, 6], "texture": "#0"},
				"west": {"uv": [1, 5.25, 2.25, 6], "texture": "#0"},
				"up": {"uv": [1, 5.25, 2.25, 6], "rotation": 270, "texture": "#0"},
				"down": {"uv": [1, 5.25, 2.25, 6], "rotation": 90, "texture": "#0"}
			}
		},
		{
			"from": [13.26472, 0.25, 9.07843],
			"to": [13.76472, 0.75, 9.57843],
			"rotation": {"angle": 22.5, "axis": "z", "origin": [13.51472, 0.75, 7.57843]},
			"faces": {
				"east": {"uv": [1.75, 3.75, 2, 4], "texture": "#0"},
				"south": {"uv": [1.75, 3.75, 2, 4], "texture": "#0"},
				"west": {"uv": [1.75, 3.75, 2, 4], "texture": "#0"},
				"up": {"uv": [1.75, 3.75, 2, 4], "rotation": 270, "texture": "#0"},
				"down": {"uv": [1.75, 3.75, 2, 4], "rotation": 90, "texture": "#0"}
			}
		},
		{
			"from": [13.06472, 0.05, 8.57843],
			"to": [13.96472, 0.95, 9.07843],
			"rotation": {"angle": 22.5, "axis": "z", "origin": [13.51472, 0.75, 7.57843]},
			"faces": {
				"east": {"uv": [1, 5.25, 1.25, 5.7], "texture": "#0"},
				"south": {"uv": [1, 5.25, 1.45, 5.7], "texture": "#0"},
				"west": {"uv": [1, 5.25, 1.25, 5.7], "texture": "#0"},
				"up": {"uv": [1, 5.25, 1.25, 5.7], "rotation": 270, "texture": "#0"},
				"down": {"uv": [1, 5.25, 1.25, 5.7], "rotation": 90, "texture": "#0"}
			}
		},
		{
			"from": [12.76472, -0.25, 7.57843],
			"to": [14.26472, 1.25, 8.57843],
			"rotation": {"angle": 22.5, "axis": "z", "origin": [13.51472, 0.75, 7.57843]},
			"faces": {
				"north": {"uv": [1, 5.25, 1.75, 6], "texture": "#0"},
				"east": {"uv": [1, 5.25, 1.5, 6], "texture": "#0"},
				"south": {"uv": [1, 5.25, 1.75, 6], "texture": "#0"},
				"west": {"uv": [1, 5.25, 1.5, 6], "texture": "#0"},
				"up": {"uv": [1, 5.25, 1.5, 6], "rotation": 270, "texture": "#0"},
				"down": {"uv": [1, 5.25, 1.5, 6], "rotation": 90, "texture": "#0"}
			}
		},
		{
			"from": [12.96472, -0.05, 7.07843],
			"to": [14.06472, 1.05, 7.57843],
			"rotation": {"angle": 22.5, "axis": "z", "origin": [13.51472, 0.75, 7.57843]},
			"faces": {
				"east": {"uv": [1, 5.25, 1.25, 5.8], "texture": "#0"},
				"west": {"uv": [1, 5.25, 1.25, 5.8], "texture": "#0"},
				"up": {"uv": [1, 5.25, 1.25, 5.8], "rotation": 270, "texture": "#0"},
				"down": {"uv": [1, 5.25, 1.25, 5.8], "rotation": 90, "texture": "#0", "cullface": "down"}
			}
		},
		{
			"from": [3.76472, 0, 2.57843],
			"to": [5.26472, 1.5, 3.57843],
			"rotation": {"angle": -45, "axis": "y", "origin": [4.51472, 0.75, 3.57843]},
			"faces": {
				"north": {"uv": [1, 5.25, 1.75, 6], "texture": "#0"},
				"east": {"uv": [1, 5.25, 1.5, 6], "texture": "#0"},
				"south": {"uv": [1, 5.25, 1.75, 6], "texture": "#0"},
				"west": {"uv": [1, 5.25, 1.5, 6], "texture": "#0"},
				"up": {"uv": [1, 5.25, 1.5, 6], "rotation": 90, "texture": "#0"},
				"down": {"uv": [1, 5.25, 1.5, 6], "rotation": 270, "texture": "#0", "cullface": "down"}
			}
		},
		{
			"from": [4.06472, 0.3, 2.07843],
			"to": [4.96472, 1.2, 2.57843],
			"rotation": {"angle": -45, "axis": "y", "origin": [4.51472, 0.75, 3.57843]},
			"faces": {
				"north": {"uv": [1, 5.25, 1.45, 5.7], "texture": "#0"},
				"east": {"uv": [1, 5.25, 1.25, 5.7], "texture": "#0"},
				"west": {"uv": [1, 5.25, 1.25, 5.7], "texture": "#0"},
				"up": {"uv": [1, 5.25, 1.25, 5.7], "rotation": 90, "texture": "#0"},
				"down": {"uv": [1, 5.25, 1.25, 5.7], "rotation": 270, "texture": "#0"}
			}
		},
		{
			"from": [4.26472, 0.5, 1.57843],
			"to": [4.76472, 1, 2.07843],
			"rotation": {"angle": -45, "axis": "y", "origin": [4.51472, 0.75, 3.57843]},
			"faces": {
				"north": {"uv": [1.75, 3.75, 2, 4], "texture": "#0"},
				"east": {"uv": [1.75, 3.75, 2, 4], "texture": "#0"},
				"west": {"uv": [1.75, 3.75, 2, 4], "texture": "#0"},
				"up": {"uv": [1.75, 3.75, 2, 4], "rotation": 90, "texture": "#0"},
				"down": {"uv": [1.75, 3.75, 2, 4], "rotation": 270, "texture": "#0"}
			}
		},
		{
			"from": [3.76472, 0, 4.07843],
			"to": [5.26472, 1.5, 6.57843],
			"rotation": {"angle": -45, "axis": "y", "origin": [4.51472, 0.75, 3.57843]},
			"faces": {
				"north": {"uv": [1, 5.25, 1.75, 6], "texture": "#0"},
				"east": {"uv": [1, 5.25, 2.25, 6], "texture": "#0"},
				"south": {"uv": [1, 5.25, 1.75, 6], "texture": "#0"},
				"west": {"uv": [1, 5.25, 2.25, 6], "texture": "#0"},
				"up": {"uv": [1, 5.25, 2.25, 6], "rotation": 90, "texture": "#0"},
				"down": {"uv": [1, 5.25, 2.25, 6], "rotation": 270, "texture": "#0", "cullface": "down"}
			}
		},
		{
			"from": [4.49935, 0.02, 3.70176],
			"to": [9.49935, 0.02, 14.70176],
			"rotation": {"angle": 0, "axis": "y", "origin": [1.49935, 0.001, -0.29824]},
			"faces": {
				"up": {"uv": [11, 8, 13.5, 13.5], "texture": "#0"},
				"down": {"uv": [11, 10.5, 13.5, 16], "texture": "#0", "cullface": "down"}
			}
		},
		{
			"from": [-1.87915, 0.01, 4.77161],
			"to": [3.12085, 0.01, 15.77161],
			"rotation": {"angle": 22.5, "axis": "y", "origin": [1.12085, 0.002, 0.77161]},
			"faces": {
				"up": {"uv": [13.5, 8, 16, 13.5], "texture": "#0"},
				"down": {"uv": [13.5, 10.5, 16, 16], "texture": "#0", "cullface": "down"}
			}
		},
		{
			"from": [3.07401, 0.03, 1.39942],
			"to": [9.07401, 0.03, 12.39942],
			"rotation": {"angle": 22.5, "axis": "y", "origin": [12.07401, 0, -2.60058]},
			"faces": {
				"up": {"uv": [8, 8, 11, 13.5], "texture": "#0"},
				"down": {"uv": [8, 10.5, 11, 16], "texture": "#0", "cullface": "down"}
			}
		},
		{
			"from": [3.55734, 0.02, 13.67774],
			"to": [5.55734, 0.02, 14.67774],
			"rotation": {"angle": 45, "axis": "y", "origin": [6.55734, 0, -0.32226]},
			"faces": {
				"up": {"uv": [12, 11, 13, 11.5], "texture": "#0"},
				"down": {"uv": [12, 13.5, 13, 14], "texture": "#0", "cullface": "down"}
			}
		},
		{
			"from": [13.95684, 0.01, 9.99145],
			"to": [16.45684, 0.01, 10.99145],
			"rotation": {"angle": 0, "axis": "y", "origin": [17.45684, 0, -4.00855]},
			"faces": {
				"up": {"uv": [12, 11, 13.25, 11.5], "texture": "#0"},
				"down": {"uv": [12, 13.5, 13.25, 14], "texture": "#0", "cullface": "down"}
			}
		},
		{
			"from": [-1.81211, 0.01, 8.59534],
			"to": [0.68789, 0.01, 9.59534],
			"rotation": {"angle": 45, "axis": "y", "origin": [0.40223, 0.001, -9.13689]},
			"faces": {
				"up": {"uv": [12, 11, 13.25, 11.5], "texture": "#0"},
				"down": {"uv": [12, 13.5, 13.25, 14], "texture": "#0", "cullface": "down"}
			}
		},
		{
			"from": [15.96231, 0.02, 4.45673],
			"to": [18.46231, 0.02, 5.45673],
			"rotation": {"angle": -22.5, "axis": "y", "origin": [18.96231, -0.001, -9.54327]},
			"faces": {
				"up": {"uv": [12, 11, 13.25, 11.5], "texture": "#0"},
				"down": {"uv": [12, 13.5, 13.25, 14], "texture": "#0", "cullface": "down"}
			}
		},
		{
			"from": [4, 0.36628, 11.385],
			"to": [4.1, 0.88428, 13.135],
			"rotation": {"angle": 0, "axis": "x", "origin": [4.125, 1.24128, 12.26]},
			"faces": {
				"north": {"uv": [2.5, 5.5, 2.55, 5.759], "rotation": 180, "texture": "#0"},
				"east": {"uv": [2.75, 6.75, 3.009, 7.625], "rotation": 270, "texture": "#0"},
				"south": {"uv": [1.5, 6, 1.55, 6.259], "texture": "#0"},
				"west": {"uv": [0.5, 3, 0.759, 3.875], "rotation": 90, "texture": "#0"}
			}
		},
		{
			"from": [9.83, 0.1, 7.5528],
			"to": [9.93, 1.15056, 7.9878],
			"rotation": {"angle": 45, "axis": "x", "origin": [9.85, 0.62528, 7.7703]},
			"faces": {
				"east": {"uv": [0.75, 6, 1.27528, 6.2175], "rotation": 270, "texture": "#0"},
				"west": {"uv": [0.75, 6, 1.27528, 6.2175], "rotation": 270, "texture": "#0"}
			}
		},
		{
			"from": [9.82, 0.40778, 7.24502],
			"to": [9.92, 0.84278, 8.29558],
			"rotation": {"angle": 0, "axis": "y", "origin": [9.85, 0.62528, 7.7703]},
			"faces": {
				"east": {"uv": [0.75, 6, 1.27528, 6.2175], "texture": "#0"},
				"west": {"uv": [0.75, 6, 1.27528, 6.2175], "rotation": 180, "texture": "#0"}
			}
		},
		{
			"from": [9.81, 0.1, 7.5528],
			"to": [9.91, 1.15056, 7.9878],
			"rotation": {"angle": -45, "axis": "x", "origin": [9.85, 0.62528, 7.7703]},
			"faces": {
				"east": {"uv": [0.75, 6, 1.27528, 6.2175], "rotation": 270, "texture": "#0"},
				"west": {"uv": [0.75, 6, 1.27528, 6.2175], "rotation": 270, "texture": "#0"}
			}
		},
		{
			"from": [9.8, 0.1, 7.5528],
			"to": [9.9, 1.15056, 7.9878],
			"rotation": {"angle": 0, "axis": "y", "origin": [9.85, 0.62528, 7.7703]},
			"faces": {
				"east": {"uv": [0.75, 6, 1.27528, 6.2175], "rotation": 270, "texture": "#0"},
				"west": {"uv": [0.75, 6, 1.27528, 6.2175], "rotation": 270, "texture": "#0"}
			}
		},
		{
			"from": [8.251, -0.12507, 7.34586],
			"to": [10.001, -0.02507, 7.86386],
			"rotation": {"angle": 45, "axis": "x", "origin": [9.125, 0.37514, 7.83355]},
			"faces": {
				"east": {"uv": [2.5, 5.5, 2.55, 5.759], "rotation": 90, "texture": "#0"},
				"west": {"uv": [1.5, 6, 1.55, 6.259], "rotation": 90, "texture": "#0"},
				"up": {"uv": [1.5, 5.25, 1.759, 6.125], "rotation": 270, "texture": "#0"},
				"down": {"uv": [0.75, 3, 1.009, 3.875], "rotation": 270, "texture": "#0"}
			}
		},
		{
			"from": [8.25, 0, 7.50128],
			"to": [10, 0.1, 8.01928],
			"rotation": {"angle": 0, "axis": "y", "origin": [9.125, 0.37514, 7.83355]},
			"faces": {
				"east": {"uv": [2.5, 5.5, 2.55, 5.759], "rotation": 90, "texture": "#0"},
				"west": {"uv": [1.5, 6, 1.55, 6.259], "rotation": 90, "texture": "#0"},
				"up": {"uv": [1.5, 5.25, 1.759, 6.125], "rotation": 270, "texture": "#0"},
				"down": {"uv": [1, 3, 1.259, 3.875], "rotation": 270, "texture": "#0", "cullface": "down"}
			}
		},
		{
			"from": [8.251, 0.24121, 8.13015],
			"to": [10.001, 0.75921, 8.23015],
			"rotation": {"angle": 45, "axis": "x", "origin": [9.125, 0.37514, 7.83355]},
			"faces": {
				"north": {"uv": [2.75, 5.5, 3.009, 6.375], "rotation": 90, "texture": "#0"},
				"east": {"uv": [2.5, 5.5, 2.55, 5.759], "texture": "#0"},
				"south": {"uv": [1.25, 3, 1.509, 3.875], "rotation": 270, "texture": "#0"},
				"west": {"uv": [1.5, 6, 1.55, 6.259], "rotation": 180, "texture": "#0"}
			}
		},
		{
			"from": [8.25, 0.36628, 8.28556],
			"to": [10, 0.88428, 8.38556],
			"rotation": {"angle": 0, "axis": "y", "origin": [9.125, 0.37514, 7.83355]},
			"faces": {
				"north": {"uv": [2.75, 5.5, 3.009, 6.375], "rotation": 90, "texture": "#0"},
				"east": {"uv": [2.5, 5.5, 2.55, 5.759], "texture": "#0"},
				"south": {"uv": [1.5, 3, 1.759, 3.875], "rotation": 270, "texture": "#0"},
				"west": {"uv": [1.5, 6, 1.55, 6.259], "rotation": 180, "texture": "#0"}
			}
		},
		{
			"from": [8.251, 0.53961, 7.70346],
			"to": [10.001, 1.05761, 7.80346],
			"rotation": {"angle": -45, "axis": "x", "origin": [9.125, 1.41461, 7.67846]},
			"faces": {
				"north": {"uv": [0.5, 5.5, 0.759, 6.375], "rotation": 90, "texture": "#0"},
				"east": {"uv": [2.5, 5.5, 2.55, 5.759], "rotation": 180, "texture": "#0"},
				"south": {"uv": [1.75, 3, 2, 3.875], "rotation": 270, "texture": "#0"},
				"west": {"uv": [1.5, 6, 1.55, 6.259], "texture": "#0"}
			}
		},
		{
			"from": [8.25, 1.15056, 7.50128],
			"to": [10, 1.25056, 8.01928],
			"rotation": {"angle": 0, "axis": "y", "origin": [9.125, 1.12556, 7.14428]},
			"faces": {
				"east": {"uv": [2.5, 5.5, 2.55, 5.759], "rotation": 270, "texture": "#0"},
				"west": {"uv": [1.5, 6, 1.55, 6.259], "rotation": 270, "texture": "#0"},
				"up": {"uv": [0, 3, 0.259, 3.875], "rotation": 270, "texture": "#0"},
				"down": {"uv": [3.25, 6.75, 3.509, 7.625], "rotation": 270, "texture": "#0"}
			}
		},
		{
			"from": [8.251, 0.53961, 7.71711],
			"to": [10.001, 1.05761, 7.81711],
			"rotation": {"angle": 45, "axis": "x", "origin": [9.125, 1.41461, 7.84211]},
			"faces": {
				"north": {"uv": [0.25, 3, 0.509, 3.875], "rotation": 90, "texture": "#0"},
				"east": {"uv": [2.5, 5.5, 2.55, 5.759], "rotation": 180, "texture": "#0"},
				"south": {"uv": [2.75, 6.75, 3.009, 7.625], "rotation": 270, "texture": "#0"},
				"west": {"uv": [1.5, 6, 1.55, 6.259], "texture": "#0"}
			}
		},
		{
			"from": [8.25, 0.36628, 7.135],
			"to": [10, 0.88428, 7.235],
			"rotation": {"angle": 0, "axis": "y", "origin": [9.125, 1.24128, 7.26]},
			"faces": {
				"north": {"uv": [0.5, 3, 0.759, 3.875], "rotation": 90, "texture": "#0"},
				"east": {"uv": [2.5, 5.5, 2.55, 5.759], "rotation": 180, "texture": "#0"},
				"south": {"uv": [2.75, 6.75, 3.009, 7.625], "rotation": 270, "texture": "#0"},
				"west": {"uv": [1.5, 6, 1.55, 6.259], "texture": "#0"}
			}
		},
		{
			"from": [4.21086, -0.12507, 11.384],
			"to": [4.72886, -0.02507, 13.134],
			"rotation": {"angle": -45, "axis": "z", "origin": [4.69855, 0.37514, 12.26]},
			"faces": {
				"north": {"uv": [2.5, 5.5, 2.55, 5.759], "rotation": 90, "texture": "#0"},
				"south": {"uv": [1.5, 6, 1.55, 6.259], "rotation": 90, "texture": "#0"},
				"up": {"uv": [1.5, 5.25, 1.759, 6.125], "rotation": 180, "texture": "#0"},
				"down": {"uv": [0.75, 3, 1.009, 3.875], "texture": "#0"}
			}
		},
		{
			"from": [4.36628, 0, 11.385],
			"to": [4.88428, 0.1, 13.135],
			"rotation": {"angle": 0, "axis": "z", "origin": [4.69855, 0.37514, 12.26]},
			"faces": {
				"north": {"uv": [2.5, 5.5, 2.55, 5.759], "rotation": 90, "texture": "#0"},
				"south": {"uv": [1.5, 6, 1.55, 6.259], "rotation": 90, "texture": "#0"},
				"up": {"uv": [1.5, 5.25, 1.759, 6.125], "rotation": 180, "texture": "#0"},
				"down": {"uv": [1, 3, 1.259, 3.875], "texture": "#0", "cullface": "down"}
			}
		},
		{
			"from": [4.99515, 0.24121, 11.384],
			"to": [5.09515, 0.75921, 13.134],
			"rotation": {"angle": -45, "axis": "z", "origin": [4.69855, 0.37514, 12.26]},
			"faces": {
				"north": {"uv": [2.5, 5.5, 2.55, 5.759], "texture": "#0"},
				"east": {"uv": [1.25, 3, 1.509, 3.875], "rotation": 270, "texture": "#0"},
				"south": {"uv": [1.5, 6, 1.55, 6.259], "rotation": 180, "texture": "#0"},
				"west": {"uv": [2.75, 5.5, 3.009, 6.375], "rotation": 90, "texture": "#0"}
			}
		},
		{
			"from": [5.15056, 0.36628, 11.385],
			"to": [5.25056, 0.88428, 13.135],
			"rotation": {"angle": 0, "axis": "z", "origin": [4.69855, 0.37514, 12.26]},
			"faces": {
				"north": {"uv": [2.5, 5.5, 2.55, 5.759], "texture": "#0"},
				"east": {"uv": [1.5, 3, 1.759, 3.875], "rotation": 270, "texture": "#0"},
				"south": {"uv": [1.5, 6, 1.55, 6.259], "rotation": 180, "texture": "#0"},
				"west": {"uv": [2.75, 5.5, 3.009, 6.375], "rotation": 90, "texture": "#0"}
			}
		},
		{
			"from": [4.56846, 0.53961, 11.384],
			"to": [4.66846, 1.05761, 13.134],
			"rotation": {"angle": 45, "axis": "z", "origin": [4.54346, 1.41461, 12.26]},
			"faces": {
				"north": {"uv": [2.5, 5.5, 2.55, 5.759], "rotation": 180, "texture": "#0"},
				"east": {"uv": [1.75, 3, 2, 3.875], "rotation": 270, "texture": "#0"},
				"south": {"uv": [1.5, 6, 1.55, 6.259], "texture": "#0"},
				"west": {"uv": [0.5, 5.5, 0.759, 6.375], "rotation": 90, "texture": "#0"}
			}
		},
		{
			"from": [4.36628, 1.15056, 11.385],
			"to": [4.88428, 1.25056, 13.135],
			"rotation": {"angle": 0, "axis": "z", "origin": [4.00928, 1.12556, 12.26]},
			"faces": {
				"north": {"uv": [2.5, 5.5, 2.55, 5.759], "rotation": 270, "texture": "#0"},
				"south": {"uv": [1.5, 6, 1.55, 6.259], "rotation": 270, "texture": "#0"},
				"up": {"uv": [0, 3, 0.259, 3.875], "rotation": 180, "texture": "#0"},
				"down": {"uv": [3.25, 6.75, 3.509, 7.625], "texture": "#0"}
			}
		},
		{
			"from": [4.4178, 0.1, 11.485],
			"to": [4.8528, 1.15056, 11.585],
			"rotation": {"angle": 0, "axis": "y", "origin": [4.6353, 0.62528, 11.535]},
			"faces": {
				"north": {"uv": [0.75, 6, 1.27528, 6.2175], "rotation": 270, "texture": "#0"},
				"south": {"uv": [0.75, 6, 1.27528, 6.2175], "rotation": 270, "texture": "#0"}
			}
		},
		{
			"from": [4.4178, 0.1, 11.475],
			"to": [4.8528, 1.15056, 11.575],
			"rotation": {"angle": 45, "axis": "z", "origin": [4.6353, 0.62528, 11.535]},
			"faces": {
				"north": {"uv": [0.75, 6, 1.27528, 6.2175], "rotation": 270, "texture": "#0"},
				"south": {"uv": [0.75, 6, 1.27528, 6.2175], "rotation": 270, "texture": "#0"}
			}
		},
		{
			"from": [4.11002, 0.40778, 11.465],
			"to": [5.16058, 0.84278, 11.565],
			"rotation": {"angle": 0, "axis": "z", "origin": [4.6353, 0.62528, 11.535]},
			"faces": {
				"north": {"uv": [0.75, 6, 1.27528, 6.2175], "texture": "#0"},
				"south": {"uv": [0.75, 6, 1.27528, 6.2175], "rotation": 180, "texture": "#0"}
			}
		},
		{
			"from": [4.4178, 0.1, 11.455],
			"to": [4.8528, 1.15056, 11.555],
			"rotation": {"angle": -45, "axis": "z", "origin": [4.6353, 0.62528, 11.535]},
			"faces": {
				"north": {"uv": [0.75, 6, 1.27528, 6.2175], "rotation": 270, "texture": "#0"},
				"south": {"uv": [0.75, 6, 1.27528, 6.2175], "rotation": 270, "texture": "#0"}
			}
		},
		{
			"from": [4.58211, 0.53961, 11.384],
			"to": [4.68211, 1.05761, 13.134],
			"rotation": {"angle": -45, "axis": "z", "origin": [4.70711, 1.41461, 12.26]},
			"faces": {
				"north": {"uv": [2.5, 5.5, 2.55, 5.759], "rotation": 180, "texture": "#0"},
				"east": {"uv": [2.75, 6.75, 3.009, 7.625], "rotation": 270, "texture": "#0"},
				"south": {"uv": [1.5, 6, 1.55, 6.259], "texture": "#0"},
				"west": {"uv": [0.25, 3, 0.509, 3.875], "rotation": 90, "texture": "#0"}
			}
		}
	]
}