{
	"credit": "Made with Blockbench",
	"texture_size": [32, 32],
	"textures": {
		"1": "blocks/waste",
		"particle": "blocks/waste"
	},
	"elements": [
		{
			"from": [9.601, 0, 10.523],
			"to": [10.222, 1.5, 14.523],
			"rotation": {"angle": -45, "axis": "z", "origin": [9.9115, 0.75, 11.149]},
			"faces": {
				"north": {"uv": [15.6895, 0, 16, 0.75], "rotation": 180, "texture": "#1"},
				"south": {"uv": [15.5, 0, 15.8105, 0.75], "rotation": 180, "texture": "#1"},
				"up": {"uv": [13.8105, 0.75, 14.121, 2.75], "texture": "#1"},
				"down": {"uv": [15.0525, 0.75, 15.363, 2.75], "rotation": 180, "texture": "#1"}
			}
		},
		{
			"from": [3.1615, 0.4395, 1.774],
			"to": [4.6615, 1.0605, 5.774],
			"rotation": {"angle": 0, "axis": "y", "origin": [3.9115, 0.75, 5.149]},
			"faces": {
				"north": {"uv": [15.6895, 0, 16, 0.75], "rotation": 90, "texture": "#1"},
				"east": {"uv": [13.5, 0.75, 13.8105, 2.75], "rotation": 270, "texture": "#1"},
				"south": {"uv": [15.5, 0, 15.8105, 0.75], "rotation": 270, "texture": "#1"},
				"west": {"uv": [14.742, 0.75, 15.0525, 2.75], "rotation": 90, "texture": "#1"}
			}
		},
		{
			"from": [3.1615, 0.4395, 1.777],
			"to": [4.6615, 1.0605, 5.777],
			"rotation": {"angle": -45, "axis": "z", "origin": [3.9115, 0.75, 5.149]},
			"faces": {
				"north": {"uv": [16, 0, 15.6895, 0.75], "rotation": 90, "texture": "#1"},
				"east": {"uv": [15.6735, 0.75, 15.984, 2.75], "rotation": 270, "texture": "#1"},
				"south": {"uv": [15.5, 0, 15.8105, 0.75], "rotation": 90, "texture": "#1"},
				"west": {"uv": [14.4315, 0.75, 14.742, 2.75], "rotation": 90, "texture": "#1"}
			}
		},
		{
			"from": [3.601, 0, 1.776],
			"to": [4.222, 1.5, 5.776],
			"rotation": {"angle": 0, "axis": "y", "origin": [3.9115, 0.75, 5.149]},
			"faces": {
				"north": {"uv": [15.5, 0, 15.8105, 0.75], "texture": "#1"},
				"south": {"uv": [15.6895, 0, 16, 0.75], "rotation": 180, "texture": "#1"},
				"up": {"uv": [14.121, 0.75, 14.4315, 2.75], "rotation": 180, "texture": "#1"},
				"down": {"uv": [15.363, 0.75, 15.6735, 2.75], "texture": "#1", "cullface": "down"}
			}
		},
		{
			"from": [3.6615, 0.6465, 5.773],
			"to": [4.1615, 0.8535, 7.273],
			"rotation": {"angle": 0, "axis": "y", "origin": [3.9115, 0.75, 5.149]},
			"faces": {
				"east": {"uv": [15.75, 0, 15.8535, 0.75], "rotation": 270, "texture": "#1"},
				"south": {"uv": [15.5, 0.25, 15.6035, 0.5], "rotation": 270, "texture": "#1"},
				"west": {"uv": [15.75, 0, 15.8535, 0.75], "rotation": 90, "texture": "#1"}
			}
		},
		{
			"from": [3.808, 0.5, 5.774],
			"to": [4.015, 1, 7.274],
			"rotation": {"angle": -45, "axis": "z", "origin": [3.9115, 0.75, 5.149]},
			"faces": {
				"south": {"uv": [15.5, 0, 15.6035, 0.25], "rotation": 180, "texture": "#1"},
				"up": {"uv": [15.75, 0, 15.8535, 0.75], "rotation": 180, "texture": "#1"},
				"down": {"uv": [15.75, 0, 15.8535, 0.75], "texture": "#1"}
			}
		},
		{
			"from": [3.6615, 0.6465, 5.772],
			"to": [4.1615, 0.8535, 7.272],
			"rotation": {"angle": -45, "axis": "z", "origin": [3.9115, 0.75, 5.149]},
			"faces": {
				"east": {"uv": [15.75, 0, 15.8535, 0.75], "rotation": 270, "texture": "#1"},
				"south": {"uv": [15.5, 0.5, 15.6035, 0.75], "rotation": 90, "texture": "#1"},
				"west": {"uv": [15.75, 0, 15.8535, 0.75], "rotation": 90, "texture": "#1"}
			}
		},
		{
			"from": [3.808, 0.5, 5.771],
			"to": [4.015, 1, 7.271],
			"rotation": {"angle": 0, "axis": "y", "origin": [3.9115, 0.75, 5.149]},
			"faces": {
				"south": {"uv": [15.5, 0.25, 15.6035, 0.5], "rotation": 180, "texture": "#1"},
				"up": {"uv": [15.75, 0, 15.8535, 0.75], "rotation": 180, "texture": "#1"},
				"down": {"uv": [15.75, 0, 15.8535, 0.75], "texture": "#1"}
			}
		},
		{
			"from": [3.601, 0, 1.775],
			"to": [4.222, 1.5, 5.775],
			"rotation": {"angle": -45, "axis": "z", "origin": [3.9115, 0.75, 5.149]},
			"faces": {
				"north": {"uv": [15.5, 0, 15.8105, 0.75], "rotation": 180, "texture": "#1"},
				"south": {"uv": [15.6895, 0, 16, 0.75], "rotation": 180, "texture": "#1"},
				"up": {"uv": [13.8105, 0.75, 14.121, 2.75], "rotation": 180, "texture": "#1"},
				"down": {"uv": [15.0525, 0.75, 15.363, 2.75], "texture": "#1"}
			}
		},
		{
			"from": [9.808, 0.5, 9.027],
			"to": [10.015, 1, 10.527],
			"rotation": {"angle": 0, "axis": "x", "origin": [9.9115, 0.75, 11.149]},
			"faces": {
				"north": {"uv": [15.5, 0.25, 15.6035, 0.5], "rotation": 180, "texture": "#1"},
				"up": {"uv": [15.75, 0, 15.8535, 0.75], "texture": "#1"},
				"down": {"uv": [15.75, 0, 15.8535, 0.75], "rotation": 180, "texture": "#1"}
			}
		},
		{
			"from": [9.6615, 0.6465, 9.026],
			"to": [10.1615, 0.8535, 10.526],
			"rotation": {"angle": -45, "axis": "z", "origin": [9.9115, 0.75, 11.149]},
			"faces": {
				"north": {"uv": [15.5, 0.5, 15.6035, 0.75], "rotation": 90, "texture": "#1"},
				"east": {"uv": [15.75, 0, 15.8535, 0.75], "rotation": 90, "texture": "#1"},
				"west": {"uv": [15.75, 0, 15.8535, 0.75], "rotation": 270, "texture": "#1"}
			}
		},
		{
			"from": [9.808, 0.5, 9.024],
			"to": [10.015, 1, 10.524],
			"rotation": {"angle": -45, "axis": "z", "origin": [9.9115, 0.75, 11.149]},
			"faces": {
				"north": {"uv": [15.5, 0, 15.6035, 0.25], "rotation": 180, "texture": "#1"},
				"up": {"uv": [15.75, 0, 15.8535, 0.75], "texture": "#1"},
				"down": {"uv": [15.75, 0, 15.8535, 0.75], "rotation": 180, "texture": "#1"}
			}
		},
		{
			"from": [9.6615, 0.6465, 9.025],
			"to": [10.1615, 0.8535, 10.525],
			"rotation": {"angle": 0, "axis": "x", "origin": [9.9115, 0.75, 11.149]},
			"faces": {
				"north": {"uv": [15.5, 0.25, 15.6035, 0.5], "rotation": 270, "texture": "#1"},
				"east": {"uv": [15.75, 0, 15.8535, 0.75], "rotation": 90, "texture": "#1"},
				"west": {"uv": [15.75, 0, 15.8535, 0.75], "rotation": 270, "texture": "#1"}
			}
		},
		{
			"from": [9.601, 0, 10.522],
			"to": [10.222, 1.5, 14.522],
			"rotation": {"angle": 0, "axis": "x", "origin": [9.9115, 0.75, 11.149]},
			"faces": {
				"north": {"uv": [15.6895, 0, 16, 0.75], "rotation": 180, "texture": "#1"},
				"south": {"uv": [15.5, 0, 15.8105, 0.75], "texture": "#1"},
				"up": {"uv": [14.121, 0.75, 14.4315, 2.75], "texture": "#1"},
				"down": {"uv": [15.363, 0.75, 15.6735, 2.75], "rotation": 180, "texture": "#1", "cullface": "down"}
			}
		},
		{
			"from": [9.1615, 0.4395, 10.521],
			"to": [10.6615, 1.0605, 14.521],
			"rotation": {"angle": -45, "axis": "z", "origin": [9.9115, 0.75, 11.149]},
			"faces": {
				"north": {"uv": [15.5, 0, 15.8105, 0.75], "rotation": 90, "texture": "#1"},
				"east": {"uv": [14.4315, 0.75, 14.742, 2.75], "rotation": 90, "texture": "#1"},
				"south": {"uv": [16, 0, 15.6895, 0.75], "rotation": 90, "texture": "#1"},
				"west": {"uv": [15.6735, 0.75, 15.984, 2.75], "rotation": 270, "texture": "#1"}
			}
		},
		{
			"from": [9.1615, 0.4395, 10.524],
			"to": [10.6615, 1.0605, 14.524],
			"rotation": {"angle": 0, "axis": "x", "origin": [9.9115, 0.75, 11.149]},
			"faces": {
				"north": {"uv": [15.5, 0, 15.8105, 0.75], "rotation": 270, "texture": "#1"},
				"east": {"uv": [14.742, 0.75, 15.0525, 2.75], "rotation": 90, "texture": "#1"},
				"south": {"uv": [15.6895, 0, 16, 0.75], "rotation": 90, "texture": "#1"},
				"west": {"uv": [13.5, 0.75, 13.8105, 2.75], "rotation": 270, "texture": "#1"}
			}
		},
		{
			"from": [12.94678, 0.1793, 9.2525],
			"to": [15.44678, 0.5753, 10.2065],
			"rotation": {"angle": 22.5, "axis": "x", "origin": [14.19728, 0.3773, 9.7295]},
			"faces": {
				"north": {"uv": [2, 2.25, 3.25, 2.448], "texture": "#1"},
				"east": {"uv": [2.75, 2.25, 2.948, 2.727], "rotation": 270, "texture": "#1"},
				"south": {"uv": [2.542, 2, 3.792, 2.198], "texture": "#1"},
				"west": {"uv": [3.25, 2.25, 3.448, 2.727], "rotation": 270, "texture": "#1"}
			}
		},
		{
			"from": [2.72028, 0.001, 13.5315],
			"to": [3.67428, 2.501, 13.9275],
			"rotation": {"angle": -22.5, "axis": "y", "origin": [3.19728, 0.3773, 13.7295]},
			"faces": {
				"east": {"uv": [2.49, 2.5, 3.74, 2.698], "rotation": 270, "texture": "#1"},
				"west": {"uv": [2.198, 2.25, 3.448, 2.448], "rotation": 270, "texture": "#1"},
				"up": {"uv": [3.25, 2.25, 3.448, 2.727], "rotation": 90, "texture": "#1"},
				"down": {"uv": [3.75, 2.25, 3.948, 2.727], "rotation": 270, "texture": "#1", "cullface": "down"}
			}
		},
		{
			"from": [2.99928, 0.003, 13.2525],
			"to": [3.39528, 2.503, 14.2065],
			"rotation": {"angle": -22.5, "axis": "y", "origin": [3.19728, 0.3773, 13.7295]},
			"faces": {
				"north": {"uv": [2.552, 2.25, 3.802, 2.448], "rotation": 90, "texture": "#1"},
				"south": {"uv": [2.594, 2.25, 3.844, 2.448], "rotation": 270, "texture": "#1"},
				"up": {"uv": [3, 2.25, 3.198, 2.727], "rotation": 180, "texture": "#1"},
				"down": {"uv": [3.5, 2.25, 3.698, 2.727], "rotation": 180, "texture": "#1", "cullface": "down"}
			}
		},
		{
			"from": [2.72028, 0, 13.5315],
			"to": [3.67428, 2.5, 13.9275],
			"rotation": {"angle": 22.5, "axis": "y", "origin": [3.19728, 0.3773, 13.7295]},
			"faces": {
				"east": {"uv": [2.688, 2.5, 3.938, 2.698], "rotation": 270, "texture": "#1"},
				"west": {"uv": [2.396, 2.25, 3.646, 2.448], "rotation": 270, "texture": "#1"},
				"up": {"uv": [2, 2, 2.198, 2.477], "rotation": 90, "texture": "#1"},
				"down": {"uv": [2.5, 2, 2.698, 2.477], "rotation": 270, "texture": "#1", "cullface": "down"}
			}
		},
		{
			"from": [2.99928, 0.002, 13.2525],
			"to": [3.39528, 2.502, 14.2065],
			"rotation": {"angle": 22.5, "axis": "y", "origin": [3.19728, 0.3773, 13.7295]},
			"faces": {
				"north": {"uv": [2, 2.25, 3.25, 2.448], "rotation": 90, "texture": "#1"},
				"south": {"uv": [2.542, 2, 3.792, 2.198], "rotation": 270, "texture": "#1"},
				"up": {"uv": [2.75, 2.25, 2.948, 2.727], "rotation": 180, "texture": "#1"},
				"down": {"uv": [3.25, 2.25, 3.448, 2.727], "rotation": 180, "texture": "#1", "cullface": "down"}
			}
		},
		{
			"from": [12.94878, -0.0997, 9.5315],
			"to": [15.44878, 0.8543, 9.9275],
			"rotation": {"angle": 22.5, "axis": "x", "origin": [14.19728, 0.3773, 9.7295]},
			"faces": {
				"east": {"uv": [2, 2, 2.198, 2.477], "rotation": 180, "texture": "#1"},
				"west": {"uv": [2.5, 2, 2.698, 2.477], "texture": "#1"},
				"up": {"uv": [2.396, 2.25, 3.646, 2.448], "texture": "#1"},
				"down": {"uv": [2.688, 2.5, 3.938, 2.698], "texture": "#1"}
			}
		},
		{
			"from": [12.94578, 0.1793, 9.2525],
			"to": [15.44578, 0.5753, 10.2065],
			"rotation": {"angle": -22.5, "axis": "x", "origin": [14.19728, 0.3773, 9.7295]},
			"faces": {
				"north": {"uv": [2.552, 2.25, 3.802, 2.448], "texture": "#1"},
				"east": {"uv": [3, 2.25, 3.198, 2.727], "rotation": 270, "texture": "#1"},
				"south": {"uv": [2.594, 2.25, 3.844, 2.448], "texture": "#1"},
				"west": {"uv": [3.5, 2.25, 3.698, 2.727], "rotation": 270, "texture": "#1"}
			}
		},
		{
			"from": [7.60084, 0, 0.39903],
			"to": [8.22184, 1, 0.49903],
			"rotation": {"angle": 22.5, "axis": "y", "origin": [7.9114, 0.5015, 1.1489]},
			"faces": {
				"north": {"uv": [1.6735, 1, 1.984, 1.5], "texture": "#1"},
				"south": {"uv": [0.4315, 1, 0.742, 1.5], "texture": "#1"},
				"up": {"uv": [1.4395, 0.25, 1.75, 0.3], "rotation": 180, "texture": "#1"},
				"down": {"uv": [1.25, 0.25, 1.5605, 0.3], "texture": "#1", "cullface": "down"}
			}
		},
		{
			"from": [7.60095, 0.0001, 0.39903],
			"to": [8.22195, 1.0001, 0.49903],
			"rotation": {"angle": -22.5, "axis": "y", "origin": [7.9114, 0.5015, 1.1489]},
			"faces": {
				"north": {"uv": [1.363, 1, 1.6735, 1.5], "texture": "#1"},
				"south": {"uv": [0.121, 1, 0.4315, 1.5], "texture": "#1"},
				"up": {"uv": [1.4395, 0.25, 1.75, 0.3], "texture": "#1"},
				"down": {"uv": [1.25, 0.25, 1.5605, 0.3], "texture": "#1", "cullface": "down"}
			}
		},
		{
			"from": [8.56134, 0, 0.83853],
			"to": [8.66134, 1, 1.45953],
			"rotation": {"angle": 22.5, "axis": "y", "origin": [7.9114, 0.5015, 1.1489]},
			"faces": {
				"east": {"uv": [1.5525, 1, 1.863, 1.5], "texture": "#1"},
				"west": {"uv": [0.3105, 1, 0.621, 1.5], "texture": "#1"},
				"up": {"uv": [1.25, 0.25, 1.5605, 0.3], "rotation": 90, "texture": "#1"},
				"down": {"uv": [1.75, 0.25, 1.4395, 0.3], "rotation": 270, "texture": "#1", "cullface": "down"}
			}
		},
		{
			"from": [7.26134, 0.103, 0.8798],
			"to": [8.56134, 0.903, 1.4178],
			"rotation": {"angle": -22.5, "axis": "y", "origin": [7.9114, 0.5015, 1.1489]},
			"faces": {
				"up": {"uv": [2.4375, 0.0625, 2.4565, 0.7125], "rotation": 270, "texture": "#1"},
				"down": {"uv": [2.4375, 0.0625, 2.4565, 0.7125], "rotation": 90, "texture": "#1", "cullface": "down"}
			}
		},
		{
			"from": [7.64234, 0.1, 0.4988],
			"to": [8.18034, 0.9, 1.7988],
			"rotation": {"angle": -22.5, "axis": "y", "origin": [7.9114, 0.5015, 1.1489]},
			"faces": {
				"up": {"uv": [2.4375, 0.0625, 2.4565, 0.7125], "rotation": 180, "texture": "#1"},
				"down": {"uv": [2.4375, 0.0625, 2.4565, 0.7125], "rotation": 180, "texture": "#1", "cullface": "down"}
			}
		},
		{
			"from": [7.26142, 0.101, 0.87979],
			"to": [8.56142, 0.901, 1.41779],
			"rotation": {"angle": 22.5, "axis": "y", "origin": [7.9114, 0.5015, 1.1489]},
			"faces": {
				"up": {"uv": [2.4375, 0.0625, 2.4565, 0.7125], "rotation": 270, "texture": "#1"},
				"down": {"uv": [2.4375, 0.0625, 2.4565, 0.7125], "rotation": 90, "texture": "#1", "cullface": "down"}
			}
		},
		{
			"from": [7.64242, 0.102, 0.49879],
			"to": [8.18042, 0.902, 1.79879],
			"rotation": {"angle": 22.5, "axis": "y", "origin": [7.9114, 0.5015, 1.1489]},
			"faces": {
				"up": {"uv": [2.4375, 0.0625, 2.4565, 0.7125], "texture": "#1"},
				"down": {"uv": [2.4375, 0.0625, 2.4565, 0.7125], "texture": "#1", "cullface": "down"}
			}
		},
		{
			"from": [7.16145, 0.0001, 0.83853],
			"to": [7.26145, 1.0001, 1.45953],
			"rotation": {"angle": -22.5, "axis": "y", "origin": [7.9114, 0.5015, 1.1489]},
			"faces": {
				"east": {"uv": [1.242, 1, 1.5525, 1.5], "texture": "#1"},
				"west": {"uv": [0, 1, 0.3105, 1.5], "texture": "#1"},
				"up": {"uv": [1.25, 0.25, 1.5605, 0.3], "rotation": 90, "texture": "#1"},
				"down": {"uv": [1.4395, 0.25, 1.75, 0.3], "rotation": 90, "texture": "#1", "cullface": "down"}
			}
		},
		{
			"from": [7.60095, 0, 1.79876],
			"to": [8.22195, 1, 1.89876],
			"rotation": {"angle": 22.5, "axis": "y", "origin": [7.9114, 0.5015, 1.1489]},
			"faces": {
				"north": {"uv": [0.3105, 1, 0.621, 1.5], "texture": "#1"},
				"south": {"uv": [1.5525, 1, 1.863, 1.5], "texture": "#1"},
				"up": {"uv": [1.4395, 0.25, 1.75, 0.3], "texture": "#1"},
				"down": {"uv": [1.25, 0.25, 1.5605, 0.3], "rotation": 180, "texture": "#1", "cullface": "down"}
			}
		},
		{
			"from": [7.60084, 0.0001, 1.79876],
			"to": [8.22184, 1.0001, 1.89876],
			"rotation": {"angle": -22.5, "axis": "y", "origin": [7.9114, 0.5015, 1.1489]},
			"faces": {
				"north": {"uv": [0, 1, 0.3105, 1.5], "texture": "#1"},
				"south": {"uv": [0.742, 1, 1.0525, 1.5], "texture": "#1"},
				"up": {"uv": [1.4395, 0.25, 1.75, 0.3], "rotation": 180, "texture": "#1"},
				"down": {"uv": [1.25, 0.25, 1.5605, 0.3], "rotation": 180, "texture": "#1", "cullface": "down"}
			}
		},
		{
			"from": [7.16145, 0, 0.83826],
			"to": [7.26145, 1, 1.45926],
			"rotation": {"angle": 22.5, "axis": "y", "origin": [7.9114, 0.5015, 1.1489]},
			"faces": {
				"east": {"uv": [0.3105, 1, 0.621, 1.5], "texture": "#1"},
				"west": {"uv": [1.5525, 1, 1.863, 1.5], "texture": "#1"},
				"up": {"uv": [1.25, 0.25, 1.5605, 0.3], "rotation": 270, "texture": "#1"},
				"down": {"uv": [1.75, 0.25, 1.4395, 0.3], "rotation": 90, "texture": "#1", "cullface": "down"}
			}
		},
		{
			"from": [8.56134, 0.0001, 0.83826],
			"to": [8.66134, 1.0001, 1.45926],
			"rotation": {"angle": -22.5, "axis": "y", "origin": [7.9114, 0.5015, 1.1489]},
			"faces": {
				"east": {"uv": [0, 1, 0.3105, 1.5], "texture": "#1"},
				"west": {"uv": [1.242, 1, 1.5525, 1.5], "texture": "#1"},
				"up": {"uv": [1.25, 0.25, 1.5605, 0.3], "rotation": 270, "texture": "#1"},
				"down": {"uv": [1.4395, 0.25, 1.75, 0.3], "rotation": 270, "texture": "#1", "cullface": "down"}
			}
		},
		{
			"from": [12.94778, -0.0997, 9.5315],
			"to": [15.44778, 0.8543, 9.9275],
			"rotation": {"angle": -22.5, "axis": "x", "origin": [14.19728, 0.3773, 9.7295]},
			"faces": {
				"east": {"uv": [3.25, 2.25, 3.448, 2.727], "rotation": 180, "texture": "#1"},
				"west": {"uv": [3.75, 2.25, 3.948, 2.727], "texture": "#1"},
				"up": {"uv": [2.198, 2.25, 3.448, 2.448], "texture": "#1"},
				"down": {"uv": [2.49, 2.5, 3.74, 2.698], "texture": "#1"}
			}
		},
		{
			"from": [9.73073, 0.001, 4.60265],
			"to": [10.53073, 0.101, 5.40265],
			"rotation": {"angle": 0, "axis": "y", "origin": [10.63073, 0.051, 5.40165]},
			"faces": {
				"north": {"uv": [15.15, 4.5, 15.2, 4.9], "rotation": 90, "texture": "#1"},
				"east": {"uv": [14.75, 4.45, 15.15, 4.5], "texture": "#1"},
				"south": {"uv": [14.7, 4.5, 14.75, 4.9], "rotation": 270, "texture": "#1"},
				"west": {"uv": [14.75, 4.9, 15.15, 4.95], "rotation": 180, "texture": "#1"},
				"up": {"uv": [14.75, 4.5, 15.15, 4.9], "rotation": 270, "texture": "#1"},
				"down": {"uv": [14.75, 4.5, 15.15, 4.9], "rotation": 90, "texture": "#1", "cullface": "down"}
			}
		},
		{
			"from": [12.63173, 0.001, 6.50165],
			"to": [13.63173, 0.101, 7.30165],
			"rotation": {"angle": 45, "axis": "y", "origin": [10.63073, 0.051, 5.40165]},
			"faces": {
				"north": {"uv": [13.75, 5.65, 14.25, 5.7], "rotation": 180, "texture": "#1"},
				"east": {"uv": [14.25, 5.25, 14.3, 5.65], "rotation": 90, "texture": "#1"},
				"south": {"uv": [13.75, 5.2, 14.25, 5.25], "texture": "#1"},
				"west": {"uv": [13.7, 5.25, 13.75, 5.65], "rotation": 270, "texture": "#1"},
				"up": {"uv": [13.75, 5.25, 14.25, 5.65], "texture": "#1"},
				"down": {"uv": [13.75, 5.25, 14.25, 5.65], "texture": "#1", "cullface": "down"}
			}
		},
		{
			"from": [7.63173, 0.001, 4.50165],
			"to": [8.93173, 0.101, 5.30165],
			"rotation": {"angle": 22.5, "axis": "y", "origin": [10.63073, 0.051, 5.40165]},
			"faces": {
				"north": {"uv": [14, 4.9, 14.65, 4.95], "rotation": 180, "texture": "#1"},
				"east": {"uv": [14.65, 4.5, 14.7, 4.9], "rotation": 90, "texture": "#1"},
				"south": {"uv": [14, 4.45, 14.65, 4.5], "texture": "#1"},
				"west": {"uv": [13.95, 4.5, 14, 4.9], "rotation": 270, "texture": "#1"},
				"up": {"uv": [14, 4.5, 14.65, 4.9], "texture": "#1"},
				"down": {"uv": [14, 4.5, 14.65, 4.9], "texture": "#1", "cullface": "down"}
			}
		},
		{
			"from": [11.63173, 0.001, 6.50165],
			"to": [12.63173, 0.101, 7.30165],
			"rotation": {"angle": -22.5, "axis": "y", "origin": [10.63073, 0.051, 5.40165]},
			"faces": {
				"north": {"uv": [15.45, 5.4, 15.95, 5.45], "rotation": 180, "texture": "#1"},
				"east": {"uv": [15.95, 5, 16, 5.4], "rotation": 90, "texture": "#1"},
				"south": {"uv": [15.45, 4.95, 15.95, 5], "texture": "#1"},
				"west": {"uv": [15.4, 5, 15.45, 5.4], "rotation": 270, "texture": "#1"},
				"up": {"uv": [15.45, 5, 15.95, 5.4], "texture": "#1"},
				"down": {"uv": [15.45, 5, 15.95, 5.4], "texture": "#1", "cullface": "down"}
			}
		}
	]
}