{
	"credit": "Made with Blockbench",
	"texture_size": [32, 32],
	"textures": {
		"0": "blocks/waste",
		"particle": "blocks/waste"
	},
	"elements": [
		{
			"from": [14.96472, 0.2, 4.57843],
			"to": [16.06472, 1.3, 5.07843],
			"rotation": {"angle": -45, "axis": "y", "origin": [4.51472, 0.75, 3.57843]},
			"faces": {
				"east": {"uv": [1, 5.25, 1.25, 5.8], "texture": "#0"},
				"west": {"uv": [1, 5.25, 1.25, 5.8], "texture": "#0"},
				"up": {"uv": [1, 5.25, 1.25, 5.8], "rotation": 90, "texture": "#0"},
				"down": {"uv": [1, 5.25, 1.25, 5.8], "rotation": 270, "texture": "#0", "cullface": "down"}
			}
		},
		{
			"from": [7, 0, 2.27818],
			"to": [9.5, 1.5, 3.77818],
			"rotation": {"angle": -22.5, "axis": "y", "origin": [11.53554, 0.75, 12.06371]},
			"faces": {
				"north": {"uv": [1, 5.25, 2.25, 6], "texture": "#0"},
				"east": {"uv": [1, 5.25, 1.75, 6], "texture": "#0"},
				"south": {"uv": [1, 5.25, 2.25, 6], "texture": "#0"},
				"west": {"uv": [1, 5.25, 1.75, 6], "texture": "#0"},
				"up": {"uv": [1, 5.25, 2.25, 6], "texture": "#0"},
				"down": {"uv": [1, 5.25, 2.25, 6], "texture": "#0", "cullface": "down"}
			}
		},
		{
			"from": [4.5, 0.5, 2.74117],
			"to": [5, 1, 3.24117],
			"rotation": {"angle": -22.5, "axis": "y", "origin": [11.42054, 0.95, 12.15563]},
			"faces": {
				"north": {"uv": [2.25, 3.5, 2.5, 3.75], "texture": "#0"},
				"south": {"uv": [2.25, 3.5, 2.5, 3.75], "texture": "#0"},
				"west": {"uv": [2.25, 3.5, 2.5, 3.75], "texture": "#0"},
				"up": {"uv": [2.25, 3.5, 2.5, 3.75], "texture": "#0"},
				"down": {"uv": [2.25, 3.5, 2.5, 3.75], "texture": "#0"}
			}
		},
		{
			"from": [5, 0.3, 2.57818],
			"to": [5.5, 1.2, 3.47818],
			"rotation": {"angle": -22.5, "axis": "y", "origin": [11.53554, 0.75, 12.06371]},
			"faces": {
				"north": {"uv": [1, 5.25, 1.25, 5.7], "texture": "#0"},
				"south": {"uv": [1, 5.25, 1.25, 5.7], "texture": "#0"},
				"west": {"uv": [1, 5.25, 1.45, 5.7], "texture": "#0"},
				"up": {"uv": [1, 5.25, 1.25, 5.7], "texture": "#0"},
				"down": {"uv": [1, 5.25, 1.25, 5.7], "texture": "#0"}
			}
		},
		{
			"from": [5.5, 0, 2.27818],
			"to": [6.5, 1.5, 3.77818],
			"rotation": {"angle": -22.5, "axis": "y", "origin": [11.53554, 0.75, 12.06371]},
			"faces": {
				"north": {"uv": [1, 5.25, 1.5, 6], "texture": "#0"},
				"east": {"uv": [1, 5.25, 1.75, 6], "texture": "#0"},
				"south": {"uv": [1, 5.25, 1.5, 6], "texture": "#0"},
				"west": {"uv": [1, 5.25, 1.75, 6], "texture": "#0"},
				"up": {"uv": [1, 5.25, 1.5, 6], "texture": "#0"},
				"down": {"uv": [1, 5.25, 1.5, 6], "texture": "#0", "cullface": "down"}
			}
		},
		{
			"from": [6.5, 0.2, 2.47818],
			"to": [7, 1.3, 3.57818],
			"rotation": {"angle": -22.5, "axis": "y", "origin": [11.53554, 0.75, 12.06371]},
			"faces": {
				"north": {"uv": [1, 5.25, 1.25, 5.8], "texture": "#0"},
				"south": {"uv": [1, 5.25, 1.25, 5.8], "texture": "#0"},
				"up": {"uv": [1, 5.25, 1.25, 5.8], "texture": "#0"},
				"down": {"uv": [1, 5.25, 1.25, 5.8], "texture": "#0", "cullface": "down"}
			}
		},
		{
			"from": [4.87541, -0.19919, 4.31371],
			"to": [6.37541, 1.30081, 6.81371],
			"rotation": {"angle": 22.5, "axis": "z", "origin": [4.87541, 0.55081, 2.81371]},
			"faces": {
				"north": {"uv": [1, 5.25, 1.75, 6], "texture": "#0"},
				"east": {"uv": [1, 5.25, 2.25, 6], "texture": "#0"},
				"south": {"uv": [1, 5.25, 1.75, 6], "texture": "#0"},
				"west": {"uv": [1, 5.25, 2.25, 6], "texture": "#0"},
				"up": {"uv": [1, 5.25, 2.25, 6], "rotation": 90, "texture": "#0"},
				"down": {"uv": [1, 5.25, 2.25, 6], "rotation": 270, "texture": "#0"}
			}
		},
		{
			"from": [5.3141, 0.20905, 1.81371],
			"to": [5.8141, 0.70905, 2.31371],
			"rotation": {"angle": 22.5, "axis": "z", "origin": [4.6141, 0.65905, 2.81371]},
			"faces": {
				"north": {"uv": [1.75, 3.75, 2, 4], "texture": "#0"},
				"east": {"uv": [1.75, 3.75, 2, 4], "texture": "#0"},
				"west": {"uv": [1.75, 3.75, 2, 4], "texture": "#0"},
				"up": {"uv": [1.75, 3.75, 2, 4], "rotation": 90, "texture": "#0"},
				"down": {"uv": [1.75, 3.75, 2, 4], "rotation": 270, "texture": "#0"}
			}
		},
		{
			"from": [5.17541, 0.10081, 2.31371],
			"to": [6.07541, 1.00081, 2.81371],
			"rotation": {"angle": 22.5, "axis": "z", "origin": [4.87541, 0.55081, 2.81371]},
			"faces": {
				"north": {"uv": [1, 5.25, 1.45, 5.7], "texture": "#0"},
				"east": {"uv": [1, 5.25, 1.25, 5.7], "texture": "#0"},
				"west": {"uv": [1, 5.25, 1.25, 5.7], "texture": "#0"},
				"up": {"uv": [1, 5.25, 1.25, 5.7], "rotation": 90, "texture": "#0"},
				"down": {"uv": [1, 5.25, 1.25, 5.7], "rotation": 270, "texture": "#0"}
			}
		},
		{
			"from": [4.87541, -0.19919, 2.81371],
			"to": [6.37541, 1.30081, 3.81371],
			"rotation": {"angle": 22.5, "axis": "z", "origin": [4.87541, 0.55081, 2.81371]},
			"faces": {
				"north": {"uv": [1, 5.25, 1.75, 6], "texture": "#0"},
				"east": {"uv": [1, 5.25, 1.5, 6], "texture": "#0"},
				"south": {"uv": [1, 5.25, 1.75, 6], "texture": "#0"},
				"west": {"uv": [1, 5.25, 1.5, 6], "texture": "#0"},
				"up": {"uv": [1, 5.25, 1.5, 6], "rotation": 90, "texture": "#0"},
				"down": {"uv": [1, 5.25, 1.5, 6], "rotation": 270, "texture": "#0"}
			}
		},
		{
			"from": [5.07541, 0.00081, 3.81371],
			"to": [6.17541, 1.10081, 4.31371],
			"rotation": {"angle": 22.5, "axis": "z", "origin": [4.87541, 0.55081, 2.81371]},
			"faces": {
				"east": {"uv": [1, 5.25, 1.25, 5.8], "texture": "#0"},
				"west": {"uv": [1, 5.25, 1.25, 5.8], "texture": "#0"},
				"up": {"uv": [1, 5.25, 1.25, 5.8], "rotation": 90, "texture": "#0"},
				"down": {"uv": [1, 5.25, 1.25, 5.8], "rotation": 270, "texture": "#0"}
			}
		},
		{
			"from": [1.58579, 0, 4.31371],
			"to": [4.08579, 1.5, 5.81371],
			"rotation": {"angle": 22.5, "axis": "z", "origin": [1.58579, 0, 7.06371]},
			"faces": {
				"north": {"uv": [1, 5.25, 2.25, 6], "texture": "#0"},
				"east": {"uv": [1, 5.25, 1.75, 6], "texture": "#0"},
				"south": {"uv": [1, 5.25, 2.25, 6], "texture": "#0"},
				"west": {"uv": [1, 5.25, 1.75, 6], "texture": "#0"},
				"up": {"uv": [1, 5.25, 2.25, 6], "rotation": 180, "texture": "#0"},
				"down": {"uv": [1, 5.25, 2.25, 6], "rotation": 180, "texture": "#0"}
			}
		},
		{
			"from": [6.00925, 0.48478, 4.81371],
			"to": [6.50925, 0.98478, 5.31371],
			"rotation": {"angle": 22.5, "axis": "z", "origin": [1.50925, 0.18478, 6.86371]},
			"faces": {
				"north": {"uv": [2, 2.75, 2.25, 3], "rotation": 90, "texture": "#0"},
				"east": {"uv": [2, 2.75, 2.25, 3], "rotation": 90, "texture": "#0"},
				"south": {"uv": [2, 2.75, 2.25, 3], "rotation": 90, "texture": "#0"},
				"up": {"uv": [2, 2.75, 2.25, 3], "rotation": 270, "texture": "#0"},
				"down": {"uv": [2, 2.75, 2.25, 3], "rotation": 270, "texture": "#0"}
			}
		},
		{
			"from": [5.58579, 0.3, 4.61371],
			"to": [6.08579, 1.2, 5.51371],
			"rotation": {"angle": 22.5, "axis": "z", "origin": [1.58579, 0, 7.06371]},
			"faces": {
				"north": {"uv": [1, 5.25, 1.25, 5.7], "texture": "#0"},
				"east": {"uv": [1, 5.25, 1.45, 5.7], "texture": "#0"},
				"south": {"uv": [1, 5.25, 1.25, 5.7], "texture": "#0"},
				"up": {"uv": [1, 5.25, 1.25, 5.7], "rotation": 180, "texture": "#0"},
				"down": {"uv": [1, 5.25, 1.25, 5.7], "rotation": 180, "texture": "#0"}
			}
		},
		{
			"from": [4.58579, 0, 4.31371],
			"to": [5.58579, 1.5, 5.81371],
			"rotation": {"angle": 22.5, "axis": "z", "origin": [1.58579, 0, 7.06371]},
			"faces": {
				"north": {"uv": [1, 5.25, 1.5, 6], "texture": "#0"},
				"east": {"uv": [1, 5.25, 1.75, 6], "texture": "#0"},
				"south": {"uv": [1, 5.25, 1.5, 6], "texture": "#0"},
				"west": {"uv": [1, 5.25, 1.75, 6], "texture": "#0"},
				"up": {"uv": [1, 5.25, 1.5, 6], "rotation": 180, "texture": "#0"},
				"down": {"uv": [1, 5.25, 1.5, 6], "rotation": 180, "texture": "#0"}
			}
		},
		{
			"from": [4.08579, 0.2, 4.51371],
			"to": [4.58579, 1.3, 5.61371],
			"rotation": {"angle": 22.5, "axis": "z", "origin": [1.58579, 0, 7.06371]},
			"faces": {
				"north": {"uv": [1, 5.25, 1.25, 5.8], "texture": "#0"},
				"south": {"uv": [1, 5.25, 1.25, 5.8], "texture": "#0"},
				"up": {"uv": [1, 5.25, 1.25, 5.8], "rotation": 180, "texture": "#0"},
				"down": {"uv": [1, 5.25, 1.25, 5.8], "rotation": 180, "texture": "#0"}
			}
		},
		{
			"from": [14.76472, 0, 3.57843],
			"to": [16.26472, 1.5, 4.57843],
			"rotation": {"angle": -45, "axis": "y", "origin": [4.51472, 0.75, 3.57843]},
			"faces": {
				"north": {"uv": [1, 5.25, 1.75, 6], "texture": "#0"},
				"east": {"uv": [1, 5.25, 1.5, 6], "texture": "#0"},
				"south": {"uv": [1, 5.25, 1.75, 6], "texture": "#0"},
				"west": {"uv": [1, 5.25, 1.5, 6], "texture": "#0"},
				"up": {"uv": [1, 5.25, 1.5, 6], "rotation": 90, "texture": "#0"},
				"down": {"uv": [1, 5.25, 1.5, 6], "rotation": 270, "texture": "#0", "cullface": "down"}
			}
		},
		{
			"from": [15.06472, 0.3, 3.07843],
			"to": [15.96472, 1.2, 3.57843],
			"rotation": {"angle": -45, "axis": "y", "origin": [4.51472, 0.75, 3.57843]},
			"faces": {
				"north": {"uv": [1, 5.25, 1.45, 5.7], "texture": "#0"},
				"east": {"uv": [1, 5.25, 1.25, 5.7], "texture": "#0"},
				"west": {"uv": [1, 5.25, 1.25, 5.7], "texture": "#0"},
				"up": {"uv": [1, 5.25, 1.25, 5.7], "rotation": 90, "texture": "#0"},
				"down": {"uv": [1, 5.25, 1.25, 5.7], "rotation": 270, "texture": "#0"}
			}
		},
		{
			"from": [12.36522, 0.5, -4.42157],
			"to": [12.86522, 1, -3.92157],
			"rotation": {"angle": -45, "axis": "y", "origin": [-5.38478, 1.15, 3.57843]},
			"faces": {
				"north": {"uv": [1.75, 3.75, 2, 4], "texture": "#0"},
				"east": {"uv": [1.75, 3.75, 2, 4], "texture": "#0"},
				"west": {"uv": [1.75, 3.75, 2, 4], "texture": "#0"},
				"up": {"uv": [1.75, 3.75, 2, 4], "rotation": 90, "texture": "#0"},
				"down": {"uv": [1.75, 3.75, 2, 4], "rotation": 270, "texture": "#0"}
			}
		},
		{
			"from": [14.76472, 0, 5.07843],
			"to": [16.26472, 1.5, 7.57843],
			"rotation": {"angle": -45, "axis": "y", "origin": [4.51472, 0.75, 3.57843]},
			"faces": {
				"north": {"uv": [1, 5.25, 1.75, 6], "texture": "#0"},
				"east": {"uv": [1, 5.25, 2.25, 6], "texture": "#0"},
				"south": {"uv": [1, 5.25, 1.75, 6], "texture": "#0"},
				"west": {"uv": [1, 5.25, 2.25, 6], "texture": "#0"},
				"up": {"uv": [1, 5.25, 2.25, 6], "rotation": 90, "texture": "#0"},
				"down": {"uv": [1, 5.25, 2.25, 6], "rotation": 270, "texture": "#0", "cullface": "down"}
			}
		},
		{
			"from": [2.99928, -0.0997, 9.479],
			"to": [3.39528, 0.8543, 11.979],
			"rotation": {"angle": 22.5, "axis": "z", "origin": [3.19728, 0.3773, 10.7295]},
			"faces": {
				"north": {"uv": [3.25, 2.25, 3.448, 2.727], "rotation": 180, "texture": "#0"},
				"south": {"uv": [2.75, 2.25, 2.948, 2.727], "texture": "#0"},
				"up": {"uv": [2.792, 2.75, 2.99, 4], "rotation": 180, "texture": "#0"},
				"down": {"uv": [2, 2.75, 2.198, 4], "texture": "#0", "cullface": "down"}
			}
		},
		{
			"from": [10.94778, -0.0997, 8.5315],
			"to": [13.44778, 0.8543, 8.9275],
			"rotation": {"angle": 0, "axis": "x", "origin": [12.19728, 0.3773, 8.7295]},
			"faces": {
				"east": {"uv": [3.25, 2.25, 3.448, 2.727], "rotation": 180, "texture": "#0"},
				"west": {"uv": [3.75, 2.25, 3.948, 2.727], "texture": "#0"},
				"up": {"uv": [2.198, 2.75, 2.396, 4], "rotation": 90, "texture": "#0"},
				"down": {"uv": [2.99, 2.75, 3.188, 4], "rotation": 90, "texture": "#0", "cullface": "down"}
			}
		},
		{
			"from": [10.94578, 0.1793, 8.2525],
			"to": [13.44578, 0.5753, 9.2065],
			"rotation": {"angle": 0, "axis": "x", "origin": [12.19728, 0.3773, 8.7295]},
			"faces": {
				"north": {"uv": [3.302, 2.75, 3.5, 4], "rotation": 270, "texture": "#0"},
				"east": {"uv": [3, 2.25, 3.198, 2.727], "rotation": 270, "texture": "#0"},
				"south": {"uv": [2.594, 2.75, 2.792, 4], "rotation": 90, "texture": "#0"},
				"west": {"uv": [3.5, 2.25, 3.698, 2.727], "rotation": 270, "texture": "#0"}
			}
		},
		{
			"from": [10.94878, -0.0997, 8.5315],
			"to": [13.44878, 0.8543, 8.9275],
			"rotation": {"angle": 45, "axis": "x", "origin": [12.19728, 0.3773, 8.7295]},
			"faces": {
				"east": {"uv": [2, 2, 2.198, 2.477], "rotation": 180, "texture": "#0"},
				"west": {"uv": [2.5, 2, 2.698, 2.477], "texture": "#0"},
				"up": {"uv": [2.396, 2.75, 2.594, 4], "rotation": 90, "texture": "#0"},
				"down": {"uv": [3.188, 2.75, 3.386, 4], "rotation": 90, "texture": "#0"}
			}
		},
		{
			"from": [10.94678, 0.1793, 8.2525],
			"to": [13.44678, 0.5753, 9.2065],
			"rotation": {"angle": 45, "axis": "x", "origin": [12.19728, 0.3773, 8.7295]},
			"faces": {
				"north": {"uv": [2, 2.75, 2.198, 4], "rotation": 270, "texture": "#0"},
				"east": {"uv": [2.75, 2.25, 2.948, 2.727], "rotation": 270, "texture": "#0"},
				"south": {"uv": [2.792, 2.75, 2.99, 4], "rotation": 90, "texture": "#0"},
				"west": {"uv": [3.25, 2.25, 3.448, 2.727], "rotation": 270, "texture": "#0"}
			}
		},
		{
			"from": [2.72028, 0.1793, 9.48],
			"to": [3.67428, 0.5753, 11.98],
			"rotation": {"angle": -22.5, "axis": "z", "origin": [3.19728, 0.3773, 10.7295]},
			"faces": {
				"north": {"uv": [3.75, 2.25, 3.948, 2.727], "rotation": 270, "texture": "#0"},
				"east": {"uv": [2.198, 2.75, 2.396, 4], "rotation": 270, "texture": "#0"},
				"south": {"uv": [3.25, 2.25, 3.448, 2.727], "rotation": 270, "texture": "#0"},
				"west": {"uv": [2.99, 2.75, 3.188, 4], "rotation": 90, "texture": "#0"}
			}
		},
		{
			"from": [2.99928, -0.0997, 9.478],
			"to": [3.39528, 0.8543, 11.978],
			"rotation": {"angle": -22.5, "axis": "z", "origin": [3.19728, 0.3773, 10.7295]},
			"faces": {
				"north": {"uv": [3.5, 2.25, 3.698, 2.727], "rotation": 180, "texture": "#0"},
				"south": {"uv": [3, 2.25, 3.198, 2.727], "texture": "#0"},
				"up": {"uv": [2.594, 2.75, 2.792, 4], "rotation": 180, "texture": "#0"},
				"down": {"uv": [3.302, 2.75, 3.5, 4], "texture": "#0", "cullface": "down"}
			}
		},
		{
			"from": [2.72028, 0.1793, 9.481],
			"to": [3.67428, 0.5753, 11.981],
			"rotation": {"angle": 22.5, "axis": "z", "origin": [3.19728, 0.3773, 10.7295]},
			"faces": {
				"north": {"uv": [2.5, 2, 2.698, 2.477], "rotation": 270, "texture": "#0"},
				"east": {"uv": [2.396, 2.75, 2.594, 4], "rotation": 270, "texture": "#0"},
				"south": {"uv": [2, 2, 2.198, 2.477], "rotation": 270, "texture": "#0"},
				"west": {"uv": [3.188, 2.75, 3.386, 4], "rotation": 90, "texture": "#0"}
			}
		}
	]
}