{
	"credit": "Made with Blockbench",
	"texture_size": [32, 32],
	"textures": {
		"1": "blocks/waste",
		"particle": "blocks/waste"
	},
	"elements": [
		{
			"from": [13.1615, 0.001, 3.8385],
			"to": [14.6615, 4.001, 4.4595],
			"rotation": {"angle": 22.5, "axis": "y", "origin": [13.9115, 3.375, 4.149]},
			"faces": {
				"east": {"uv": [14.742, 3.75, 15.0525, 5.75], "texture": "#1"},
				"west": {"uv": [13.5, 3.75, 13.8105, 5.75], "texture": "#1"},
				"up": {"uv": [15.5, 3, 15.8105, 3.75], "rotation": 90, "texture": "#1"},
				"down": {"uv": [15.6895, 3, 16, 3.75], "rotation": 90, "texture": "#1", "cullface": "down"}
			}
		},
		{
			"from": [1.5375, 0, 11.8385],
			"to": [5.5375, 1.5, 12.4595],
			"rotation": {"angle": -45, "axis": "x", "origin": [4.9115, 0.75, 12.149]},
			"faces": {
				"east": {"uv": [15.6895, 0, 16, 0.75], "rotation": 180, "texture": "#1"},
				"west": {"uv": [15.5, 0, 15.8105, 0.75], "rotation": 180, "texture": "#1"},
				"up": {"uv": [13.8105, 0.75, 14.121, 2.75], "rotation": 90, "texture": "#1"},
				"down": {"uv": [15.0525, 0.75, 15.363, 2.75], "rotation": 90, "texture": "#1"}
			}
		},
		{
			"from": [5.5335, 0.5, 12.0455],
			"to": [7.0335, 1, 12.2525],
			"rotation": {"angle": 0, "axis": "x", "origin": [4.9115, 0.75, 12.149]},
			"faces": {
				"east": {"uv": [15.5, 0.25, 15.6035, 0.5], "rotation": 180, "texture": "#1"},
				"up": {"uv": [15.75, 0, 15.8535, 0.75], "rotation": 90, "texture": "#1"},
				"down": {"uv": [15.75, 0, 15.8535, 0.75], "rotation": 90, "texture": "#1"}
			}
		},
		{
			"from": [5.5345, 0.6465, 11.899],
			"to": [7.0345, 0.8535, 12.399],
			"rotation": {"angle": -45, "axis": "x", "origin": [4.9115, 0.75, 12.149]},
			"faces": {
				"north": {"uv": [15.75, 0, 15.8535, 0.75], "rotation": 270, "texture": "#1"},
				"east": {"uv": [15.5, 0.5, 15.6035, 0.75], "rotation": 90, "texture": "#1"},
				"south": {"uv": [15.75, 0, 15.8535, 0.75], "rotation": 90, "texture": "#1"}
			}
		},
		{
			"from": [5.5365, 0.5, 12.0455],
			"to": [7.0365, 1, 12.2525],
			"rotation": {"angle": -45, "axis": "x", "origin": [4.9115, 0.75, 12.149]},
			"faces": {
				"east": {"uv": [15.5, 0, 15.6035, 0.25], "rotation": 180, "texture": "#1"},
				"up": {"uv": [15.75, 0, 15.8535, 0.75], "rotation": 90, "texture": "#1"},
				"down": {"uv": [15.75, 0, 15.8535, 0.75], "rotation": 90, "texture": "#1"}
			}
		},
		{
			"from": [5.5355, 0.6465, 11.899],
			"to": [7.0355, 0.8535, 12.399],
			"rotation": {"angle": 0, "axis": "x", "origin": [4.9115, 0.75, 12.149]},
			"faces": {
				"north": {"uv": [15.75, 0, 15.8535, 0.75], "rotation": 270, "texture": "#1"},
				"east": {"uv": [15.5, 0.25, 15.6035, 0.5], "rotation": 270, "texture": "#1"},
				"south": {"uv": [15.75, 0, 15.8535, 0.75], "rotation": 90, "texture": "#1"}
			}
		},
		{
			"from": [1.5385, 0, 11.8385],
			"to": [5.5385, 1.5, 12.4595],
			"rotation": {"angle": 0, "axis": "x", "origin": [4.9115, 0.75, 12.149]},
			"faces": {
				"east": {"uv": [15.6895, 0, 16, 0.75], "rotation": 180, "texture": "#1"},
				"west": {"uv": [15.5, 0, 15.8105, 0.75], "texture": "#1"},
				"up": {"uv": [14.121, 0.75, 14.4315, 2.75], "rotation": 90, "texture": "#1"},
				"down": {"uv": [15.363, 0.75, 15.6735, 2.75], "rotation": 90, "texture": "#1", "cullface": "down"}
			}
		},
		{
			"from": [1.5395, 0.4395, 11.399],
			"to": [5.5395, 1.0605, 12.899],
			"rotation": {"angle": -45, "axis": "x", "origin": [4.9115, 0.75, 12.149]},
			"faces": {
				"north": {"uv": [15.6735, 0.75, 15.984, 2.75], "rotation": 270, "texture": "#1"},
				"east": {"uv": [15.5, 0, 15.8105, 0.75], "rotation": 90, "texture": "#1"},
				"south": {"uv": [14.4315, 0.75, 14.742, 2.75], "rotation": 90, "texture": "#1"},
				"west": {"uv": [16, 0, 15.6895, 0.75], "rotation": 90, "texture": "#1"}
			}
		},
		{
			"from": [1.5365, 0.4395, 11.399],
			"to": [5.5365, 1.0605, 12.899],
			"rotation": {"angle": 0, "axis": "x", "origin": [4.9115, 0.75, 12.149]},
			"faces": {
				"north": {"uv": [13.5, 0.75, 13.8105, 2.75], "rotation": 270, "texture": "#1"},
				"east": {"uv": [15.5, 0, 15.8105, 0.75], "rotation": 270, "texture": "#1"},
				"south": {"uv": [14.742, 0.75, 15.0525, 2.75], "rotation": 90, "texture": "#1"},
				"west": {"uv": [15.6895, 0, 16, 0.75], "rotation": 90, "texture": "#1"}
			}
		},
		{
			"from": [13.601, 0.002, 3.399],
			"to": [14.222, 4.002, 4.899],
			"rotation": {"angle": -22.5, "axis": "y", "origin": [13.9115, 3.375, 4.149]},
			"faces": {
				"north": {"uv": [15.0525, 3.75, 15.363, 5.75], "texture": "#1"},
				"south": {"uv": [13.8105, 3.75, 14.121, 5.75], "texture": "#1"},
				"up": {"uv": [15.5, 3, 15.8105, 3.75], "texture": "#1"},
				"down": {"uv": [16, 3, 15.6895, 3.75], "texture": "#1", "cullface": "down"}
			}
		},
		{
			"from": [13.601, 0.003, 3.399],
			"to": [14.222, 4.003, 4.899],
			"rotation": {"angle": 22.5, "axis": "y", "origin": [13.9115, 3.375, 4.149]},
			"faces": {
				"north": {"uv": [15.363, 3.75, 15.6735, 5.75], "texture": "#1"},
				"south": {"uv": [14.121, 3.75, 14.4315, 5.75], "texture": "#1"},
				"up": {"uv": [15.6895, 3, 16, 3.75], "texture": "#1"},
				"down": {"uv": [15.5, 3, 15.8105, 3.75], "texture": "#1", "cullface": "down"}
			}
		},
		{
			"from": [13.6615, 3.999, 4.0455],
			"to": [14.1615, 5.499, 4.2525],
			"rotation": {"angle": 22.5, "axis": "y", "origin": [13.9115, 3.375, 4.149]},
			"faces": {
				"east": {"uv": [15.75, 3, 15.8535, 3.75], "texture": "#1"},
				"west": {"uv": [15.75, 3, 15.8535, 3.75], "texture": "#1"},
				"up": {"uv": [15.5, 3.25, 15.6035, 3.5], "rotation": 90, "texture": "#1"}
			}
		},
		{
			"from": [13.6615, 4, 4.0455],
			"to": [14.1615, 5.5, 4.2525],
			"rotation": {"angle": -22.5, "axis": "y", "origin": [13.9115, 3.375, 4.149]},
			"faces": {
				"east": {"uv": [15.75, 3, 15.8535, 3.75], "texture": "#1"},
				"west": {"uv": [15.75, 3, 15.8535, 3.75], "texture": "#1"},
				"up": {"uv": [15.5, 3, 15.6035, 3.25], "rotation": 90, "texture": "#1"}
			}
		},
		{
			"from": [13.808, 3.998, 3.899],
			"to": [14.015, 5.498, 4.399],
			"rotation": {"angle": -22.5, "axis": "y", "origin": [13.9115, 3.375, 4.149]},
			"faces": {
				"north": {"uv": [15.75, 3, 15.8535, 3.75], "texture": "#1"},
				"south": {"uv": [15.75, 3, 15.8535, 3.75], "texture": "#1"},
				"up": {"uv": [15.5, 3.5, 15.6035, 3.75], "texture": "#1"}
			}
		},
		{
			"from": [9.94678, 0.1793, 1.2525],
			"to": [12.44678, 0.5753, 2.2065],
			"rotation": {"angle": 22.5, "axis": "x", "origin": [11.19728, 0.3773, 1.7295]},
			"faces": {
				"north": {"uv": [2, 2.75, 2.198, 4], "rotation": 270, "texture": "#1"},
				"east": {"uv": [2.75, 2.25, 2.948, 2.727], "rotation": 270, "texture": "#1"},
				"south": {"uv": [2.792, 2.75, 2.99, 4], "rotation": 90, "texture": "#1"},
				"west": {"uv": [3.25, 2.25, 3.448, 2.727], "rotation": 270, "texture": "#1"}
			}
		},
		{
			"from": [9.94878, -0.0997, 1.5315],
			"to": [12.44878, 0.8543, 1.9275],
			"rotation": {"angle": 22.5, "axis": "x", "origin": [11.19728, 0.3773, 1.7295]},
			"faces": {
				"east": {"uv": [2, 2, 2.198, 2.477], "rotation": 180, "texture": "#1"},
				"west": {"uv": [2.5, 2, 2.698, 2.477], "texture": "#1"},
				"up": {"uv": [2.396, 2.75, 2.594, 4], "rotation": 90, "texture": "#1"},
				"down": {"uv": [3.188, 2.75, 3.386, 4], "rotation": 90, "texture": "#1"}
			}
		},
		{
			"from": [9.94578, 0.1793, 1.2525],
			"to": [12.44578, 0.5753, 2.2065],
			"rotation": {"angle": -22.5, "axis": "x", "origin": [11.19728, 0.3773, 1.7295]},
			"faces": {
				"north": {"uv": [3.302, 2.75, 3.5, 4], "rotation": 270, "texture": "#1"},
				"east": {"uv": [3, 2.25, 3.198, 2.727], "rotation": 270, "texture": "#1"},
				"south": {"uv": [2.594, 2.75, 2.792, 4], "rotation": 90, "texture": "#1"},
				"west": {"uv": [3.5, 2.25, 3.698, 2.727], "rotation": 270, "texture": "#1"}
			}
		},
		{
			"from": [9.94778, -0.0997, 1.5315],
			"to": [12.44778, 0.8543, 1.9275],
			"rotation": {"angle": -22.5, "axis": "x", "origin": [11.19728, 0.3773, 1.7295]},
			"faces": {
				"east": {"uv": [3.25, 2.25, 3.448, 2.727], "rotation": 180, "texture": "#1"},
				"west": {"uv": [3.75, 2.25, 3.948, 2.727], "texture": "#1"},
				"up": {"uv": [2.198, 2.75, 2.396, 4], "rotation": 90, "texture": "#1"},
				"down": {"uv": [2.99, 2.75, 3.188, 4], "rotation": 90, "texture": "#1", "cullface": "down"}
			}
		},
		{
			"from": [9.5, 0.2, 8.47818],
			"to": [10, 1.3, 9.57818],
			"rotation": {"angle": 22.5, "axis": "y", "origin": [9.53554, 0.75, 16.06371]},
			"faces": {
				"north": {"uv": [1, 5.25, 1.25, 5.8], "texture": "#1"},
				"south": {"uv": [1, 5.25, 1.25, 5.8], "texture": "#1"},
				"up": {"uv": [1, 5.25, 1.25, 5.8], "texture": "#1"},
				"down": {"uv": [1, 5.25, 1.25, 5.8], "texture": "#1", "cullface": "down"}
			}
		},
		{
			"from": [8.5, 0, 8.27818],
			"to": [9.5, 1.5, 9.77818],
			"rotation": {"angle": 22.5, "axis": "y", "origin": [9.53554, 0.75, 16.06371]},
			"faces": {
				"north": {"uv": [1, 5.25, 1.5, 6], "texture": "#1"},
				"east": {"uv": [1, 5.25, 1.75, 6], "texture": "#1"},
				"south": {"uv": [1, 5.25, 1.5, 6], "texture": "#1"},
				"west": {"uv": [1, 5.25, 1.75, 6], "texture": "#1"},
				"up": {"uv": [1, 5.25, 1.5, 6], "texture": "#1"},
				"down": {"uv": [1, 5.25, 1.5, 6], "texture": "#1", "cullface": "down"}
			}
		},
		{
			"from": [8, 0.3, 8.57818],
			"to": [8.5, 1.2, 9.47818],
			"rotation": {"angle": 22.5, "axis": "y", "origin": [9.53554, 0.75, 16.06371]},
			"faces": {
				"north": {"uv": [1, 5.25, 1.25, 5.7], "texture": "#1"},
				"south": {"uv": [1, 5.25, 1.25, 5.7], "texture": "#1"},
				"west": {"uv": [1, 5.25, 1.45, 5.7], "texture": "#1"},
				"up": {"uv": [1, 5.25, 1.25, 5.7], "texture": "#1"},
				"down": {"uv": [1, 5.25, 1.25, 5.7], "texture": "#1"}
			}
		},
		{
			"from": [7.5, 0.5, 8.82601],
			"to": [8, 1, 9.32601],
			"rotation": {"angle": 22.5, "axis": "y", "origin": [9.36615, 0.95, 15.84047]},
			"faces": {
				"north": {"uv": [1.75, 3.75, 2, 4], "texture": "#1"},
				"south": {"uv": [1.75, 3.75, 2, 4], "texture": "#1"},
				"west": {"uv": [1.75, 3.75, 2, 4], "texture": "#1"},
				"up": {"uv": [1.75, 3.75, 2, 4], "texture": "#1"},
				"down": {"uv": [1.75, 3.75, 2, 4], "texture": "#1"}
			}
		},
		{
			"from": [2.72028, 0.1793, 7.481],
			"to": [3.67428, 0.5753, 9.981],
			"rotation": {"angle": 45, "axis": "z", "origin": [3.19728, 0.3773, 8.7295]},
			"faces": {
				"north": {"uv": [2.5, 2, 2.698, 2.477], "rotation": 270, "texture": "#1"},
				"east": {"uv": [2.396, 2.75, 2.594, 4], "rotation": 270, "texture": "#1"},
				"south": {"uv": [2, 2, 2.198, 2.477], "rotation": 270, "texture": "#1"},
				"west": {"uv": [3.188, 2.75, 3.386, 4], "rotation": 90, "texture": "#1"}
			}
		},
		{
			"from": [2.99928, -0.0997, 7.478],
			"to": [3.39528, 0.8543, 9.978],
			"rotation": {"angle": 0, "axis": "z", "origin": [3.19728, 0.3773, 8.7295]},
			"faces": {
				"north": {"uv": [3.5, 2.25, 3.698, 2.727], "rotation": 180, "texture": "#1"},
				"south": {"uv": [3, 2.25, 3.198, 2.727], "texture": "#1"},
				"up": {"uv": [2.594, 2.75, 2.792, 4], "rotation": 180, "texture": "#1"},
				"down": {"uv": [3.302, 2.75, 3.5, 4], "texture": "#1", "cullface": "down"}
			}
		},
		{
			"from": [2.72028, 0.1793, 7.48],
			"to": [3.67428, 0.5753, 9.98],
			"rotation": {"angle": 0, "axis": "z", "origin": [3.19728, 0.3773, 8.7295]},
			"faces": {
				"north": {"uv": [3.75, 2.25, 3.948, 2.727], "rotation": 270, "texture": "#1"},
				"east": {"uv": [2.198, 2.75, 2.396, 4], "rotation": 270, "texture": "#1"},
				"south": {"uv": [3.25, 2.25, 3.448, 2.727], "rotation": 270, "texture": "#1"},
				"west": {"uv": [2.99, 2.75, 3.188, 4], "rotation": 90, "texture": "#1"}
			}
		},
		{
			"from": [2.99928, -0.0997, 7.479],
			"to": [3.39528, 0.8543, 9.979],
			"rotation": {"angle": 45, "axis": "z", "origin": [3.19728, 0.3773, 8.7295]},
			"faces": {
				"north": {"uv": [3.25, 2.25, 3.448, 2.727], "rotation": 180, "texture": "#1"},
				"south": {"uv": [2.75, 2.25, 2.948, 2.727], "texture": "#1"},
				"up": {"uv": [2.792, 2.75, 2.99, 4], "rotation": 180, "texture": "#1"},
				"down": {"uv": [2, 2.75, 2.198, 4], "texture": "#1", "cullface": "down"}
			}
		},
		{
			"from": [10, 0, 8.27818],
			"to": [12.5, 1.5, 9.77818],
			"rotation": {"angle": 22.5, "axis": "y", "origin": [9.53554, 0.75, 16.06371]},
			"faces": {
				"north": {"uv": [1, 5.25, 2.25, 6], "texture": "#1"},
				"east": {"uv": [1, 5.25, 1.75, 6], "texture": "#1"},
				"south": {"uv": [1, 5.25, 2.25, 6], "texture": "#1"},
				"west": {"uv": [1, 5.25, 1.75, 6], "texture": "#1"},
				"up": {"uv": [1, 5.25, 2.25, 6], "texture": "#1"},
				"down": {"uv": [1, 5.25, 2.25, 6], "texture": "#1", "cullface": "down"}
			}
		},
		{
			"from": [13.808, 3.997, 3.899],
			"to": [14.015, 5.497, 4.399],
			"rotation": {"angle": 22.5, "axis": "y", "origin": [13.9115, 3.375, 4.149]},
			"faces": {
				"north": {"uv": [15.75, 3, 15.8535, 3.75], "texture": "#1"},
				"south": {"uv": [15.75, 3, 15.8535, 3.75], "texture": "#1"},
				"up": {"uv": [15.5, 3.25, 15.6035, 3.5], "texture": "#1"}
			}
		},
		{
			"from": [13.1615, 0, 3.8385],
			"to": [14.6615, 4, 4.4595],
			"rotation": {"angle": -22.5, "axis": "y", "origin": [13.9115, 3.375, 4.149]},
			"faces": {
				"east": {"uv": [14.4315, 3.75, 14.742, 5.75], "texture": "#1"},
				"west": {"uv": [15.6735, 3.75, 15.984, 5.75], "texture": "#1"},
				"up": {"uv": [15.6895, 3, 16, 3.75], "rotation": 90, "texture": "#1"},
				"down": {"uv": [15.5, 3, 15.8105, 3.75], "rotation": 90, "texture": "#1", "cullface": "down"}
			}
		}
	]
}