{
	"credit": "Made with Blockbench",
	"texture_size": [32, 32],
	"textures": {
		"0": "blocks/waste",
		"particle": "blocks/waste"
	},
	"elements": [
		{
			"from": [4, 0, 2],
			"to": [15, 4, 11],
			"rotation": {"angle": -22.5, "axis": "y", "origin": [0, 0, 0]},
			"faces": {
				"east": {"uv": [3.25, 10.25, 7.75, 12.25], "texture": "#0"},
				"south": {"uv": [7.75, 10.25, 2.25, 12.25], "texture": "#0"},
				"west": {"uv": [6.25, 10, 1.75, 12], "texture": "#0"},
				"up": {"uv": [1, 9.875, 6.5, 14.375], "texture": "#0"},
				"down": {"uv": [1.5, 10.25, 7, 14.75], "texture": "#0", "cullface": "down"}
			}
		},
		{
			"from": [10.0876, 0.001, 11.47707],
			"to": [12.31968, 3.999, 13.70917],
			"rotation": {"angle": 22.5, "axis": "y", "origin": [-2.68032, 0, 8.70517]},
			"faces": {
				"north": {"uv": [1.5, 10.25, 2.61604, 12.249], "texture": "#0"},
				"east": {"uv": [0.375, 10.25, 1.49105, 12.249], "texture": "#0"},
				"up": {"uv": [5.375, 8.25, 6.49104, 9.36605], "texture": "#0"},
				"down": {"uv": [1.5, 10.25, 2.61604, 11.36605], "texture": "#0", "cullface": "down"}
			}
		},
		{
			"from": [12.23764, 0.001, 3.52582],
			"to": [12.23764, 1.999, 4.02582],
			"rotation": {"angle": 0, "axis": "y", "origin": [-2.76236, 0, 3.75392]},
			"faces": {
				"east": {"uv": [0.375, 10.25, 0.625, 11.249], "texture": "#0"},
				"west": {"uv": [2.25, 10.25, 2.5, 11.249], "texture": "#0"}
			}
		},
		{
			"from": [4.95292, 3.499, 0.76008],
			"to": [6.45292, 3.999, 0.75812],
			"rotation": {"angle": 22.5, "axis": "y", "origin": [6.24955, 1.64171, 0.75763]},
			"faces": {
				"north": {"uv": [5.5, 12.5, 6.25, 12.75], "texture": "#0"},
				"south": {"uv": [3.625, 12.5, 4.375, 12.75], "texture": "#0"}
			}
		},
		{
			"from": [4.95684, 0.001, 0.77685],
			"to": [6.45684, 0.501, 0.77685],
			"rotation": {"angle": 22.5, "axis": "y", "origin": [6.20684, 1.53661, 0.77637]},
			"faces": {
				"north": {"uv": [5.5, 12.5, 6.25, 12.75], "texture": "#0"},
				"south": {"uv": [3.625, 12.5, 4.375, 12.75], "texture": "#0"}
			}
		},
		{
			"from": [6.45684, 0.001, 0.77589],
			"to": [6.95684, 3.999, 0.77589],
			"rotation": {"angle": 22.5, "axis": "y", "origin": [6.20684, 1.53661, 0.77637]},
			"faces": {
				"north": {"uv": [5.5, 12.5, 5.75, 14.499], "texture": "#0"},
				"south": {"uv": [3.625, 12.5, 3.875, 14.499], "texture": "#0"}
			}
		},
		{
			"from": [12.2386, 0.001, 4.02582],
			"to": [12.2386, 0.501, 5.52582],
			"rotation": {"angle": 0, "axis": "y", "origin": [-2.76236, 0, 3.75392]},
			"faces": {
				"east": {"uv": [0.375, 10.25, 1.125, 10.5], "texture": "#0"},
				"west": {"uv": [2.25, 10.25, 3, 10.5], "texture": "#0"}
			}
		},
		{
			"from": [12.2386, 2.39282, 3.57063],
			"to": [12.2386, 2.89282, 6.39906],
			"rotation": {"angle": -45, "axis": "x", "origin": [-2.76236, 2.39182, 4.62716]},
			"faces": {
				"east": {"uv": [0.375, 10.25, 1.78921, 10.5], "texture": "#0"},
				"west": {"uv": [2.25, 10.25, 3.66421, 10.5], "texture": "#0"}
			}
		},
		{
			"from": [9.63726, 0.001, -1.81543],
			"to": [16.88356, 3.999, 1.1861],
			"rotation": {"angle": -45, "axis": "y", "origin": [3.63726, 0, -5.8139]},
			"faces": {
				"north": {"uv": [2.625, 10.25, 6.24815, 12.249], "texture": "#0"},
				"west": {"uv": [6.25, 10, 7.75077, 11.999], "texture": "#0"},
				"up": {"uv": [0.75, 9.525, 4.37315, 11.02577], "texture": "#0"},
				"down": {"uv": [1.5, 10.25, 5.12315, 11.75077], "texture": "#0", "cullface": "down"}
			}
		},
		{
			"from": [0.236, 7.97288, 12.85457],
			"to": [6.2467, 10.8013, 16.683],
			"rotation": {"angle": 45, "axis": "x", "origin": [-3.514, 8.8023, 4.06409]},
			"faces": {
				"east": {"uv": [1.75, 9.25, 3.66421, 10.66421], "texture": "#0", "cullface": "east"},
				"south": {"uv": [0, 10.25, 5.08134, 12.249], "texture": "#0"},
				"west": {"uv": [2.10476, 10, 0, 11.999], "texture": "#0"},
				"up": {"uv": [1, 13.89524, 6.08134, 16], "texture": "#0"},
				"down": {"uv": [1.5, 10.25, 6.58134, 12.35476], "texture": "#0", "cullface": "down"}
			}
		},
		{
			"from": [12.45, 0.2, 4.75],
			"to": [13.55, 1.3, 5.25],
			"rotation": {"angle": 22.5, "axis": "y", "origin": [13, 0.75, 0.75]},
			"faces": {
				"east": {"uv": [1, 5.25, 1.25, 5.8], "texture": "#0"},
				"west": {"uv": [1, 5.25, 1.25, 5.8], "texture": "#0"},
				"up": {"uv": [1, 5.25, 1.25, 5.8], "rotation": 90, "texture": "#0"},
				"down": {"uv": [1, 5.25, 1.25, 5.8], "rotation": 270, "texture": "#0", "cullface": "down"}
			}
		},
		{
			"from": [8, 0, 5],
			"to": [10.5, 1.5, 6.5],
			"rotation": {"angle": -22.5, "axis": "y", "origin": [13, 0.75, 0.75]},
			"faces": {
				"north": {"uv": [1, 5.25, 2.25, 6], "texture": "#0"},
				"east": {"uv": [1, 5.25, 1.75, 6], "texture": "#0"},
				"south": {"uv": [1, 5.25, 2.25, 6], "texture": "#0"},
				"west": {"uv": [1, 5.25, 1.75, 6], "texture": "#0"},
				"up": {"uv": [1, 5.25, 2.25, 6], "rotation": 180, "texture": "#0"},
				"down": {"uv": [1, 5.25, 2.25, 6], "rotation": 180, "texture": "#0", "cullface": "down"}
			}
		},
		{
			"from": [12.5, 0.5, 5.51522],
			"to": [13, 1, 6.01522],
			"rotation": {"angle": -22.5, "axis": "y", "origin": [13.07654, 0.55, 0.56522]},
			"faces": {
				"north": {"uv": [1.75, 3.75, 2, 4], "texture": "#0"},
				"east": {"uv": [1.75, 3.75, 2, 4], "texture": "#0"},
				"south": {"uv": [1.75, 3.75, 2, 4], "texture": "#0"},
				"up": {"uv": [1.75, 3.75, 2, 4], "rotation": 180, "texture": "#0"},
				"down": {"uv": [1.75, 3.75, 2, 4], "rotation": 180, "texture": "#0"}
			}
		},
		{
			"from": [12, 0.3, 5.3],
			"to": [12.5, 1.2, 6.2],
			"rotation": {"angle": -22.5, "axis": "y", "origin": [13, 0.75, 0.75]},
			"faces": {
				"north": {"uv": [1, 5.25, 1.25, 5.7], "texture": "#0"},
				"east": {"uv": [1, 5.25, 1.45, 5.7], "texture": "#0"},
				"south": {"uv": [1, 5.25, 1.25, 5.7], "texture": "#0"},
				"up": {"uv": [1, 5.25, 1.25, 5.7], "rotation": 180, "texture": "#0"},
				"down": {"uv": [1, 5.25, 1.25, 5.7], "rotation": 180, "texture": "#0"}
			}
		},
		{
			"from": [11, 0, 5],
			"to": [12, 1.5, 6.5],
			"rotation": {"angle": -22.5, "axis": "y", "origin": [13, 0.75, 0.75]},
			"faces": {
				"north": {"uv": [1, 5.25, 1.5, 6], "texture": "#0"},
				"east": {"uv": [1, 5.25, 1.75, 6], "texture": "#0"},
				"south": {"uv": [1, 5.25, 1.5, 6], "texture": "#0"},
				"west": {"uv": [1, 5.25, 1.75, 6], "texture": "#0"},
				"up": {"uv": [1, 5.25, 1.5, 6], "rotation": 180, "texture": "#0"},
				"down": {"uv": [1, 5.25, 1.5, 6], "rotation": 180, "texture": "#0", "cullface": "down"}
			}
		},
		{
			"from": [10.5, 0.2, 5.2],
			"to": [11, 1.3, 6.3],
			"rotation": {"angle": -22.5, "axis": "y", "origin": [13, 0.75, 0.75]},
			"faces": {
				"north": {"uv": [1, 5.25, 1.25, 5.8], "texture": "#0"},
				"south": {"uv": [1, 5.25, 1.25, 5.8], "texture": "#0"},
				"up": {"uv": [1, 5.25, 1.25, 5.8], "rotation": 180, "texture": "#0"},
				"down": {"uv": [1, 5.25, 1.25, 5.8], "rotation": 180, "texture": "#0", "cullface": "down"}
			}
		},
		{
			"from": [12.25, 0, 3.75],
			"to": [13.75, 1.5, 4.75],
			"rotation": {"angle": 22.5, "axis": "y", "origin": [13, 0.75, 0.75]},
			"faces": {
				"north": {"uv": [1, 5.25, 1.75, 6], "texture": "#0"},
				"east": {"uv": [1, 5.25, 1.5, 6], "texture": "#0"},
				"south": {"uv": [1, 5.25, 1.75, 6], "texture": "#0"},
				"west": {"uv": [1, 5.25, 1.5, 6], "texture": "#0"},
				"up": {"uv": [1, 5.25, 1.5, 6], "rotation": 90, "texture": "#0"},
				"down": {"uv": [1, 5.25, 1.5, 6], "rotation": 270, "texture": "#0", "cullface": "down"}
			}
		},
		{
			"from": [12.55, 0.3, 3.25],
			"to": [13.45, 1.2, 3.75],
			"rotation": {"angle": 22.5, "axis": "y", "origin": [13, 0.75, 0.75]},
			"faces": {
				"north": {"uv": [1, 5.25, 1.45, 5.7], "texture": "#0"},
				"east": {"uv": [1, 5.25, 1.25, 5.7], "texture": "#0"},
				"west": {"uv": [1, 5.25, 1.25, 5.7], "texture": "#0"},
				"up": {"uv": [1, 5.25, 1.25, 5.7], "rotation": 90, "texture": "#0"},
				"down": {"uv": [1, 5.25, 1.25, 5.7], "rotation": 270, "texture": "#0"}
			}
		},
		{
			"from": [12.75, 0.5, 2.75],
			"to": [13.25, 1, 3.25],
			"rotation": {"angle": 22.5, "axis": "y", "origin": [13, 0.75, 0.75]},
			"faces": {
				"north": {"uv": [1.75, 3.75, 2, 4], "texture": "#0"},
				"east": {"uv": [1.75, 3.75, 2, 4], "texture": "#0"},
				"west": {"uv": [1.75, 3.75, 2, 4], "texture": "#0"},
				"up": {"uv": [1.75, 3.75, 2, 4], "rotation": 90, "texture": "#0"},
				"down": {"uv": [1.75, 3.75, 2, 4], "rotation": 270, "texture": "#0"}
			}
		},
		{
			"from": [12.25, 0, 5.25],
			"to": [13.75, 1.5, 7.75],
			"rotation": {"angle": 22.5, "axis": "y", "origin": [13, 0.75, 0.75]},
			"faces": {
				"north": {"uv": [1, 5.25, 1.75, 6], "texture": "#0"},
				"east": {"uv": [1, 5.25, 2.25, 6], "texture": "#0"},
				"south": {"uv": [1, 5.25, 1.75, 6], "texture": "#0"},
				"west": {"uv": [1, 5.25, 2.25, 6], "texture": "#0"},
				"up": {"uv": [1, 5.25, 2.25, 6], "rotation": 90, "texture": "#0"},
				"down": {"uv": [1, 5.25, 2.25, 6], "rotation": 270, "texture": "#0", "cullface": "down"}
			}
		}
	]
}