{
	"credit": "Made with Blockbench",
	"ambientocclusion": false,
	"textures": {
		"0": "blocks/glass_silver",
		"1": "blocks/glass_pane_top_silver",
		"particle": "blocks/glass_pane_top_silver"
	},
	"elements": [
		{
			"from": [7.9, 0, 0],
			"to": [8.1, 16, 7.9],
			"faces": {
				"north": {"uv": [8, 0, 8.2, 16], "texture": "#0", "cullface": "north"},
				"east": {"uv": [8.1, 0, 16, 16], "texture": "#0"},
				"west": {"uv": [7.9, 0, 0, 16], "texture": "#0"},
				"up": {"uv": [8, 0, 8.2, 7.9], "texture": "#1"},
				"down": {"uv": [8, 8.1, 8.2, 16], "texture": "#1"}
			}
		}
	]
}