{
	"credit": "Made with Blockbench",
	"textures": {
		"0": "blocks/trapdoor",
		"particle": "blocks/trapdoor"
	},
	"elements": [
		{
			"from": [0, 0, 15],
			"to": [16, 16, 16],
			"rotation": {"angle": 0, "axis": "x", "origin": [0, 0.7, 15.55]},
			"faces": {
				"north": {"uv": [0, 0, 16, 16], "rotation": 180, "texture": "#0"},
				"east": {"uv": [14.5, 16, 15.5, 0], "rotation": 180, "texture": "#0"},
				"south": {"uv": [0, 0, 16, 16], "texture": "#0"},
				"west": {"uv": [0, 16, 1, 0], "rotation": 180, "texture": "#0"},
				"up": {"uv": [16, 0, 0, 1], "rotation": 180, "texture": "#0"},
				"down": {"uv": [16, 15, 0, 16], "rotation": 180, "texture": "#0"}
			}
		}
	]
}