{
	"credit": "Made with Blockbench",
	"parent": "block/thin_block",
	"textures": {
		"0": "blocks/trapdoor",
		"particle": "blocks/trapdoor"
	},
	"elements": [
		{
			"from": [0, 0, 0],
			"to": [16, 1, 16],
			"faces": {
				"north": {"uv": [16, 0, 0, 1], "texture": "#0"},
				"east": {"uv": [14.5, 16, 15.5, 0], "rotation": 270, "texture": "#0"},
				"south": {"uv": [16, 15, 0, 16], "rotation": 180, "texture": "#0"},
				"west": {"uv": [0, 16, 1, 0], "rotation": 90, "texture": "#0"},
				"up": {"uv": [0, 0, 16, 16], "texture": "#0"},
				"down": {"uv": [0, 0, 16, 16], "texture": "#0"}
			}
		}
	]
}