{
	"credit": "Made with Blockbench",
	"textures": {
		"0": "f_model/franchi_horizon",
		"particle": "f_model/franchi_horizon"
	},
	"elements": [
		{
			"from": [7.57341, 9.27526, -1.16],
			"to": [7.67277, 9.51526, 9.28],
			"rotation": {"angle": -22.5, "axis": "z", "origin": [8.21619, 8.52838, 9.52835]},
			"faces": {
				"north": {"uv": [0, 0, 0.09936, 0.24], "texture": "#0"},
				"up": {"uv": [10.79, 15.89836, 0.35, 15.799], "rotation": 90, "texture": "#0"},
				"down": {"uv": [0, 16, 10.44, 15.90064], "rotation": 90, "texture": "#0"}
			}
		},
		{
			"from": [7.50306, 9.34556, -1.1624],
			"to": [7.74306, 9.44492, 9.28],
			"rotation": {"angle": -22.5, "axis": "z", "origin": [8.21619, 8.52838, 9.52835]},
			"faces": {
				"north": {"uv": [0, 0, 0.24, 0.09936], "texture": "#0"},
				"east": {"uv": [0, 15.90064, 10.4424, 16], "texture": "#0"},
				"west": {"uv": [0.05, 15.7172, 10.4924, 15.81656], "rotation": 180, "texture": "#0"}
			}
		},
		{
			"from": [8.36014, 9.44073, -1.1612],
			"to": [8.4595, 9.68073, 9.28],
			"rotation": {"angle": 22.5, "axis": "z", "origin": [8.21619, 8.52838, 9.52835]},
			"faces": {
				"north": {"uv": [0, 0, 0.09936, 0.24], "texture": "#0"},
				"up": {"uv": [10.5412, 15.41656, 0.1, 15.3172], "rotation": 90, "texture": "#0"},
				"down": {"uv": [0, 16, 10.4412, 15.90064], "rotation": 90, "texture": "#0"}
			}
		},
		{
			"from": [8.28976, 9.51111, -1.1636],
			"to": [8.52976, 9.61047, 9.28],
			"rotation": {"angle": 22.5, "axis": "z", "origin": [8.21619, 8.52838, 9.52835]},
			"faces": {
				"north": {"uv": [0, 0, 0.24, 0.09936], "texture": "#0"},
				"east": {"uv": [0.1, 15.90064, 10.5436, 16], "texture": "#0"},
				"west": {"uv": [0.05, 15.7162, 10.4936, 15.81556], "rotation": 180, "texture": "#0"}
			}
		},
		{
			"from": [7.82, 9.44612, 7.36],
			"to": [8.18, 9.62612, 8.2],
			"rotation": {"angle": 0, "axis": "y", "origin": [8.21619, 8.52838, 9.52835]},
			"faces": {
				"north": {"uv": [5.5, 15.3, 5.86, 15.48], "texture": "#0"},
				"east": {"uv": [4.5, 15.3, 5.34, 15.48], "texture": "#0"},
				"south": {"uv": [3, 15.8, 3.36, 15.98], "texture": "#0"},
				"west": {"uv": [4.5, 15.8, 5.34, 15.98], "texture": "#0"}
			}
		},
		{
			"from": [7.82, 9.59528, 8.2],
			"to": [7.94, 9.62612, 8.32],
			"rotation": {"angle": 0, "axis": "y", "origin": [8.21619, 8.52838, 9.52835]},
			"faces": {
				"south": {"uv": [4.5, 15.96916, 4.62, 16], "texture": "#0"},
				"west": {"uv": [5, 15.8, 5.12, 15.83084], "texture": "#0"}
			}
		},
		{
			"from": [7.92537, 9.6116, 7.36],
			"to": [8.07453, 9.7316, 8.2],
			"rotation": {"angle": 0, "axis": "y", "origin": [8.21619, 8.52838, 9.52835]},
			"faces": {
				"north": {"uv": [5.5, 15.3, 5.64916, 15.42], "texture": "#0"},
				"south": {"uv": [7.5, 15.3, 7.64916, 15.42], "texture": "#0"},
				"up": {"uv": [7.14916, 16, 7, 15.16], "texture": "#0"}
			}
		},
		{
			"from": [7.28702, 9.1372, 9.28],
			"to": [7.43618, 9.2572, 10.12],
			"rotation": {"angle": -45, "axis": "z", "origin": [8.21619, 8.52838, 9.52835]},
			"faces": {
				"north": {"uv": [7, 15.8, 7.14916, 15.92], "texture": "#0"},
				"south": {"uv": [2.5, 15.8, 2.64916, 15.92], "texture": "#0"},
				"up": {"uv": [5.14916, 16, 5, 15.16], "texture": "#0"}
			}
		},
		{
			"from": [7.92537, 9.58076, 9.2788],
			"to": [8.07453, 9.70076, 10.1188],
			"rotation": {"angle": 0, "axis": "y", "origin": [8.21619, 8.52838, 9.52835]},
			"faces": {
				"north": {"uv": [6, 15.8, 6.14916, 15.92], "texture": "#0"},
				"south": {"uv": [8, 15.8, 8.14916, 15.92], "texture": "#0"},
				"up": {"uv": [7.64916, 16, 7.5, 15.16], "texture": "#0"}
			}
		},
		{
			"from": [7.18162, 9.00265, 8.32],
			"to": [7.30162, 9.15181, 10.12],
			"rotation": {"angle": -45, "axis": "z", "origin": [8.21619, 8.52838, 9.52835]},
			"faces": {
				"north": {"uv": [6, 15.8, 6.12, 15.94916], "texture": "#0"},
				"south": {"uv": [7.5, 15.3, 7.62, 15.44916], "texture": "#0"},
				"west": {"uv": [3, 15.8, 4.8, 15.94916], "texture": "#0"},
				"up": {"uv": [4.3, 15.42, 2.5, 15.3], "rotation": 90, "texture": "#0"}
			}
		},
		{
			"from": [7.82, 9.44612, 8.2],
			"to": [8.18, 9.59528, 10.12],
			"rotation": {"angle": 0, "axis": "y", "origin": [8.21619, 8.52838, 9.52835]},
			"faces": {
				"east": {"uv": [4.5, 15.3, 6.42, 15.44916], "texture": "#0"},
				"west": {"uv": [3, 15.3, 4.92, 15.44916], "texture": "#0"},
				"up": {"uv": [6.92, 15.76, 5, 15.4], "rotation": 90, "texture": "#0"}
			}
		},
		{
			"from": [7.15982, 9.02445, 7.3588],
			"to": [7.27982, 9.17361, 8.3188],
			"rotation": {"angle": -45, "axis": "z", "origin": [8.21619, 8.52838, 9.52835]},
			"faces": {
				"north": {"uv": [6.5, 15.3, 6.62, 15.44916], "texture": "#0"},
				"south": {"uv": [4, 15.3, 4.12, 15.44916], "texture": "#0"},
				"west": {"uv": [6, 15.3, 6.96, 15.44916], "texture": "#0"},
				"up": {"uv": [4.62, 16, 4.5, 15.04], "texture": "#0"}
			}
		},
		{
			"from": [7.26522, 9.15901, 7.3588],
			"to": [7.41438, 9.27901, 8.1988],
			"rotation": {"angle": -45, "axis": "z", "origin": [8.21619, 8.52838, 9.52835]},
			"faces": {
				"north": {"uv": [8, 15.3, 8.14916, 15.42], "texture": "#0"},
				"south": {"uv": [6, 15.3, 6.14916, 15.42], "texture": "#0"},
				"up": {"uv": [8.14916, 16, 8, 15.16], "texture": "#0"}
			}
		},
		{
			"from": [7.821, 9.69528, 10.06599],
			"to": [8.179, 9.87528, 11.44599],
			"rotation": {"angle": 22.5, "axis": "x", "origin": [8.26619, 8.52838, 9.52835]},
			"faces": {
				"east": {"uv": [11, 1.25, 12.38, 1.43], "rotation": 180, "texture": "#0"},
				"west": {"uv": [11.5, 1.2, 12.88, 1.38], "texture": "#0"},
				"up": {"uv": [12.8804, 15.4, 12.5224, 14.02], "texture": "#0"}
			}
		},
		{
			"from": [7.82, 9.44612, 10.12],
			"to": [8.18, 9.68612, 10.6],
			"rotation": {"angle": 0, "axis": "y", "origin": [8.21619, 8.52838, 9.52835]},
			"faces": {
				"north": {"uv": [6, 15.76, 6.36, 16], "texture": "#0"},
				"east": {"uv": [12.25, 15.35, 12.73, 15.59], "texture": "#0"},
				"south": {"uv": [6.5, 3, 6.86, 3.24], "texture": "#0"},
				"west": {"uv": [12.73, 15.35, 12.25, 15.59], "texture": "#0"},
				"up": {"uv": [11.25, 15.88, 10.77, 15.52], "rotation": 270, "texture": "#0"}
			}
		},
		{
			"from": [8.51211, 9.06296, 10.06],
			"to": [8.69211, 9.54296, 10.24],
			"rotation": {"angle": 22.5, "axis": "z", "origin": [8.11619, 8.52838, 9.52835]},
			"faces": {
				"north": {"uv": [7.5, 6, 7.68, 6.48], "texture": "#0"},
				"east": {"uv": [6.5, 7.5, 6.68, 7.98], "texture": "#0"},
				"south": {"uv": [7.5, 6.5, 7.68, 6.98], "texture": "#0"},
				"west": {"uv": [7, 7.5, 7.18, 7.98], "texture": "#0"},
				"up": {"uv": [7.68, 7.18, 7.5, 7], "texture": "#0"}
			}
		},
		{
			"from": [8.48211, 8.58296, 10.03],
			"to": [8.72211, 9.06296, 10.27],
			"rotation": {"angle": 22.5, "axis": "z", "origin": [8.11619, 8.52838, 9.52835]},
			"faces": {
				"north": {"uv": [7.5, 7.5, 7.74, 7.98], "texture": "#0"},
				"east": {"uv": [0, 8, 0.24, 8.48], "texture": "#0"},
				"south": {"uv": [8, 0, 8.24, 0.48], "texture": "#0"},
				"west": {"uv": [0.5, 8, 0.74, 8.48], "texture": "#0"},
				"up": {"uv": [8.24, 0.74, 8, 0.5], "texture": "#0"},
				"down": {"uv": [1.24, 8, 1, 8.24], "texture": "#0"}
			}
		},
		{
			"from": [7.79, 9.08612, 4],
			"to": [8.21, 9.44612, 10.6],
			"rotation": {"angle": 0, "axis": "y", "origin": [8.21619, 8.52838, 9.52835]},
			"faces": {
				"north": {"uv": [3.5, 5.5, 3.92, 5.86], "texture": "#0"},
				"east": {"uv": [6.82, 13.05, 13.42, 13.41], "texture": "#0"},
				"west": {"uv": [13.45, 13.05, 6.85, 13.41], "texture": "#0"},
				"up": {"uv": [16, 0.42, 9.4, 0], "rotation": 90, "texture": "#0"},
				"down": {"uv": [2.92, 3, 2.5, 9.6], "texture": "#0"}
			}
		},
		{
			"from": [7.79, 9.20612, 3.64],
			"to": [8.21, 9.44612, 4],
			"rotation": {"angle": 0, "axis": "y", "origin": [8.21619, 8.52838, 9.52835]},
			"faces": {
				"east": {"uv": [11, 1, 11.36, 1.24], "texture": "#0"},
				"west": {"uv": [13.5, 1, 13.86, 1.24], "texture": "#0"},
				"up": {"uv": [11.92, 0.36, 11.5, 0], "texture": "#0"},
				"down": {"uv": [12.42, 3.5, 12, 3.86], "texture": "#0"}
			}
		},
		{
			"from": [7.79, 8.72612, 8.08],
			"to": [8.21, 9.08612, 10.6],
			"rotation": {"angle": 0, "axis": "y", "origin": [8.21619, 8.52838, 9.52835]},
			"faces": {
				"north": {"uv": [6, 2, 6.42, 2.36], "texture": "#0"},
				"east": {"uv": [10.02, 13.55, 7.5, 13.91], "texture": "#0"},
				"south": {"uv": [2.5, 6, 2.92, 6.36], "texture": "#0"},
				"west": {"uv": [9.92, 13.55, 7.4, 13.91], "texture": "#0"},
				"down": {"uv": [7.12, 10.9, 6.7, 13.42], "texture": "#0"}
			}
		},
		{
			"from": [7.91, 8.43514, 9.63358],
			"to": [8.09, 8.79514, 9.99358],
			"rotation": {"angle": -45, "axis": "x", "origin": [8.21619, 8.52838, 9.52835]},
			"faces": {
				"north": {"uv": [4, 6.5, 4.18, 6.86], "texture": "#0"},
				"east": {"uv": [6.5, 4, 6.86, 4.36], "texture": "#0"},
				"west": {"uv": [4.5, 6.5, 4.86, 6.86], "texture": "#0"},
				"down": {"uv": [6.68, 4.5, 6.5, 4.86], "texture": "#0"}
			}
		},
		{
			"from": [7.97, 8.79193, 9.68326],
			"to": [8.03, 9.03193, 10.16326],
			"rotation": {"angle": 22.5, "axis": "x", "origin": [8.21619, 8.52838, 9.52835]},
			"faces": {
				"east": {"uv": [7, 4, 7.48, 4.24], "texture": "#0"},
				"south": {"uv": [4.5, 7, 4.56, 7.24], "texture": "#0"},
				"west": {"uv": [7, 4.5, 7.48, 4.74], "texture": "#0"},
				"down": {"uv": [5.06, 7, 5, 7.48], "texture": "#0"}
			}
		},
		{
			"from": [7.971, 8.14579, 10.16364],
			"to": [8.031, 8.38579, 10.22364],
			"rotation": {"angle": -22.5, "axis": "x", "origin": [8.21619, 8.52838, 9.52835]},
			"faces": {
				"north": {"uv": [7, 5, 7.06, 5.24], "texture": "#0"},
				"east": {"uv": [5.5, 7, 5.56, 7.24], "texture": "#0"},
				"south": {"uv": [7, 5.5, 7.06, 5.74], "texture": "#0"},
				"west": {"uv": [6, 7, 6.06, 7.24], "texture": "#0"}
			}
		},
		{
			"from": [7.97, 8.5095, 10.23053],
			"to": [8.03, 8.7495, 10.29053],
			"rotation": {"angle": 22.5, "axis": "x", "origin": [8.21619, 8.52838, 9.52835]},
			"faces": {
				"north": {"uv": [7, 6, 7.06, 6.24], "texture": "#0"},
				"east": {"uv": [6.5, 7, 6.56, 7.24], "texture": "#0"},
				"south": {"uv": [7, 6.5, 7.06, 6.74], "texture": "#0"},
				"west": {"uv": [7, 7, 7.06, 7.24], "texture": "#0"},
				"down": {"uv": [0.06, 7.5, 0, 7.56], "texture": "#0"}
			}
		},
		{
			"from": [7.911, 7.87633, 10.19241],
			"to": [8.091, 8.23633, 10.55241],
			"rotation": {"angle": -45, "axis": "x", "origin": [8.21619, 8.52838, 9.52835]},
			"faces": {
				"north": {"uv": [7, 1, 7.18, 1.36], "texture": "#0"},
				"east": {"uv": [1.5, 7, 1.86, 7.36], "texture": "#0"},
				"west": {"uv": [7, 1.5, 7.36, 1.86], "texture": "#0"},
				"down": {"uv": [2.18, 7, 2, 7.36], "texture": "#0"}
			}
		},
		{
			"from": [7.91, 8.05029, 9.47843],
			"to": [8.09, 8.39272, 9.53843],
			"rotation": {"angle": -45, "axis": "x", "origin": [8.21619, 8.52838, 9.52835]},
			"faces": {
				"north": {"uv": [5, 6.5, 5.18, 6.84243], "texture": "#0"},
				"east": {"uv": [6.5, 5, 6.56, 5.34243], "texture": "#0"},
				"south": {"uv": [5.5, 6.5, 5.68, 6.84243], "texture": "#0"},
				"west": {"uv": [6.5, 5.5, 6.56, 5.84243], "texture": "#0"}
			}
		},
		{
			"from": [7.911, 8.39716, 9.58899],
			"to": [8.091, 8.72716, 9.67899],
			"rotation": {"angle": 0, "axis": "y", "origin": [8.21619, 8.52838, 9.52835]},
			"faces": {
				"north": {"uv": [7, 3, 7.18, 3.33], "texture": "#0"},
				"east": {"uv": [3.5, 7, 3.59, 7.33], "texture": "#0"},
				"south": {"uv": [7, 3.5, 7.18, 3.83], "texture": "#0"},
				"west": {"uv": [4, 7, 4.09, 7.33], "texture": "#0"}
			}
		},
		{
			"from": [7.91, 8.1126, 9.93354],
			"to": [8.09, 8.1726, 10.29354],
			"rotation": {"angle": 0, "axis": "y", "origin": [8.21619, 8.52838, 9.52835]},
			"faces": {
				"east": {"uv": [6, 6.5, 6.36, 6.56], "texture": "#0"},
				"west": {"uv": [6.5, 6, 6.86, 6.06], "texture": "#0"},
				"up": {"uv": [6.68, 6.86, 6.5, 6.5], "texture": "#0"},
				"down": {"uv": [0.18, 7, 0, 7.36], "texture": "#0"}
			}
		},
		{
			"from": [7.911, 8.29932, 9.95094],
			"to": [8.091, 8.36426, 10.06181],
			"rotation": {"angle": 22.5, "axis": "x", "origin": [8.21619, 8.52838, 9.52835]},
			"faces": {
				"east": {"uv": [7.5, 0, 7.61087, 0.06494], "texture": "#0"},
				"west": {"uv": [0.5, 7.5, 0.61087, 7.56494], "texture": "#0"},
				"up": {"uv": [7.68, 0.61087, 7.5, 0.5], "texture": "#0"},
				"down": {"uv": [1.18, 7.5, 1, 7.61087], "texture": "#0"}
			}
		},
		{
			"from": [7.911, 7.6933, 9.77542],
			"to": [8.091, 7.7533, 10.01542],
			"rotation": {"angle": -45, "axis": "x", "origin": [8.21619, 8.52838, 9.52835]},
			"faces": {
				"east": {"uv": [7, 0, 7.24, 0.06], "texture": "#0"},
				"west": {"uv": [0.5, 7, 0.74, 7.06], "texture": "#0"},
				"up": {"uv": [7.18, 0.74, 7, 0.5], "texture": "#0"},
				"down": {"uv": [1.18, 7, 1, 7.24], "texture": "#0"}
			}
		},
		{
			"from": [7.91, 8.28231, 10.40325],
			"to": [8.09, 8.64231, 10.46325],
			"rotation": {"angle": 0, "axis": "y", "origin": [8.21619, 8.52838, 9.52835]},
			"faces": {
				"north": {"uv": [7, 2, 7.18, 2.36], "texture": "#0"},
				"east": {"uv": [2.5, 7, 2.56, 7.36], "texture": "#0"},
				"south": {"uv": [7, 2.5, 7.18, 2.86], "texture": "#0"},
				"west": {"uv": [3, 7, 3.06, 7.36], "texture": "#0"}
			}
		},
		{
			"from": [7.791, 9.08637, 10.16722],
			"to": [8.209, 9.78636, 11.37878],
			"rotation": {"angle": 22.5, "axis": "x", "origin": [8.21619, 8.52838, 9.52835]},
			"faces": {
				"east": {"uv": [11, 1, 12.21156, 1.7], "texture": "#0"},
				"west": {"uv": [12.5, 1, 13.71156, 1.7], "texture": "#0"},
				"up": {"uv": [14.71156, 0.42, 13.5, 0], "rotation": 90, "texture": "#0"},
				"down": {"uv": [6.42, 4, 6, 5.21156], "texture": "#0"}
			}
		},
		{
			"from": [7.74, 8.1196, 11.95293],
			"to": [8.26, 9.20336, 16],
			"rotation": {"angle": 0, "axis": "y", "origin": [8.21619, 8.52838, 9.52835]},
			"faces": {
				"east": {"uv": [11.95293, 1, 16, 2.08377], "texture": "#0"},
				"south": {"uv": [12.5, 1, 13.02, 2.08377], "texture": "#0"},
				"west": {"uv": [10.95, 1, 14.99707, 2.08377], "texture": "#0"},
				"up": {"uv": [15.54707, 1.52, 11.5, 1], "rotation": 90, "texture": "#0"}
			}
		},
		{
			"from": [7.7401, 9.20163, 12.06076],
			"to": [8.2601, 9.38163, 12.76076],
			"rotation": {"angle": 0, "axis": "y", "origin": [8.19638, 8.81042, 9.28911]},
			"faces": {
				"east": {"uv": [11, 1, 11.7, 1.18], "texture": "#0"},
				"west": {"uv": [10, 1, 10.7, 1.18], "texture": "#0"},
				"up": {"uv": [14.02, 0.7, 13.5, 0], "texture": "#0"}
			}
		},
		{
			"from": [7.7401, 10.0458, 12.24147],
			"to": [8.2601, 10.2858, 12.76854],
			"rotation": {"angle": 22.5, "axis": "x", "origin": [8.21619, 8.52838, 10.22835]},
			"faces": {
				"east": {"uv": [14.5, 1, 15.02707, 1.24], "texture": "#0"},
				"west": {"uv": [14.5, 1, 15.02707, 1.24], "texture": "#0"},
				"up": {"uv": [11.02, 1.47707, 10.5, 0.95], "rotation": 180, "texture": "#0"}
			}
		},
		{
			"from": [7.67, 6.94647, 11.0995],
			"to": [8.33, 8.14695, 11.6195],
			"rotation": {"angle": -22.5, "axis": "x", "origin": [8.21619, 8.52838, 9.52835]},
			"faces": {
				"north": {"uv": [11, 14.34127, 11.66, 15.54175], "texture": "#0"},
				"east": {"uv": [14.02, 15.85, 13.5, 14.64952], "texture": "#0"},
				"south": {"uv": [11.5, 1, 12.16, 2.20048], "texture": "#0"},
				"west": {"uv": [13.5, 14.64952, 14.02, 15.85], "texture": "#0"},
				"up": {"uv": [11.16, 1.52, 10.5, 1], "texture": "#0"},
				"down": {"uv": [6.66, 5.5, 6, 6.02], "texture": "#0"}
			}
		},
		{
			"from": [7.7411, 6.67223, 13.12647],
			"to": [8.2591, 7.74663, 14.19389],
			"rotation": {"angle": -45, "axis": "x", "origin": [8.21619, 5.98922, 11.1537]},
			"faces": {
				"east": {"uv": [10.5, 1.1, 11.56742, 2.1744], "texture": "#0"},
				"west": {"uv": [10.5, 1.1, 11.56742, 2.1744], "texture": "#0"},
				"up": {"uv": [8.52, 3.56742, 8, 2.5], "texture": "#0"},
				"down": {"uv": [3.52, 8, 3, 9.06742], "texture": "#0"}
			}
		},
		{
			"from": [7.741, 9.35156, 12.06126],
			"to": [8.259, 9.99156, 14.22126],
			"rotation": {"angle": 22.5, "axis": "x", "origin": [8.21619, 8.52838, 9.52835]},
			"faces": {
				"east": {"uv": [0, 5, 2.16, 5.64], "texture": "#0"},
				"west": {"uv": [5, 2, 7.16, 2.64], "texture": "#0"},
				"down": {"uv": [5.52, 2.5, 5, 4.66], "texture": "#0"}
			}
		},
		{
			"from": [7.74, 7.493, 14.17905],
			"to": [8.26, 8.1196, 15.68795],
			"rotation": {"angle": 0, "axis": "y", "origin": [8.21619, 8.52838, 9.52835]},
			"faces": {
				"east": {"uv": [6, 6, 7.5089, 6.6266], "texture": "#0"},
				"west": {"uv": [0, 6.5, 1.5089, 7.1266], "texture": "#0"},
				"down": {"uv": [7.02, 0, 6.5, 1.5089], "texture": "#0"}
			}
		},
		{
			"from": [7.7388, 9.28874, 14.5605],
			"to": [8.2588, 10.00874, 15.8805],
			"rotation": {"angle": 22.5, "axis": "x", "origin": [8.21619, 8.52838, 9.52835]},
			"faces": {
				"north": {"uv": [0.5, 6.5, 1.02, 7.22], "texture": "#0"},
				"east": {"uv": [6.5, 0.5, 7.82, 1.22], "texture": "#0"},
				"west": {"uv": [1, 6.5, 2.32, 7.22], "texture": "#0"},
				"down": {"uv": [7.02, 1, 6.5, 2.32], "texture": "#0"}
			}
		},
		{
			"from": [7.74, 6.8, 15.68795],
			"to": [8.26, 8.1196, 16],
			"rotation": {"angle": 0, "axis": "y", "origin": [8.21619, 8.52838, 9.52835]},
			"faces": {
				"east": {"uv": [1.5, 6.5, 1.81205, 7.8196], "texture": "#0"},
				"south": {"uv": [6.5, 1.5, 7.02, 2.8196], "texture": "#0"},
				"west": {"uv": [2, 6.5, 2.31205, 7.8196], "texture": "#0"},
				"down": {"uv": [7.02, 2, 6.5, 2.31205], "texture": "#0"}
			}
		},
		{
			"from": [7.79, 8.84612, 5.44],
			"to": [8.21, 9.08612, 8.08],
			"rotation": {"angle": 0, "axis": "y", "origin": [8.21619, 8.52838, 9.52835]},
			"faces": {
				"east": {"uv": [9.6, 11.25, 12.24, 11.49], "texture": "#0"},
				"west": {"uv": [11.25, 11.25, 8.61, 11.49], "texture": "#0"},
				"down": {"uv": [7.22, 11.1, 6.8, 13.74], "texture": "#0"}
			}
		},
		{
			"from": [7.7912, 7.25739, 4.90961],
			"to": [8.2088, 7.49739, 5.62961],
			"rotation": {"angle": 22.5, "axis": "x", "origin": [8.21619, 8.52838, 9.52835]},
			"faces": {
				"east": {"uv": [12.37, 11, 11.65, 11.24], "texture": "#0"},
				"west": {"uv": [10.65, 11.15, 11.37, 11.39], "texture": "#0"},
				"down": {"uv": [6.4176, 3, 6, 3.72], "texture": "#0"}
			}
		},
		{
			"from": [7.79, 9.08612, 3.18],
			"to": [8.21, 9.44612, 3.64],
			"rotation": {"angle": 0, "axis": "y", "origin": [8.21619, 8.52838, 9.52835]},
			"faces": {
				"north": {"uv": [12, 1, 12.42, 1.36], "texture": "#0"},
				"east": {"uv": [11.5, 1, 11.96, 1.36], "texture": "#0"},
				"west": {"uv": [12.5, 1, 12.96, 1.36], "texture": "#0"},
				"up": {"uv": [13.42, 0.96, 13, 0.5], "texture": "#0"},
				"down": {"uv": [12.92, 2, 12.5, 2.46], "texture": "#0"}
			}
		},
		{
			"from": [7.7888, 11.29705, 4.30167],
			"to": [8.2088, 11.41705, 4.66167],
			"rotation": {"angle": -22.5, "axis": "x", "origin": [8.21619, 8.52838, 9.52835]},
			"faces": {
				"east": {"uv": [13, 1, 13.36, 1.12], "texture": "#0"},
				"west": {"uv": [13, 1, 13.36, 1.12], "texture": "#0"},
				"down": {"uv": [2.92, 5, 2.5, 5.36], "texture": "#0"}
			}
		}
	],
	"display": {
		"thirdperson_righthand": {
			"rotation": [13.4, 7.99, 18.78],
			"translation": [-0.75, 0, -1.75]
		},
		"thirdperson_lefthand": {
			"rotation": [13.4, 7.99, 18.78],
			"translation": [-0.75, 0, -1.75]
		},
		"firstperson_righthand": {
			"rotation": [-17.1, 70.53, 19.61],
			"translation": [-7.25, 4, 6.25]
		},
		"firstperson_lefthand": {
			"rotation": [-17.1, 70.53, 19.61],
			"translation": [-7.25, 4, 6.25]
		},
		"ground": {
			"rotation": [0, 0, 90],
			"translation": [0, -2, 0]
		},
		"gui": {
			"rotation": [163.25, -55.59, 156.54],
			"translation": [0, -1.25, 0],
			"scale": [1.15, 1.15, 1.15]
		}
	}
}