{
	"credit": "Made with Blockbench",
	"textures": {
		"0": "f_model/mr-133",
		"particle": "f_model/mr-133"
	},
	"elements": [
		{
			"from": [7.30413, 9.39027, -4.51627],
			"to": [7.46621, 9.78177, 5.67873],
			"rotation": {"angle": -22.5, "axis": "z", "origin": [8.35266, 8.17193, 9.41161]},
			"faces": {
				"north": {"uv": [0, 0, 0.16208, 0.3915], "texture": "#0"},
				"up": {"uv": [10.395, 15.46108, 0.2, 15.299], "rotation": 90, "texture": "#0"},
				"down": {"uv": [0, 16, 10.195, 15.83792], "rotation": 90, "texture": "#0"}
			}
		},
		{
			"from": [8.47268, 9.192, -4.51927],
			"to": [8.86418, 9.35408, 5.67873],
			"rotation": {"angle": 22.5, "axis": "z", "origin": [8.35266, 7.58893, 9.41161]},
			"faces": {
				"north": {"uv": [2.5, 15.83792, 2.8915, 16], "texture": "#0"},
				"east": {"uv": [0.15, 15.5672, 10.348, 15.72928], "texture": "#0"},
				"west": {"uv": [0.25, 15.6162, 10.448, 15.77828], "rotation": 180, "texture": "#0"}
			}
		},
		{
			"from": [7.5, 9.025, -0.02427],
			"to": [8.5, 9.4392, 3.52573],
			"rotation": {"angle": 0, "axis": "y", "origin": [7.85266, 7.61393, 9.41161]},
			"faces": {
				"north": {"uv": [10, 12.5858, 11, 13], "texture": "#0"},
				"east": {"uv": [5.25, 12.5547, 8.8, 12.9689], "texture": "#0"},
				"south": {"uv": [10.45, 12, 11.45, 12.4142], "texture": "#0"},
				"west": {"uv": [5.25, 12.5608, 8.8, 12.975], "rotation": 180, "texture": "#0"}
			}
		},
		{
			"from": [7.7, 9.125, -0.87427],
			"to": [8.3, 9.3735, -0.02227],
			"rotation": {"angle": 0, "axis": "y", "origin": [8.00002, 9.24925, -0.45127]},
			"faces": {
				"north": {"uv": [2.5, 15.7515, 3.1, 16], "texture": "#0"},
				"east": {"uv": [0.15, 15.5672, 1.002, 15.8157], "texture": "#0"},
				"west": {"uv": [0.25, 15.6162, 1.102, 15.8647], "rotation": 180, "texture": "#0"}
			}
		},
		{
			"from": [7.87578, 8.94922, -0.87627],
			"to": [8.12428, 9.54922, -0.02627],
			"rotation": {"angle": 0, "axis": "y", "origin": [8.00002, 9.24925, -0.45127]},
			"faces": {
				"north": {"uv": [2.5, 15.7515, 3.1, 16], "rotation": 90, "texture": "#0"},
				"up": {"uv": [0.15, 15.0672, 1, 15.3157], "rotation": 270, "texture": "#0"},
				"down": {"uv": [0.25, 15.6162, 1.1, 15.8647], "rotation": 90, "texture": "#0"}
			}
		},
		{
			"from": [7.69999, 9.12501, -0.87527],
			"to": [8.29999, 9.37351, -0.02427],
			"rotation": {"angle": -45, "axis": "z", "origin": [8.00002, 9.24925, -0.45127]},
			"faces": {
				"north": {"uv": [2.5, 15.7515, 3.1, 16], "texture": "#0"},
				"east": {"uv": [0.15, 15.5672, 1.001, 15.8157], "texture": "#0"},
				"west": {"uv": [0.25, 15.1162, 1.101, 15.3647], "rotation": 180, "texture": "#0"}
			}
		},
		{
			"from": [7.7, 9.12499, -0.87327],
			"to": [8.3, 9.37349, -0.02027],
			"rotation": {"angle": 45, "axis": "z", "origin": [8.00002, 9.24925, -0.45127]},
			"faces": {
				"north": {"uv": [2.5, 15.7515, 3.1, 16], "texture": "#0"},
				"east": {"uv": [0.15, 15.0672, 1.003, 15.3157], "texture": "#0"},
				"west": {"uv": [0.25, 15.6162, 1.103, 15.8647], "rotation": 180, "texture": "#0"}
			}
		},
		{
			"from": [7.79292, 8.73208, -0.02627],
			"to": [8.20712, 9.73208, 3.52373],
			"rotation": {"angle": 0, "axis": "y", "origin": [9.61819, 9.08474, 9.41161]},
			"faces": {
				"north": {"uv": [10.45, 13.0858, 11.45, 13.5], "rotation": 90, "texture": "#0"},
				"south": {"uv": [10.45, 12.5, 11.45, 12.9142], "rotation": 270, "texture": "#0"},
				"up": {"uv": [5.25, 12.0672, 8.8, 12.4814], "rotation": 270, "texture": "#0"},
				"down": {"uv": [5.25, 13.0483, 8.8, 13.4625], "rotation": 90, "texture": "#0"}
			}
		},
		{
			"from": [7.925, 9.5, -0.37627],
			"to": [8.075, 9.7, -0.10127],
			"rotation": {"angle": 0, "axis": "y", "origin": [9.61819, 9.08474, 5.81161]},
			"faces": {
				"north": {"uv": [1.5, 14.35, 1.7, 14.5], "rotation": 90, "texture": "#0"},
				"east": {"uv": [2.5, 14.5, 2.7, 14.775], "rotation": 270, "texture": "#0"},
				"south": {"uv": [2.5, 14.5, 2.7, 14.65], "rotation": 270, "texture": "#0"},
				"west": {"uv": [2.5, 14.5, 2.7, 14.775], "rotation": 270, "texture": "#0"}
			}
		},
		{
			"from": [8.16267, 7.54474, -0.02527],
			"to": [8.57687, 8.54474, 3.52473],
			"rotation": {"angle": 45, "axis": "z", "origin": [6.7516, 8.19208, 9.41161]},
			"faces": {
				"north": {"uv": [10.45, 12.5858, 11.45, 13], "rotation": 270, "texture": "#0"},
				"south": {"uv": [10, 12.5, 11, 12.9142], "rotation": 90, "texture": "#0"},
				"up": {"uv": [5.25, 12.0483, 8.8, 12.4625], "rotation": 270, "texture": "#0"},
				"down": {"uv": [5.25, 13.0172, 8.8, 13.4314], "rotation": 90, "texture": "#0"}
			}
		},
		{
			"from": [8.68738, 9.39475, -0.02327],
			"to": [9.68738, 9.80895, 3.52673],
			"rotation": {"angle": 45, "axis": "z", "origin": [9.04003, 7.98368, 9.41161]},
			"faces": {
				"north": {"uv": [10, 12.0858, 11, 12.5], "texture": "#0"},
				"east": {"uv": [5.25, 12.5672, 8.8, 12.9814], "texture": "#0"},
				"south": {"uv": [10, 13.05, 11, 13.4642], "texture": "#0"},
				"west": {"uv": [5.25, 13.0608, 8.8, 13.475], "rotation": 180, "texture": "#0"}
			}
		},
		{
			"from": [8.58748, 9.07719, -4.51727],
			"to": [8.74957, 9.46869, 5.67873],
			"rotation": {"angle": 22.5, "axis": "z", "origin": [8.35266, 7.58893, 9.41161]},
			"faces": {
				"north": {"uv": [6.5, 15.6085, 6.66208, 16], "texture": "#0"},
				"up": {"uv": [10.496, 15.37928, 0.3, 15.2172], "rotation": 90, "texture": "#0"},
				"down": {"uv": [0, 16, 10.196, 15.83792], "rotation": 90, "texture": "#0"}
			}
		},
		{
			"from": [7.18936, 8.92194, -4.51827],
			"to": [7.58086, 9.08403, 5.67873],
			"rotation": {"angle": -22.5, "axis": "z", "origin": [8.35266, 7.58893, 9.41161]},
			"faces": {
				"north": {"uv": [3, 15.83792, 3.3915, 16], "texture": "#0"},
				"east": {"uv": [0, 15.83792, 10.197, 16], "texture": "#0"},
				"west": {"uv": [0.25, 15.6172, 10.447, 15.77928], "rotation": 180, "texture": "#0"}
			}
		},
		{
			"from": [7.30413, 8.80727, -4.51627],
			"to": [7.46621, 9.19877, 5.67873],
			"rotation": {"angle": -22.5, "axis": "z", "origin": [8.35266, 7.58893, 9.41161]},
			"faces": {
				"north": {"uv": [4.5, 15.6085, 4.66208, 16], "texture": "#0"},
				"up": {"uv": [10.395, 15.46108, 0.2, 15.299], "rotation": 90, "texture": "#0"},
				"down": {"uv": [0, 16, 10.195, 15.83792], "rotation": 90, "texture": "#0"}
			}
		},
		{
			"from": [7.18936, 9.50494, -4.51827],
			"to": [7.58086, 9.66703, 5.67873],
			"rotation": {"angle": -22.5, "axis": "z", "origin": [8.35266, 8.17193, 9.41161]},
			"faces": {
				"north": {"uv": [0, 0, 0.3915, 0.16208], "texture": "#0"},
				"east": {"uv": [0, 15.83792, 10.197, 16], "texture": "#0"},
				"west": {"uv": [0.25, 15.6172, 10.447, 15.77928], "rotation": 180, "texture": "#0"}
			}
		},
		{
			"from": [8.58748, 9.66019, -4.51727],
			"to": [8.74957, 10.05169, 5.67873],
			"rotation": {"angle": 22.5, "axis": "z", "origin": [8.35266, 8.17193, 9.41161]},
			"faces": {
				"north": {"uv": [0, 0, 0.16208, 0.3915], "texture": "#0"},
				"up": {"uv": [10.496, 15.37928, 0.3, 15.2172], "rotation": 90, "texture": "#0"},
				"down": {"uv": [0, 16, 10.196, 15.83792], "rotation": 90, "texture": "#0"}
			}
		},
		{
			"from": [8.47268, 9.775, -4.51927],
			"to": [8.86418, 9.93708, 5.67873],
			"rotation": {"angle": 22.5, "axis": "z", "origin": [8.35266, 8.17193, 9.41161]},
			"faces": {
				"north": {"uv": [0, 0, 0.3915, 0.16208], "texture": "#0"},
				"east": {"uv": [0.15, 15.5672, 10.348, 15.72928], "texture": "#0"},
				"west": {"uv": [0.25, 15.6162, 10.448, 15.77828], "rotation": 180, "texture": "#0"}
			}
		},
		{
			"from": [7.85, 7.8075, 8.72373],
			"to": [8.15, 8.29, 9.15873],
			"rotation": {"angle": -45, "axis": "x", "origin": [8.26123, 9.07346, 7.86383]},
			"faces": {
				"north": {"uv": [2.5, 11.79902, 2.8, 12.28152], "texture": "#0"},
				"east": {"uv": [0.5, 14.29902, 0.935, 14.78152], "texture": "#0"},
				"west": {"uv": [3.5, 11.79902, 3.935, 12.28152], "texture": "#0"},
				"down": {"uv": [1.3, 12, 1, 12.435], "texture": "#0"}
			}
		},
		{
			"from": [7.8501, 9.35337, 7.38729],
			"to": [8.1501, 9.78837, 7.92229],
			"rotation": {"angle": 22.5, "axis": "x", "origin": [8.26123, 8.49346, 6.70383]},
			"faces": {
				"east": {"uv": [1, 14.29902, 1.435, 14.83402], "rotation": 90, "texture": "#0"},
				"west": {"uv": [3, 11.79902, 3.435, 12.33402], "rotation": 270, "texture": "#0"},
				"down": {"uv": [1, 11.5, 1.3, 12.035], "rotation": 180, "texture": "#0"}
			}
		},
		{
			"from": [7.85, 9.30815, 9.04635],
			"to": [8.15, 9.595, 9.30373],
			"rotation": {"angle": 45, "axis": "x", "origin": [8.26123, 10.23346, 8.15383]},
			"faces": {
				"east": {"uv": [0.5, 14.29902, 0.75738, 14.58587], "texture": "#0"},
				"west": {"uv": [3.5, 11.79902, 3.75738, 12.08587], "texture": "#0"},
				"up": {"uv": [1.95, 14.59262, 2.25, 14.85], "texture": "#0"}
			}
		},
		{
			"from": [7.8501, 9.03299, 8.70363],
			"to": [8.1501, 9.35199, 8.83413],
			"rotation": {"angle": 22.5, "axis": "x", "origin": [8.26123, 9.96146, 7.71182]},
			"faces": {
				"east": {"uv": [0.5, 14.29902, 0.6305, 14.61802], "texture": "#0"},
				"south": {"uv": [3, 12, 3.3, 12.319], "texture": "#0"},
				"west": {"uv": [1, 11.79902, 1.1305, 12.11802], "texture": "#0"}
			}
		},
		{
			"from": [7.85, 8.18578, 8.23846],
			"to": [8.15, 8.88676, 8.32498],
			"rotation": {"angle": -45, "axis": "x", "origin": [8.26123, 8.68282, 8.15383]},
			"faces": {
				"north": {"uv": [2.5, 11.74902, 2.8, 12.45], "texture": "#0"},
				"east": {"uv": [2.5, 14.14902, 2.58652, 14.85], "texture": "#0"},
				"south": {"uv": [3, 11.5, 3.3, 12.20098], "texture": "#0"},
				"west": {"uv": [1.5, 14.24902, 1.58652, 14.95], "texture": "#0"}
			}
		},
		{
			"from": [7.925, 8.39564, 9.06246],
			"to": [8.075, 8.72591, 9.34899],
			"rotation": {"angle": -22.5, "axis": "x", "origin": [8.16123, 8.62197, 8.17783]},
			"faces": {
				"north": {"uv": [4, 11.79902, 4.15, 12.12929], "texture": "#0"},
				"east": {"uv": [3, 14.29902, 3.28652, 14.62929], "texture": "#0"},
				"west": {"uv": [1.5, 14.29902, 1.78652, 14.62929], "texture": "#0"},
				"down": {"uv": [0.5, 11.6, 0.65, 11.88652], "texture": "#0"}
			}
		},
		{
			"from": [7.9251, 8.84257, 9.1093],
			"to": [8.0751, 9.24785, 9.19583],
			"rotation": {"angle": 22.5, "axis": "x", "origin": [8.16123, 8.99391, 8.22467]},
			"faces": {
				"north": {"uv": [2, 11.79902, 2.15, 12.20429], "texture": "#0"},
				"east": {"uv": [2, 14.29902, 2.08652, 14.70429], "texture": "#0"},
				"south": {"uv": [3, 12, 3.15, 12.40527], "texture": "#0"},
				"west": {"uv": [2.5, 14.29902, 2.58652, 14.70429], "texture": "#0"},
				"down": {"uv": [0.5, 12, 0.65, 12.08652], "texture": "#0"}
			}
		},
		{
			"from": [7.8501, 8.57491, 9.30373],
			"to": [8.1501, 9.03741, 9.41248],
			"rotation": {"angle": 22.5, "axis": "x", "origin": [8.26123, 8.73346, 9.16883]},
			"faces": {
				"north": {"uv": [4, 11.79902, 4.3, 12.26152], "texture": "#0"},
				"east": {"uv": [2, 14.29902, 2.10875, 14.76152], "texture": "#0"},
				"south": {"uv": [1.5, 12, 1.8, 12.4625], "texture": "#0"},
				"west": {"uv": [3, 14.29902, 3.10875, 14.76152], "texture": "#0"}
			}
		},
		{
			"from": [7.8501, 8.3912, 8.56513],
			"to": [8.1501, 8.46225, 9.23073],
			"rotation": {"angle": 0, "axis": "y", "origin": [8.25978, 10.36218, 8.35316]},
			"faces": {
				"east": {"uv": [3.5, 14.79902, 4.1656, 14.87006], "texture": "#0"},
				"west": {"uv": [3.5, 14.29902, 4.1656, 14.37006], "texture": "#0"},
				"up": {"uv": [3.3, 12.1656, 3, 11.5], "texture": "#0"},
				"down": {"uv": [1.8, 11.5, 1.5, 12.1656], "texture": "#0"}
			}
		},
		{
			"from": [7.85, 7.60229, 7.94008],
			"to": [8.15, 7.70277, 8.08508],
			"rotation": {"angle": -45, "axis": "x", "origin": [8.25978, 9.5547, 7.63311]},
			"faces": {
				"east": {"uv": [4, 14.79902, 4.145, 14.89949], "texture": "#0"},
				"west": {"uv": [4, 14.29902, 4.145, 14.39949], "texture": "#0"},
				"up": {"uv": [2.8, 12.145, 2.5, 12], "texture": "#0"},
				"down": {"uv": [1.8, 11.5, 1.5, 11.645], "texture": "#0"}
			}
		},
		{
			"from": [7.7, 7.33693, 10.23813],
			"to": [8.3, 8.55197, 11.42511],
			"rotation": {"angle": -22.5, "axis": "x", "origin": [8.35978, 9.7039, 9.44307]},
			"faces": {
				"north": {"uv": [6.6, 4, 6, 5.21504], "rotation": 180, "texture": "#0"},
				"east": {"uv": [12.75996, 14.51302, 13.975, 15.7], "rotation": 270, "texture": "#0"},
				"west": {"uv": [13.975, 14.51302, 12.75996, 15.7], "rotation": 90, "texture": "#0"},
				"up": {"uv": [1, 0, 1.6, 1.18698], "rotation": 180, "texture": "#0"},
				"down": {"uv": [1, 0, 1.6, 1.18698], "texture": "#0"}
			}
		},
		{
			"from": [7.699, 9.28319, 8.62979],
			"to": [8.301, 10.17666, 11.03457],
			"rotation": {"angle": 22.5, "axis": "x", "origin": [8.35978, 8.73313, 8.8126]},
			"faces": {
				"east": {"uv": [13.49522, 14.80654, 15.9, 15.7], "texture": "#0"},
				"west": {"uv": [13.49522, 15.7, 15.9, 14.80654], "rotation": 180, "texture": "#0"},
				"up": {"uv": [15, 14.4, 15.602, 11.99522], "texture": "#0"},
				"down": {"uv": [15.602, 11.99522, 15, 14.4], "texture": "#0"}
			}
		},
		{
			"from": [7.7, 9.015, 5.67873],
			"to": [8.3, 9.605, 9.70373],
			"rotation": {"angle": 0, "axis": "y", "origin": [8.35978, 8.61181, 7.0555]},
			"faces": {
				"north": {"uv": [1.5, 14, 2.1, 14.59], "texture": "#0"},
				"east": {"uv": [0.4625, 14.4, 4.4875, 14.99], "texture": "#0"},
				"south": {"uv": [1, 0, 1.6, 0.59], "texture": "#0"},
				"west": {"uv": [0, 11.5, 4.025, 12.09], "texture": "#0"},
				"up": {"uv": [4.025, 14.95, 0, 14.35], "rotation": 90, "texture": "#0"},
				"down": {"uv": [0, 12.25, 4.025, 11.65], "rotation": 90, "texture": "#0"}
			}
		},
		{
			"from": [8, 10.055, 6.00373],
			"to": [8.3, 10.135, 7.67112],
			"rotation": {"angle": 0, "axis": "y", "origin": [8.35978, 8.25354, 6.54789]},
			"faces": {
				"east": {"uv": [2.4875, 13.825, 4.15489, 13.905], "texture": "#0"},
				"up": {"uv": [4.15, 13.8625, 2.48261, 13.5625], "rotation": 90, "texture": "#0"},
				"down": {"uv": [2.5, 12.3, 4.16739, 12], "rotation": 90, "texture": "#0"}
			}
		},
		{
			"from": [8.25, 9.75, 6.00373],
			"to": [8.25, 9.9571, 7.67112],
			"rotation": {"angle": 22.5, "axis": "z", "origin": [8.21354, 9.85355, 6.83743]},
			"faces": {
				"east": {"uv": [5.15, 14.2, 6.81739, 14.4071], "texture": "#0"}
			}
		},
		{
			"from": [8.31225, 9.59972, 6.00373],
			"to": [8.31225, 9.80682, 7.67112],
			"rotation": {"angle": -22.5, "axis": "z", "origin": [8.21354, 9.85355, 6.83743]},
			"faces": {
				"east": {"uv": [5.15, 14.2, 6.81739, 14.4071], "texture": "#0"}
			}
		},
		{
			"from": [7.95971, 9.95226, 6.00373],
			"to": [8.16681, 9.95226, 7.67112],
			"rotation": {"angle": -22.5, "axis": "z", "origin": [8.21354, 9.85355, 6.83743]},
			"faces": {
				"up": {"uv": [5.15, 14.2, 6.81739, 14.4071], "rotation": 270, "texture": "#0"}
			}
		},
		{
			"from": [7.7, 9.605, 6.00373],
			"to": [8, 10.135, 7.67112],
			"rotation": {"angle": 0, "axis": "y", "origin": [8.29478, 8.17354, 6.54789]},
			"faces": {
				"east": {"uv": [0.8, 11.9, 2.46739, 12.43], "texture": "#0"},
				"west": {"uv": [2.4875, 12.145, 4.15489, 12.675], "rotation": 180, "texture": "#0"},
				"up": {"uv": [4.15, 13.575, 2.48261, 13.275], "rotation": 90, "texture": "#0"}
			}
		},
		{
			"from": [7.7, 9.605, 5.67873],
			"to": [8.3, 10.135, 6.00373],
			"rotation": {"angle": 0, "axis": "y", "origin": [8.35978, 8.17354, 6.5555]},
			"faces": {
				"north": {"uv": [3.05, 14.225, 3.65, 14.755], "texture": "#0"},
				"east": {"uv": [4.15, 13.825, 4.475, 14.355], "texture": "#0"},
				"south": {"uv": [1.5, 11.5, 2.1, 12.03], "texture": "#0"},
				"west": {"uv": [4.1625, 12.145, 4.4875, 12.675], "rotation": 180, "texture": "#0"},
				"up": {"uv": [4.475, 13.875, 4.15, 13.275], "rotation": 90, "texture": "#0"}
			}
		},
		{
			"from": [7.7, 9.605, 7.67112],
			"to": [8.3, 10.135, 9.19612],
			"rotation": {"angle": 0, "axis": "y", "origin": [8.35978, 8.17354, 6.54789]},
			"faces": {
				"north": {"uv": [1.55, 11.9, 2.15, 12.43], "texture": "#0"},
				"east": {"uv": [0.95, 13.825, 2.475, 14.355], "texture": "#0"},
				"west": {"uv": [0.9625, 12.145, 2.4875, 12.675], "rotation": 180, "texture": "#0"},
				"up": {"uv": [2.475, 13.875, 0.95, 13.275], "rotation": 90, "texture": "#0"}
			}
		},
		{
			"from": [7.701, 6.88316, 11.26615],
			"to": [8.299, 7.1785, 11.69127],
			"rotation": {"angle": -45, "axis": "x", "origin": [8.21623, 8.38059, 8.88196]},
			"faces": {
				"east": {"uv": [11.57511, 14.34127, 11.15, 14.63661], "texture": "#0"},
				"west": {"uv": [11.1, 14.34127, 11.52511, 14.63661], "texture": "#0"},
				"up": {"uv": [6.1, 6.42511, 5.5, 6], "texture": "#0"}
			}
		},
		{
			"from": [7.699, 8.16027, 11.71844],
			"to": [8.301, 9.51706, 12.85773],
			"rotation": {"angle": 0, "axis": "y", "origin": [8.36123, 9.92675, 9.05009]},
			"faces": {
				"east": {"uv": [14.14821, 0.70377, 15.2875, 2.06056], "texture": "#0"},
				"west": {"uv": [10.0125, 0.70377, 11.15179, 2.06056], "texture": "#0"},
				"up": {"uv": [6.1, 7.13929, 5.5, 6], "texture": "#0"},
				"down": {"uv": [6.6, 5.5, 6, 6.63929], "texture": "#0"}
			}
		},
		{
			"from": [7.7, 7.925, 12.85773],
			"to": [8.3, 9.225, 16],
			"rotation": {"angle": 0, "axis": "y", "origin": [8.36123, 8.56159, 8.90509]},
			"faces": {
				"east": {"uv": [11, 1, 14.14227, 2.3], "texture": "#0"},
				"south": {"uv": [2.5, 6.5, 3.1, 7.8], "texture": "#0"},
				"west": {"uv": [11, 1, 14.14227, 2.3], "texture": "#0"},
				"up": {"uv": [3.6, 7.14227, 3, 4], "texture": "#0"}
			}
		},
		{
			"from": [7.701, 10.38654, 12.24738],
			"to": [8.299, 10.65741, 13.11799],
			"rotation": {"angle": 22.5, "axis": "x", "origin": [8.36112, 8.553, 9.6861]},
			"faces": {
				"east": {"uv": [8, 2, 8.87062, 2.27087], "texture": "#0"},
				"west": {"uv": [2.5, 6, 3.37062, 6.27087], "texture": "#0"},
				"up": {"uv": [8.6, 3.37062, 8, 2.5], "texture": "#0"}
			}
		},
		{
			"from": [7.701, 9.43126, 11.96569],
			"to": [8.299, 10.54626, 15.73569],
			"rotation": {"angle": 22.5, "axis": "x", "origin": [8.36123, 8.53659, 8.90509]},
			"faces": {
				"east": {"uv": [14.77, 5, 11, 6.115], "texture": "#0"},
				"west": {"uv": [4, 6, 7.77, 7.115], "texture": "#0"},
				"down": {"uv": [5.6, 2.5, 5, 6.27], "texture": "#0"}
			}
		},
		{
			"from": [7.7, 6.7492, 15.55812],
			"to": [8.3, 7.925, 16],
			"rotation": {"angle": 0, "axis": "y", "origin": [8.36123, 8.53659, 8.18009]},
			"faces": {
				"east": {"uv": [4.5, 6.5, 4.94188, 7.6758], "texture": "#0"},
				"south": {"uv": [6.5, 1.5, 7.1, 2.6758], "texture": "#0"},
				"west": {"uv": [5, 6.5, 5.44188, 7.6758], "texture": "#0"},
				"down": {"uv": [7.1, 2, 6.5, 2.44188], "texture": "#0"}
			}
		}
	],
	"display": {
		"thirdperson_righthand": {
			"translation": [-1, -1, -0.25]
		},
		"thirdperson_lefthand": {
			"translation": [-1, -1, -0.25]
		},
		"firstperson_righthand": {
			"rotation": [-3, 0, 0],
			"translation": [-9, 4.75, 6.5]
		},
		"firstperson_lefthand": {
			"rotation": [-3, 0, 0],
			"translation": [-9, 4.75, 6.5]
		},
		"ground": {
			"rotation": [0, 0, 90],
			"translation": [1, -2, 2]
		},
		"gui": {
			"rotation": [154.67, -55.86, 125.68],
			"translation": [-1.25, -1.25, 0]
		}
	}
}