{
	"credit": "Made with Blockbench",
	"textures": {
		"0": "f_model/saiga-12",
		"particle": "f_model/saiga-12"
	},
	"elements": [
		{
			"from": [7.6725, 8.4524, 6.72763],
			"to": [8.3275, 9.18786, 11.6718],
			"rotation": {"angle": 0, "axis": "y", "origin": [8.33945, 8.26099, 7.62662]},
			"faces": {
				"north": {"uv": [1.5, 14, 2.155, 14.73545], "texture": "#0"},
				"east": {"uv": [0, 13.2, 4.94417, 13.93545], "texture": "#0"},
				"west": {"uv": [4.94417, 14.05, 0, 14.78545], "texture": "#0"},
				"up": {"uv": [0, 13.5, 4.94417, 14.155], "rotation": 90, "texture": "#0"},
				"down": {"uv": [0, 13.805, 4.94417, 13.15], "rotation": 90, "texture": "#0"}
			}
		},
		{
			"from": [7.6735, 7.6634, 6.76686],
			"to": [8.3265, 8.97385, 8.41104],
			"rotation": {"angle": 22.5, "axis": "x", "origin": [8, 7.5634, 7.55145]},
			"faces": {
				"north": {"uv": [2, 6, 2.653, 7.31045], "texture": "#0"},
				"east": {"uv": [0.5, 4.2, 2.14417, 5.51045], "texture": "#0"},
				"south": {"uv": [1, 0, 1.653, 1.31045], "texture": "#0"},
				"west": {"uv": [2.14417, 5.05, 0.5, 6.36045], "texture": "#0"},
				"down": {"uv": [0.5, 5.803, 2.14417, 5.15], "rotation": 90, "texture": "#0"}
			}
		},
		{
			"from": [7.8735, 8.59867, 6.57529],
			"to": [8.1265, 8.90305, 6.89202],
			"rotation": {"angle": 22.5, "axis": "x", "origin": [8, 8.1926, 6.03243]},
			"faces": {
				"north": {"uv": [2, 6, 2.253, 6.30438], "texture": "#0"},
				"east": {"uv": [0.5, 4.2, 0.81673, 4.50438], "texture": "#0"},
				"west": {"uv": [0.81673, 5.05, 0.5, 5.35438], "texture": "#0"},
				"down": {"uv": [0.5, 5.403, 0.81673, 5.15], "rotation": 90, "texture": "#0"}
			}
		},
		{
			"from": [7.7715, 5.82795, 6.86686],
			"to": [8.2265, 7.6634, 8.31104],
			"rotation": {"angle": 22.5, "axis": "x", "origin": [8, 7.5634, 7.55145]},
			"faces": {
				"north": {"uv": [14.045, 0, 14.5, 1.83545], "texture": "#0"},
				"east": {"uv": [14.38083, 0, 15.825, 1.83545], "texture": "#0"},
				"south": {"uv": [14, 0, 14.455, 1.83545], "texture": "#0"},
				"west": {"uv": [15.825, 0, 14.38083, 1.83545], "texture": "#0"}
			}
		},
		{
			"from": [7.7725, 4.23818, 6.08455],
			"to": [8.2255, 6.32364, 7.52872],
			"rotation": {"angle": 45, "axis": "x", "origin": [8, 5.92364, 6.76914]},
			"faces": {
				"north": {"uv": [14.047, 0, 14.5, 2.08545], "texture": "#0"},
				"east": {"uv": [14.43083, 0.4125, 15.875, 2.49795], "texture": "#0"},
				"south": {"uv": [14.047, 0, 14.5, 2.08545], "texture": "#0"},
				"west": {"uv": [15.875, 0.4125, 14.43083, 2.49795], "texture": "#0"},
				"down": {"uv": [14.5, 0.65, 14.047, 2.09417], "texture": "#0"}
			}
		},
		{
			"from": [7.6225, 8.58767, 2.45846],
			"to": [8.3775, 9.49812, 6.72763],
			"rotation": {"angle": 0, "axis": "y", "origin": [8.33945, 8.87126, 2.68245]},
			"faces": {
				"north": {"uv": [2, 6, 2.755, 6.91045], "texture": "#0"},
				"east": {"uv": [11.58083, 3.55, 15.85, 4.46045], "texture": "#0"},
				"south": {"uv": [1, 0, 1.755, 0.91045], "texture": "#0"},
				"west": {"uv": [15.85667, 3.55, 11.5875, 4.46045], "texture": "#0"},
				"up": {"uv": [15.44792, 6.255, 11.17875, 5.5], "rotation": 90, "texture": "#0"},
				"down": {"uv": [0.5, 5.905, 4.76917, 5.15], "rotation": 90, "texture": "#0"}
			}
		},
		{
			"from": [7.6235, 8.4524, 11.6718],
			"to": [8.3785, 9.18786, 12.1819],
			"rotation": {"angle": 0, "axis": "y", "origin": [8.33945, 8.26099, 12.53669]},
			"faces": {
				"north": {"uv": [2, 6, 2.755, 6.73545], "texture": "#0"},
				"east": {"uv": [0.5, 4.2, 1.01009, 4.93545], "texture": "#0"},
				"west": {"uv": [1.01009, 5.05, 0.5, 5.78545], "texture": "#0"},
				"up": {"uv": [3.51009, 8.605, 3, 7.85], "rotation": 90, "texture": "#0"},
				"down": {"uv": [0.5, 5.905, 1.01009, 5.15], "rotation": 90, "texture": "#0"}
			}
		},
		{
			"from": [7.6225, 8.0024, 13.15263],
			"to": [8.3775, 9.08786, 14.9718],
			"rotation": {"angle": 0, "axis": "y", "origin": [8.33945, 8.26099, 7.62662]},
			"faces": {
				"east": {"uv": [11, 0, 12.81917, 1.08545], "texture": "#0"},
				"west": {"uv": [12.81917, 0, 11, 1.08545], "texture": "#0"},
				"up": {"uv": [3.81917, 9.605, 2, 8.85], "rotation": 90, "texture": "#0"}
			}
		},
		{
			"from": [7.6215, 10.7291, 12.26843],
			"to": [8.3785, 11.50811, 15.62875],
			"rotation": {"angle": 22.5, "axis": "x", "origin": [8.33945, 10.56549, 6.39282]},
			"faces": {
				"east": {"uv": [10.6625, 1.2, 14.02282, 1.979], "texture": "#0"},
				"west": {"uv": [14.02282, 1.2, 10.6625, 1.979], "texture": "#0"},
				"up": {"uv": [8.36032, 5.107, 5, 4.35], "rotation": 90, "texture": "#0"},
				"down": {"uv": [0.5, 5.907, 3.86032, 5.15], "rotation": 90, "texture": "#0"}
			}
		},
		{
			"from": [7.6235, 5.62178, 13.81012],
			"to": [8.3765, 5.95723, 14.1043],
			"rotation": {"angle": -22.5, "axis": "x", "origin": [8.33945, 5.13037, 5.75911]},
			"faces": {
				"east": {"uv": [0.5, 4.2, 0.79417, 4.53545], "texture": "#0"},
				"west": {"uv": [0.79417, 5.05, 0.5, 5.38545], "texture": "#0"},
				"up": {"uv": [7.29417, 5.603, 7, 4.85], "rotation": 90, "texture": "#0"}
			}
		},
		{
			"from": [7.6225, 8.56483, 12.66168],
			"to": [8.3775, 8.97528, 13.10585],
			"rotation": {"angle": 0, "axis": "y", "origin": [8.33945, 8.14842, 4.41067]},
			"faces": {
				"east": {"uv": [0.5, 4.2, 0.94417, 4.61045], "texture": "#0"},
				"west": {"uv": [0.94417, 5.05, 0.5, 5.46045], "texture": "#0"},
				"up": {"uv": [9.94417, 6.255, 9.5, 5.5], "rotation": 90, "texture": "#0"}
			}
		},
		{
			"from": [7.6225, 7.18221, 14.9718],
			"to": [8.3775, 9.08786, 15.9718],
			"rotation": {"angle": 0, "axis": "y", "origin": [8.33945, 7.42554, 7.62662]},
			"faces": {
				"east": {"uv": [0.5, 4.2, 1.5, 6.10565], "texture": "#0"},
				"south": {"uv": [1, 0, 1.755, 1.90565], "texture": "#0"},
				"west": {"uv": [3.5, 4.55, 2.5, 6.45565], "texture": "#0"},
				"up": {"uv": [4.5, 10.105, 3.5, 9.35], "rotation": 90, "texture": "#0"},
				"down": {"uv": [0.5, 5.905, 1.5, 5.15], "rotation": 90, "texture": "#0"}
			}
		},
		{
			"from": [7.675, 7.98892, 10.15521],
			"to": [8.325, 8.45242, 11.17146],
			"rotation": {"angle": 0, "axis": "y", "origin": [8.56145, 7.59988, 7.54144]},
			"faces": {
				"north": {"uv": [2, 6, 2.65, 6.4635], "texture": "#0"},
				"east": {"uv": [0.9625, 6.4, 1.97875, 6.8635], "texture": "#0"},
				"south": {"uv": [1, 0, 1.65, 0.4635], "texture": "#0"},
				"west": {"uv": [0.5, 5, 1.51625, 5.4635], "texture": "#0"},
				"down": {"uv": [0.5, 5.8, 1.51625, 5.15], "rotation": 90, "texture": "#0"}
			}
		},
		{
			"from": [7.676, 5.17617, 10.95778],
			"to": [8.324, 7.01467, 11.77403],
			"rotation": {"angle": -22.5, "axis": "x", "origin": [8.56145, 5.81212, 8.14401]},
			"faces": {
				"north": {"uv": [2, 6, 2.648, 7.8385], "texture": "#0"},
				"east": {"uv": [0.9625, 6.4, 1.77875, 8.2385], "texture": "#0"},
				"south": {"uv": [1, 0, 1.648, 1.8385], "texture": "#0"},
				"west": {"uv": [0.5, 5, 1.31625, 6.8385], "texture": "#0"},
				"down": {"uv": [0.5, 5.798, 1.31625, 5.15], "rotation": 90, "texture": "#0"}
			}
		},
		{
			"from": [7.675, 6.41282, 10.71789],
			"to": [8.325, 7.00132, 10.85914],
			"rotation": {"angle": 0, "axis": "y", "origin": [8.56145, 6.89877, 7.37911]},
			"faces": {
				"north": {"uv": [2, 6, 2.65, 6.5885], "texture": "#0"},
				"east": {"uv": [0.9625, 6.4, 1.10375, 6.9885], "texture": "#0"},
				"west": {"uv": [0.5, 5, 0.64125, 5.5885], "texture": "#0"}
			}
		},
		{
			"from": [7.674, 7.65352, 11.158],
			"to": [8.326, 7.96702, 11.44925],
			"rotation": {"angle": 22.5, "axis": "x", "origin": [8.56145, 8.13948, 7.81923]},
			"faces": {
				"east": {"uv": [0.9625, 6.4, 1.25375, 6.7135], "texture": "#0"},
				"west": {"uv": [0.5, 5, 0.79125, 5.3135], "texture": "#0"},
				"down": {"uv": [0.5, 5.802, 0.79125, 5.15], "rotation": 90, "texture": "#0"}
			}
		},
		{
			"from": [7.675, 8.28892, 11.17146],
			"to": [8.325, 8.45242, 11.38771],
			"rotation": {"angle": 0, "axis": "y", "origin": [8.56145, 7.59988, 8.55769]},
			"faces": {
				"east": {"uv": [0.9625, 6.4, 1.17875, 6.5635], "texture": "#0"},
				"south": {"uv": [1, 0, 1.65, 0.1635], "texture": "#0"},
				"west": {"uv": [0.5, 5, 0.71625, 5.1635], "texture": "#0"}
			}
		},
		{
			"from": [7.676, 6.48961, 12.38758],
			"to": [8.324, 6.65311, 12.70383],
			"rotation": {"angle": -45, "axis": "x", "origin": [8.56145, 5.80057, 9.87381]},
			"faces": {
				"east": {"uv": [0.9625, 6.4, 1.27875, 6.5635], "texture": "#0"},
				"west": {"uv": [0.5, 5, 0.81625, 5.1635], "texture": "#0"},
				"down": {"uv": [0.5, 5.798, 0.81625, 5.15], "rotation": 90, "texture": "#0"}
			}
		},
		{
			"from": [7.951, 9.88985, 10.31792],
			"to": [8.051, 10.14785, 10.37342],
			"rotation": {"angle": 45, "axis": "x", "origin": [8.56145, 9.25929, 7.70415]},
			"faces": {
				"north": {"uv": [1.5, 14, 1.6, 14.258], "texture": "#0"},
				"east": {"uv": [0.4625, 14.4, 0.518, 14.658], "texture": "#0"},
				"south": {"uv": [0.5, 13.3, 0.6, 13.558], "texture": "#0"},
				"west": {"uv": [0, 13.5, 0.0555, 13.758], "texture": "#0"}
			}
		},
		{
			"from": [7.95, 7.8177, 9.37698],
			"to": [8.05, 7.8732, 10.03748],
			"rotation": {"angle": 0, "axis": "y", "origin": [8.56145, 10.48697, 9.07393]},
			"faces": {
				"east": {"uv": [0.4625, 13.9, 0.518, 14.5605], "rotation": 270, "texture": "#0"},
				"west": {"uv": [0, 13.5, 0.0555, 14.1605], "rotation": 90, "texture": "#0"},
				"up": {"uv": [1.5, 14, 1.6, 14.6605], "rotation": 180, "texture": "#0"},
				"down": {"uv": [0.5, 13.3, 0.6, 13.9605], "texture": "#0"}
			}
		},
		{
			"from": [7.951, 7.71723, 11.24839],
			"to": [8.051, 7.77273, 11.54666],
			"rotation": {"angle": 45, "axis": "x", "origin": [8.56145, 10.3865, 10.58311]},
			"faces": {
				"east": {"uv": [0.4625, 14.4, 0.518, 14.69827], "rotation": 270, "texture": "#0"},
				"west": {"uv": [0, 13.5, 0.0555, 13.79827], "rotation": 90, "texture": "#0"},
				"up": {"uv": [1.5, 14, 1.6, 14.29827], "rotation": 180, "texture": "#0"},
				"down": {"uv": [0.5, 13.3, 0.6, 13.59827], "texture": "#0"}
			}
		},
		{
			"from": [7.95, 8.02861, 9.16607],
			"to": [8.05, 8.45241, 9.22157],
			"rotation": {"angle": 0, "axis": "y", "origin": [8.56145, 9.12816, 11.83534]},
			"faces": {
				"north": {"uv": [0.5, 13.3, 0.6, 13.7238], "rotation": 180, "texture": "#0"},
				"east": {"uv": [0.4625, 14.4, 0.518, 14.8238], "rotation": 180, "texture": "#0"},
				"south": {"uv": [1.5, 14, 1.6, 14.4238], "rotation": 180, "texture": "#0"},
				"west": {"uv": [0, 13.5, 0.0555, 13.9238], "rotation": 180, "texture": "#0"}
			}
		},
		{
			"from": [7.95, 8.1809, 9.88123],
			"to": [8.05, 8.45884, 9.96642],
			"rotation": {"angle": 0, "axis": "y", "origin": [8.56145, 8.87853, 12.606]},
			"faces": {
				"north": {"uv": [0.5, 13.3, 0.6, 13.57794], "rotation": 180, "texture": "#0"},
				"east": {"uv": [0.4625, 14.4, 0.54769, 14.67794], "rotation": 180, "texture": "#0"},
				"south": {"uv": [1.5, 14, 1.6, 14.27794], "rotation": 180, "texture": "#0"},
				"west": {"uv": [0, 13.5, 0.08519, 13.77794], "rotation": 180, "texture": "#0"}
			}
		},
		{
			"from": [7.951, 6.96961, 9.88465],
			"to": [8.051, 7.14128, 9.96535],
			"rotation": {"angle": 22.5, "axis": "x", "origin": [8.56145, 7.65842, 12.57912]},
			"faces": {
				"north": {"uv": [0.5, 13.3, 0.6, 13.47167], "rotation": 180, "texture": "#0"},
				"east": {"uv": [0.4625, 14.4, 0.54321, 14.57167], "rotation": 180, "texture": "#0"},
				"south": {"uv": [1.5, 14, 1.6, 14.17167], "rotation": 180, "texture": "#0"},
				"west": {"uv": [0, 13.5, 0.08071, 13.67167], "rotation": 180, "texture": "#0"}
			}
		},
		{
			"from": [7.95, 5.87594, 9.42013],
			"to": [8.05, 6.02261, 9.50084],
			"rotation": {"angle": 45, "axis": "x", "origin": [8.56145, 6.53975, 12.1146]},
			"faces": {
				"north": {"uv": [0.5, 13.3, 0.6, 13.44667], "rotation": 180, "texture": "#0"},
				"east": {"uv": [0.4625, 14.4, 0.54321, 14.54667], "rotation": 180, "texture": "#0"},
				"south": {"uv": [1.5, 14, 1.6, 14.14667], "rotation": 180, "texture": "#0"},
				"west": {"uv": [0, 13.5, 0.08071, 13.64667], "rotation": 180, "texture": "#0"},
				"down": {"uv": [0.08071, 14.45, 0, 14.35], "rotation": 90, "texture": "#0"}
			}
		},
		{
			"from": [8, 9.74812, 7.07327],
			"to": [8.3275, 9.79812, 9.2852],
			"rotation": {"angle": 0, "axis": "y", "origin": [8.33945, 7.89845, 7.14769]},
			"faces": {
				"east": {"uv": [2.3875, 12.5875, 4.59943, 12.6375], "texture": "#0"},
				"up": {"uv": [4.26954, 12.3775, 2.05761, 12.05], "rotation": 90, "texture": "#0"},
				"down": {"uv": [2.5, 13.8275, 4.71193, 13.5], "rotation": 90, "texture": "#0"}
			}
		},
		{
			"from": [8.26374, 9.19702, 7.0733],
			"to": [8.26377, 9.44234, 8.5852],
			"rotation": {"angle": -22.5, "axis": "z", "origin": [8.17061, 9.48651, 7.22525]},
			"faces": {
				"east": {"uv": [5.55, 14.2, 7.0619, 14.44531], "texture": "#0"}
			}
		},
		{
			"from": [7.88316, 9.73539, 7.0733],
			"to": [8.12848, 9.73543, 8.3852],
			"rotation": {"angle": -22.5, "axis": "z", "origin": [7.889, 9.64226, 7.22525]},
			"faces": {
				"up": {"uv": [5.65, 14.2, 6.9619, 14.44531], "rotation": 270, "texture": "#0"}
			}
		},
		{
			"from": [8.13606, 9.35236, 7.0733],
			"to": [8.13609, 9.59767, 8.3852],
			"rotation": {"angle": 22.5, "axis": "z", "origin": [8.04293, 9.64184, 7.22525]},
			"faces": {
				"east": {"uv": [5.65, 14.2, 6.9619, 14.44531], "texture": "#0"}
			}
		},
		{
			"from": [7.85194, 9.2991, 7.10574],
			"to": [8.07394, 9.43349, 7.18174],
			"rotation": {"angle": -22.5, "axis": "y", "origin": [7.98081, 9.5327, 7.78133]},
			"faces": {
				"north": {"uv": [6.2, 14.2, 6.33439, 14.422], "rotation": 90, "texture": "#0"},
				"south": {"uv": [5.7, 14.2, 5.83439, 14.422], "rotation": 90, "texture": "#0"},
				"up": {"uv": [5.65, 14.2, 5.726, 14.422], "rotation": 90, "texture": "#0"},
				"down": {"uv": [5.65, 14.2, 5.726, 14.422], "rotation": 90, "texture": "#0"}
			}
		},
		{
			"from": [8.2963, 9.29812, 7.18698],
			"to": [8.5738, 9.43252, 7.26302],
			"rotation": {"angle": 0, "axis": "y", "origin": [8.48067, 9.53761, 7.86257]},
			"faces": {
				"north": {"uv": [5.7, 14.2, 5.9775, 14.33439], "texture": "#0"},
				"east": {"uv": [5.65, 14.2, 5.72604, 14.33439], "texture": "#0"},
				"south": {"uv": [5.7, 14.2, 5.9775, 14.33439], "texture": "#0"},
				"up": {"uv": [5.65, 14.2, 5.9275, 14.27603], "texture": "#0"},
				"down": {"uv": [5.65, 14.2, 5.9275, 14.27603], "texture": "#0"}
			}
		},
		{
			"from": [7.6725, 9.18786, 6.72763],
			"to": [8, 9.79812, 9.2852],
			"rotation": {"angle": 0, "axis": "y", "origin": [8.27812, 7.94749, 7.14769]},
			"faces": {
				"east": {"uv": [0.8, 13.4, 3.35757, 14.01027], "texture": "#0"},
				"west": {"uv": [2.1, 10.7995, 4.65757, 11.40977], "rotation": 180, "texture": "#0"},
				"up": {"uv": [4.61518, 11.9275, 2.05761, 11.6], "rotation": 90, "texture": "#0"}
			}
		},
		{
			"from": [8, 9.61312, 7.07327],
			"to": [8.3265, 9.74812, 7.23687],
			"rotation": {"angle": 0, "axis": "y", "origin": [8.1795, 8.84481, 5.64059]},
			"faces": {
				"east": {"uv": [4.15, 12.725, 4.285, 12.8886], "rotation": 270, "texture": "#0"},
				"down": {"uv": [1.5, 13, 1.8265, 13.1636], "texture": "#0"}
			}
		},
		{
			"from": [8, 8.9092, 8.10281],
			"to": [8.3255, 8.9692, 8.29781],
			"rotation": {"angle": -45, "axis": "x", "origin": [8.1795, 8.21588, 6.82012]},
			"faces": {
				"east": {"uv": [4.15, 12.725, 4.21, 12.92], "rotation": 270, "texture": "#0"},
				"down": {"uv": [1.5, 13, 1.8255, 13.195], "texture": "#0"}
			}
		},
		{
			"from": [8, 9.68055, 7.23687],
			"to": [8.3265, 9.74812, 7.28944],
			"rotation": {"angle": 0, "axis": "y", "origin": [8.1795, 8.98723, 5.91176]},
			"faces": {
				"east": {"uv": [4.15, 12.725, 4.21757, 12.77757], "rotation": 270, "texture": "#0"}
			}
		},
		{
			"from": [7.6725, 9.18786, 9.2852],
			"to": [8.3275, 9.79812, 11.06154],
			"rotation": {"angle": 0, "axis": "y", "origin": [8.33945, 7.94749, 7.14769]},
			"faces": {
				"east": {"uv": [0.605, 12.5875, 2.38134, 13.19777], "texture": "#0"},
				"west": {"uv": [0.055, 10.8, 1.83134, 11.41027], "rotation": 180, "texture": "#0"},
				"up": {"uv": [0.055, 12.3675, 1.83134, 11.7125], "rotation": 90, "texture": "#0"}
			}
		},
		{
			"from": [7.6725, 9.49812, 2.55129],
			"to": [8.3275, 9.79812, 6.72763],
			"rotation": {"angle": 0, "axis": "y", "origin": [8.33945, 8.25775, 2.81378]},
			"faces": {
				"north": {"uv": [2.05, 11.1, 2.705, 11.4], "texture": "#0"},
				"east": {"uv": [0, 11.0875, 4.17634, 11.3875], "texture": "#0"},
				"west": {"uv": [0, 11.05, 4.17634, 11.35], "rotation": 180, "texture": "#0"},
				"up": {"uv": [0.055, 12.3675, 4.23134, 11.7125], "rotation": 90, "texture": "#0"}
			}
		},
		{
			"from": [8, 12.06364, 8.27959],
			"to": [8.3255, 12.70364, 9.07959],
			"rotation": {"angle": 45, "axis": "x", "origin": [8.33945, 10.57327, 5.04208]},
			"faces": {
				"east": {"uv": [5.555, 12.85, 6.355, 13.49], "texture": "#0"},
				"down": {"uv": [2.5, 12.5, 2.8255, 13.3], "texture": "#0"}
			}
		},
		{
			"from": [8, 9.33786, 8.3852],
			"to": [8.3265, 9.74812, 9.2852],
			"rotation": {"angle": 0, "axis": "y", "origin": [8.33945, 7.94749, 5.14769]},
			"faces": {
				"north": {"uv": [1.55, 13.4, 1.8765, 13.81027], "texture": "#0"},
				"east": {"uv": [5.53, 12.1375, 6.43, 12.54777], "texture": "#0"},
				"down": {"uv": [2.5, 12.5, 2.8265, 13.4], "texture": "#0"}
			}
		},
		{
			"from": [8, 9.18786, 6.72763],
			"to": [8.3275, 9.79812, 7.07327],
			"rotation": {"angle": 0, "axis": "y", "origin": [8.33945, 7.94749, 3.00942]},
			"faces": {
				"east": {"uv": [4.605, 12.5875, 4.95064, 13.19777], "texture": "#0"},
				"south": {"uv": [2, 13.5, 2.3275, 14.11027], "texture": "#0"},
				"up": {"uv": [4.555, 12.34, 4.90064, 12.0125], "rotation": 90, "texture": "#0"}
			}
		},
		{
			"from": [7.6735, 7.31608, 10.3298],
			"to": [8.3265, 8.17912, 10.8542],
			"rotation": {"angle": -45, "axis": "x", "origin": [8.34056, 9.2389, 9.00357]},
			"faces": {
				"east": {"uv": [0, 12.7075, 0.5244, 13.57055], "texture": "#0"},
				"south": {"uv": [3.525, 12.7075, 4.178, 13.57055], "texture": "#0"},
				"west": {"uv": [3.025, 12.7075, 3.5494, 13.57055], "texture": "#0"}
			}
		},
		{
			"from": [7.93044, 8.99851, -2.13122],
			"to": [8.06958, 9.33429, 2.4598],
			"rotation": {"angle": -22.5, "axis": "z", "origin": [8, 9.16636, -1.86188]},
			"faces": {
				"north": {"uv": [0, 0, 0.13915, 0.33578], "texture": "#0"},
				"up": {"uv": [4.79102, 15.3, 0.2, 15.43915], "rotation": 90, "texture": "#0"},
				"down": {"uv": [0.2, 15.7, 4.79102, 15.83915], "rotation": 90, "texture": "#0"}
			}
		},
		{
			"from": [7.83204, 9.09675, -2.1339],
			"to": [8.16782, 9.23589, 2.45712],
			"rotation": {"angle": -22.5, "axis": "z", "origin": [8, 9.16636, -1.86188]},
			"faces": {
				"north": {"uv": [0, 0, 0.13915, 0.33578], "rotation": 270, "texture": "#0"},
				"east": {"uv": [0.2, 15.55, 4.79102, 15.68915], "texture": "#0"},
				"west": {"uv": [4.79102, 15.55, 0.2, 15.68915], "texture": "#0"}
			}
		},
		{
			"from": [7.83217, 9.09675, -2.13525],
			"to": [8.16794, 9.23589, 2.45577],
			"rotation": {"angle": 22.5, "axis": "z", "origin": [8, 9.16636, -1.86188]},
			"faces": {
				"north": {"uv": [0, 0, 0.13915, 0.33578], "rotation": 270, "texture": "#0"},
				"east": {"uv": [0.2, 15.70898, 4.79102, 15.84813], "texture": "#0"},
				"west": {"uv": [4.79102, 15.7125, 0.2, 15.85165], "texture": "#0"}
			}
		},
		{
			"from": [7.93041, 8.99851, -2.13256],
			"to": [8.06956, 9.33429, 2.45846],
			"rotation": {"angle": 22.5, "axis": "z", "origin": [8, 9.16636, -1.86188]},
			"faces": {
				"north": {"uv": [0, 0, 0.13915, 0.33578], "texture": "#0"},
				"up": {"uv": [4.79102, 15.3, 0.2, 15.43915], "rotation": 90, "texture": "#0"},
				"down": {"uv": [0.2, 15.7, 4.79102, 15.83915], "rotation": 90, "texture": "#0"}
			}
		}
	],
	"display": {
		"thirdperson_righthand": {
			"translation": [-0.75, -0.5, -1]
		},
		"thirdperson_lefthand": {
			"translation": [-0.75, -0.5, -1]
		},
		"firstperson_righthand": {
			"rotation": [1.5, 0, 0],
			"translation": [-9, 4.75, 4.5]
		},
		"firstperson_lefthand": {
			"rotation": [1.5, 0, 0],
			"translation": [-9, 4.75, 4.5]
		},
		"ground": {
			"rotation": [0, 0, 90],
			"translation": [0, -2, 0]
		},
		"gui": {
			"rotation": [144.85, -62.23, 125.52],
			"translation": [-0.5, -1.5, 0]
		}
	}
}