{
	"credit": "Made with Blockbench",
	"textures": {
		"0": "f_model/saiga-9",
		"particle": "f_model/saiga-9"
	},
	"elements": [
		{
			"from": [7.76075, 8.65359, 7.67504],
			"to": [8.23925, 9.29343, 11.23697],
			"rotation": {"angle": 0, "axis": "y", "origin": [8.33882, 8.48707, 7.93516]},
			"faces": {
				"east": {"uv": [0, 13.2, 3.56193, 13.83984], "texture": "#0"},
				"south": {"uv": [3.5, 14, 3.9785, 14.63984], "texture": "#0"},
				"west": {"uv": [3.56193, 14.23807, 0, 14.87791], "texture": "#0"},
				"up": {"uv": [0, 14.2, 3.56193, 14.6785], "rotation": 90, "texture": "#0"},
				"down": {"uv": [0, 14.6285, 3.56193, 14.15], "rotation": 90, "texture": "#0"}
			}
		},
		{
			"from": [7.739, 9.38937, 5.13536],
			"to": [8.261, 9.82437, 6.93554],
			"rotation": {"angle": 0, "axis": "y", "origin": [8.29532, 9.018, 3.63373]},
			"faces": {
				"north": {"uv": [1.5, 4.5, 2.022, 4.935], "texture": "#0"},
				"east": {"uv": [13.69982, 1.0125, 15.5, 1.4475], "texture": "#0"},
				"south": {"uv": [1, 0, 1.522, 0.435], "texture": "#0"},
				"west": {"uv": [15.49798, 1.0125, 13.6978, 1.4475], "texture": "#0"},
				"up": {"uv": [0, 4, 1.80018, 4.522], "rotation": 90, "texture": "#0"}
			}
		},
		{
			"from": [7.9336, 8.97612, 4.59668],
			"to": [8.06845, 9.43287, 4.85261],
			"rotation": {"angle": 0, "axis": "y", "origin": [8.29532, 9.018, 1.83355]},
			"faces": {
				"north": {"uv": [3.5, 14, 3.63485, 14.45675], "texture": "#0"},
				"east": {"uv": [1.5, 14.06455, 1.75593, 14.5213], "texture": "#0"},
				"south": {"uv": [0, 13, 0.13485, 13.45675], "texture": "#0"},
				"west": {"uv": [0.25593, 13.91455, 0, 14.3713], "texture": "#0"},
				"up": {"uv": [1.5, 14.36455, 1.75593, 14.4994], "rotation": 90, "texture": "#0"},
				"down": {"uv": [1.5, 14.1494, 1.75593, 14.01455], "rotation": 90, "texture": "#0"}
			}
		},
		{
			"from": [7.86733, 9.04137, 4.96643],
			"to": [8.13267, 9.36762, 5.13536],
			"rotation": {"angle": 0, "axis": "y", "origin": [8.29532, 9.018, 2.13805]},
			"faces": {
				"north": {"uv": [1.5, 15.26455, 1.76535, 15.5908], "texture": "#0"},
				"east": {"uv": [4, 14.3, 4.16893, 14.62625], "texture": "#0"},
				"west": {"uv": [0.16893, 15.26455, 0, 15.5908], "texture": "#0"},
				"up": {"uv": [0, 13.6, 0.16893, 13.86535], "rotation": 90, "texture": "#0"},
				"down": {"uv": [1.5, 14.51535, 1.66893, 14.25], "rotation": 90, "texture": "#0"}
			}
		},
		{
			"from": [7.9336, 9.60687, 4.5957],
			"to": [8.06845, 9.80262, 4.85163],
			"rotation": {"angle": 0, "axis": "y", "origin": [8.29532, 9.64875, 1.83355]},
			"faces": {
				"north": {"uv": [3.5, 14, 3.63485, 14.19575], "texture": "#0"},
				"east": {"uv": [1.5, 14.06455, 1.75593, 14.2603], "texture": "#0"},
				"south": {"uv": [1.5, 14.1, 1.63485, 14.29575], "texture": "#0"},
				"west": {"uv": [0.25593, 13.91455, 0, 14.1103], "texture": "#0"},
				"up": {"uv": [0, 14, 0.13485, 14.25593], "texture": "#0"},
				"down": {"uv": [1.5, 14.1494, 1.75593, 14.01455], "rotation": 90, "texture": "#0"}
			}
		},
		{
			"from": [7.95842, 9.78978, 4.59668],
			"to": [8.04856, 9.83763, 4.80911],
			"rotation": {"angle": 22.5, "axis": "z", "origin": [8.0563, 9.87896, 4.70289]},
			"faces": {
				"north": {"uv": [3.5, 14, 3.54785, 14.09013], "rotation": 270, "texture": "#0"},
				"south": {"uv": [2, 13.86455, 2.04785, 13.95468], "rotation": 90, "texture": "#0"},
				"up": {"uv": [0.21243, 13.91455, 0, 14.00468], "rotation": 90, "texture": "#0"},
				"down": {"uv": [1.5, 14.06455, 1.71243, 14.15468], "rotation": 90, "texture": "#0"}
			}
		},
		{
			"from": [7.95144, 9.78978, 4.5977],
			"to": [8.04158, 9.83763, 4.81013],
			"rotation": {"angle": -22.5, "axis": "z", "origin": [7.9437, 9.87896, 4.70289]},
			"faces": {
				"north": {"uv": [3.5, 14, 3.54785, 14.09013], "rotation": 90, "texture": "#0"},
				"south": {"uv": [2, 13.86455, 2.04785, 13.95468], "rotation": 270, "texture": "#0"},
				"up": {"uv": [1.5, 14.06455, 1.71243, 14.15468], "rotation": 270, "texture": "#0"},
				"down": {"uv": [0.21243, 13.91455, 0, 14.00468], "rotation": 270, "texture": "#0"}
			}
		},
		{
			"from": [8.07966, 9.82028, 4.5977],
			"to": [8.12751, 9.91042, 4.81013],
			"rotation": {"angle": -22.5, "axis": "z", "origin": [8.03834, 9.91816, 4.70289]},
			"faces": {
				"north": {"uv": [3.5, 14, 3.54785, 14.09013], "texture": "#0"},
				"east": {"uv": [1.5, 14.06455, 1.71243, 14.15468], "texture": "#0"},
				"south": {"uv": [0.5, 14.07909, 0.54785, 14.16923], "texture": "#0"},
				"west": {"uv": [0.21243, 13.91455, 0, 14.00468], "texture": "#0"}
			}
		},
		{
			"from": [7.87249, 9.82028, 4.59668],
			"to": [7.92034, 9.91042, 4.80911],
			"rotation": {"angle": 22.5, "axis": "z", "origin": [7.96166, 9.91816, 4.70289]},
			"faces": {
				"north": {"uv": [3.5, 14, 3.54785, 14.09013], "texture": "#0"},
				"east": {"uv": [1.5, 14.06455, 1.71243, 14.15468], "texture": "#0"},
				"south": {"uv": [2, 13.86455, 2.04785, 13.95468], "texture": "#0"},
				"west": {"uv": [0.21243, 13.91455, 0, 14.00468], "texture": "#0"}
			}
		},
		{
			"from": [8.03925, 9.8353, 4.5987],
			"to": [8.0871, 9.92544, 4.8091],
			"rotation": {"angle": 22.5, "axis": "z", "origin": [7.99792, 9.93318, 4.70289]},
			"faces": {
				"north": {"uv": [3.2, 15.35, 3.24785, 15.44013], "texture": "#0"},
				"east": {"uv": [2.6, 15.26455, 2.8104, 15.35468], "texture": "#0"},
				"south": {"uv": [1.7, 15.11455, 1.74785, 15.20468], "texture": "#0"},
				"west": {"uv": [0.2104, 13.91455, 0, 14.00468], "texture": "#0"},
				"up": {"uv": [1.5, 15.26455, 1.7104, 15.3124], "rotation": 90, "texture": "#0"}
			}
		},
		{
			"from": [7.9129, 9.8353, 4.5987],
			"to": [7.96075, 9.92544, 4.8091],
			"rotation": {"angle": -22.5, "axis": "z", "origin": [8.00208, 9.93318, 4.70289]},
			"faces": {
				"north": {"uv": [3.2, 15.35, 3.24785, 15.44013], "texture": "#0"},
				"east": {"uv": [1.5, 14.06455, 1.7104, 14.15468], "texture": "#0"},
				"south": {"uv": [1.7, 15.11455, 1.74785, 15.20468], "texture": "#0"},
				"west": {"uv": [1.3104, 15.11455, 1.1, 15.20468], "texture": "#0"},
				"up": {"uv": [1.5, 15.26455, 1.7104, 15.3124], "rotation": 90, "texture": "#0"}
			}
		},
		{
			"from": [7.93258, 9.43287, 4.59668],
			"to": [8.06742, 9.60687, 4.65686],
			"rotation": {"angle": 0, "axis": "y", "origin": [8.29532, 9.453, 1.83355]},
			"faces": {
				"north": {"uv": [3.5, 14, 3.63485, 14.174], "texture": "#0"},
				"east": {"uv": [1.5, 14.06455, 1.56018, 14.23855], "texture": "#0"},
				"south": {"uv": [1.5, 14.1, 1.63485, 14.274], "texture": "#0"},
				"west": {"uv": [0.06018, 13.91455, 0, 14.08855], "texture": "#0"}
			}
		},
		{
			"from": [7.93258, 9.41112, 4.83086],
			"to": [8.06742, 9.73737, 5.13536],
			"rotation": {"angle": 0, "axis": "y", "origin": [8.29532, 9.453, 2.06773]},
			"faces": {
				"north": {"uv": [3.5, 14, 3.63485, 14.32625], "texture": "#0"},
				"east": {"uv": [1.5, 14.06455, 1.8045, 14.3908], "texture": "#0"},
				"west": {"uv": [0.3045, 13.91455, 0, 14.2408], "texture": "#0"},
				"up": {"uv": [1.5, 14.36455, 1.8045, 14.4994], "rotation": 90, "texture": "#0"},
				"down": {"uv": [1.5, 14.1494, 1.8045, 14.01455], "rotation": 90, "texture": "#0"}
			}
		},
		{
			"from": [7.739, 8.83652, 5.13536],
			"to": [8.261, 9.38937, 7.67506],
			"rotation": {"angle": 0, "axis": "y", "origin": [8.29532, 8.583, 3.63373]},
			"faces": {
				"north": {"uv": [1.5, 4.5, 2.022, 5.05284], "texture": "#0"},
				"east": {"uv": [12.9603, 1.44716, 15.5, 2], "texture": "#0"},
				"south": {"uv": [1, 0, 1.522, 0.55284], "texture": "#0"},
				"west": {"uv": [15.5, 1.45, 12.9603, 2.00284], "texture": "#0"},
				"up": {"uv": [0, 4, 2.5397, 4.522], "rotation": 90, "texture": "#0"},
				"down": {"uv": [0, 4.172, 2.5397, 3.65], "rotation": 90, "texture": "#0"}
			}
		},
		{
			"from": [7.74, 10.05452, 6.96236],
			"to": [8.26, 10.25937, 7.58806],
			"rotation": {"angle": 22.5, "axis": "x", "origin": [8.29532, 9.801, 3.89473]},
			"faces": {
				"east": {"uv": [0, 3.7, 0.6257, 3.90484], "texture": "#0"},
				"west": {"uv": [0.6257, 4.55, 0, 4.75484], "texture": "#0"},
				"down": {"uv": [0, 4.17, 0.6257, 3.65], "rotation": 90, "texture": "#0"}
			}
		},
		{
			"from": [7.739, 8.62185, 7.40394],
			"to": [8.261, 8.83656, 7.67504],
			"rotation": {"angle": 0, "axis": "y", "origin": [8.29532, 8.36832, 4.33631]},
			"faces": {
				"east": {"uv": [0, 3.7, 0.27109, 3.91472], "texture": "#0"},
				"south": {"uv": [1, 0, 1.522, 0.21472], "texture": "#0"},
				"west": {"uv": [0.27109, 4.55, 0, 4.76472], "texture": "#0"},
				"down": {"uv": [0, 4.172, 0.27109, 3.65], "rotation": 90, "texture": "#0"}
			}
		},
		{
			"from": [7.826, 8.91459, 11.23697],
			"to": [8.174, 9.17559, 14.9729],
			"rotation": {"angle": 0, "axis": "y", "origin": [8.29532, 8.48707, 12.01909]},
			"faces": {
				"east": {"uv": [0, 14.2, 3.73593, 14.461], "texture": "#0"},
				"south": {"uv": [0.5, 14.5, 0.848, 14.761], "texture": "#0"},
				"west": {"uv": [3.73593, 14.55, 0, 14.811], "texture": "#0"},
				"up": {"uv": [0, 14.5, 3.73593, 14.848], "rotation": 90, "texture": "#0"},
				"down": {"uv": [0, 14.498, 3.73593, 14.15], "rotation": 90, "texture": "#0"}
			}
		},
		{
			"from": [7.826, 7.44066, 14.7119],
			"to": [8.174, 8.91459, 14.9729],
			"rotation": {"angle": 0, "axis": "y", "origin": [8.29532, 5.87378, 15.40042]},
			"faces": {
				"north": {"uv": [0, 14.5, 1.47393, 14.848], "rotation": 270, "texture": "#0"},
				"east": {"uv": [0, 14.2, 1.47393, 14.461], "rotation": 90, "texture": "#0"},
				"south": {"uv": [0, 14.498, 1.47393, 14.15], "rotation": 90, "texture": "#0"},
				"west": {"uv": [1.47393, 14.55, 0, 14.811], "rotation": 270, "texture": "#0"},
				"down": {"uv": [1.5, 14.5, 1.848, 14.761], "rotation": 180, "texture": "#0"}
			}
		},
		{
			"from": [7.826, 8.5037, 10.82159],
			"to": [8.175, 8.7647, 14.75327],
			"rotation": {"angle": 22.5, "axis": "x", "origin": [8.29532, 8.07617, 12.06046]},
			"faces": {
				"east": {"uv": [0, 14.2, 3.93168, 14.461], "texture": "#0"},
				"west": {"uv": [3.93168, 14.55, 0, 14.811], "texture": "#0"},
				"up": {"uv": [0, 14.5, 3.93168, 14.849], "rotation": 90, "texture": "#0"},
				"down": {"uv": [0, 14.499, 3.93168, 14.15], "rotation": 90, "texture": "#0"}
			}
		},
		{
			"from": [7.7825, 8.18775, 8.04479],
			"to": [8.2175, 8.65359, 8.73572],
			"rotation": {"angle": 0, "axis": "y", "origin": [8.00087, 7.4265, 7.83563]},
			"faces": {
				"north": {"uv": [2, 6, 2.435, 6.46584], "texture": "#0"},
				"east": {"uv": [0.5, 4.2, 1.19093, 4.66584], "texture": "#0"},
				"south": {"uv": [1, 0, 1.435, 0.46584], "texture": "#0"},
				"west": {"uv": [1.19093, 5.05, 0.5, 5.51584], "texture": "#0"},
				"down": {"uv": [0.5, 5.585, 1.19093, 5.15], "rotation": 90, "texture": "#0"}
			}
		},
		{
			"from": [7.8458, 6.00047, 8.14415],
			"to": [8.1526, 7.90181, 8.64415],
			"rotation": {"angle": 22.5, "axis": "x", "origin": [8.00106, 7.81481, 7.97849]},
			"faces": {
				"north": {"uv": [15.06392, 13.54866, 15.37072, 15.45], "texture": "#0"},
				"east": {"uv": [15, 13.54866, 15.5, 15.45], "texture": "#0"},
				"south": {"uv": [15.11892, 13.54866, 15.42572, 15.45], "texture": "#0"},
				"west": {"uv": [15.49975, 13.54866, 14.99975, 15.45], "texture": "#0"},
				"down": {"uv": [14.99975, 13.59866, 15.49975, 13.90546], "rotation": 90, "texture": "#0"}
			}
		},
		{
			"from": [7.84471, 7.64045, 8.12677],
			"to": [8.15355, 8.18777, 8.62677],
			"rotation": {"angle": 0, "axis": "y", "origin": [8, 8.86755, 7.96112]},
			"faces": {
				"north": {"uv": [15.06392, 13.54866, 15.37277, 14.09597], "texture": "#0"},
				"east": {"uv": [15, 13.54866, 15.5, 14.09597], "texture": "#0"},
				"south": {"uv": [15.11892, 14.09866, 15.42777, 14.64597], "texture": "#0"},
				"west": {"uv": [15.49975, 14.59866, 14.99975, 15.14597], "texture": "#0"}
			}
		},
		{
			"from": [7.7815, 8.25036, 10.13503],
			"to": [8.2165, 8.65361, 11.01917],
			"rotation": {"angle": 0, "axis": "y", "origin": [8.48846, 7.91189, 7.86105]},
			"faces": {
				"north": {"uv": [2, 6, 2.435, 6.40324], "texture": "#0"},
				"east": {"uv": [0.9625, 6.4, 1.84664, 6.80324], "texture": "#0"},
				"south": {"uv": [1, 0, 1.435, 0.40324], "texture": "#0"},
				"west": {"uv": [0.5, 5, 1.38414, 5.40324], "texture": "#0"},
				"down": {"uv": [0.5, 5.585, 1.38414, 5.15], "rotation": 90, "texture": "#0"}
			}
		},
		{
			"from": [7.7825, 5.80327, 10.83327],
			"to": [8.2175, 7.40276, 11.54341],
			"rotation": {"angle": -22.5, "axis": "x", "origin": [8.48846, 6.35655, 8.38529]},
			"faces": {
				"north": {"uv": [2, 6, 2.435, 7.59949], "texture": "#0"},
				"east": {"uv": [0.9625, 6.4, 1.67264, 7.99949], "texture": "#0"},
				"south": {"uv": [1, 0, 1.435, 1.59949], "texture": "#0"},
				"west": {"uv": [0.5, 5, 1.21014, 6.59949], "texture": "#0"},
				"down": {"uv": [0.5, 5.585, 1.21014, 5.15], "rotation": 90, "texture": "#0"}
			}
		},
		{
			"from": [7.7815, 6.87915, 10.62456],
			"to": [8.2165, 7.39115, 10.74745],
			"rotation": {"angle": 0, "axis": "y", "origin": [8.48846, 7.30193, 7.71983]},
			"faces": {
				"north": {"uv": [2, 6, 2.435, 6.51199], "texture": "#0"},
				"east": {"uv": [0.9625, 6.4, 1.08539, 6.91199], "texture": "#0"},
				"west": {"uv": [0.5, 5, 0.62289, 5.51199], "texture": "#0"}
			}
		},
		{
			"from": [7.7835, 7.95857, 11.00746],
			"to": [8.2185, 8.23131, 11.26085],
			"rotation": {"angle": 22.5, "axis": "x", "origin": [8.48846, 8.38134, 8.10273]},
			"faces": {
				"east": {"uv": [0.9625, 6.4, 1.21589, 6.67274], "texture": "#0"},
				"west": {"uv": [0.5, 5, 0.75339, 5.27274], "texture": "#0"},
				"down": {"uv": [0.5, 5.585, 0.75339, 5.15], "rotation": 90, "texture": "#0"}
			}
		},
		{
			"from": [7.7825, 8.51136, 11.01917],
			"to": [8.2175, 8.65361, 11.20731],
			"rotation": {"angle": 0, "axis": "y", "origin": [8.48846, 7.91189, 8.74519]},
			"faces": {
				"east": {"uv": [0.9625, 6.4, 1.15064, 6.54225], "texture": "#0"},
				"south": {"uv": [1, 0, 1.435, 0.14224], "texture": "#0"},
				"west": {"uv": [0.5, 5, 0.68814, 5.14224], "texture": "#0"}
			}
		},
		{
			"from": [7.7835, 6.94596, 12.0772],
			"to": [8.2185, 7.08821, 12.35233],
			"rotation": {"angle": -45, "axis": "x", "origin": [8.48846, 6.34649, 9.89021]},
			"faces": {
				"east": {"uv": [0.9625, 6.4, 1.23764, 6.54225], "texture": "#0"},
				"west": {"uv": [0.5, 5, 0.77514, 5.14224], "texture": "#0"},
				"down": {"uv": [0.5, 5.585, 0.77514, 5.15], "rotation": 90, "texture": "#0"}
			}
		},
		{
			"from": [7.95737, 9.88242, 10.27659],
			"to": [8.04437, 10.12863, 10.32488],
			"rotation": {"angle": 45, "axis": "x", "origin": [8.48846, 9.35558, 8.00261]},
			"faces": {
				"north": {"uv": [1.5, 14, 1.587, 14.24621], "texture": "#0"},
				"east": {"uv": [0.4625, 14.4, 0.51078, 14.64621], "texture": "#0"},
				"south": {"uv": [0.5, 14.2, 0.587, 14.44621], "texture": "#0"},
				"west": {"uv": [0, 13.5, 0.04828, 13.74621], "texture": "#0"}
			}
		},
		{
			"from": [7.95737, 8.08602, 9.3556],
			"to": [8.04437, 8.1343, 10.01723],
			"rotation": {"angle": 0, "axis": "y", "origin": [8.48933, 10.40829, 9.17894]},
			"faces": {
				"east": {"uv": [0, 14.4, 0.04828, 15.06164], "rotation": 270, "texture": "#0"},
				"west": {"uv": [0, 13.5, 0.04828, 14.16164], "rotation": 90, "texture": "#0"},
				"up": {"uv": [1.5, 14, 1.587, 14.66164], "rotation": 180, "texture": "#0"},
				"down": {"uv": [0.5, 14.2, 0.587, 14.86164], "texture": "#0"}
			}
		},
		{
			"from": [7.95737, 7.99861, 11.04897],
			"to": [8.04437, 8.04689, 11.24322],
			"rotation": {"angle": 45, "axis": "x", "origin": [8.48846, 10.32087, 10.40492]},
			"faces": {
				"east": {"uv": [0.4625, 14.4, 0.51078, 14.59425], "rotation": 270, "texture": "#0"},
				"west": {"uv": [0, 13.5, 0.04828, 13.69425], "rotation": 90, "texture": "#0"},
				"up": {"uv": [1.5, 14, 1.587, 14.19425], "rotation": 180, "texture": "#0"},
				"down": {"uv": [0.5, 14.2, 0.587, 14.39425], "texture": "#0"}
			}
		},
		{
			"from": [7.9565, 8.19464, 8.99173],
			"to": [8.0435, 8.6536, 9.27927],
			"rotation": {"angle": 0, "axis": "y", "origin": [8.48846, 9.2415, 11.55325]},
			"faces": {
				"north": {"uv": [3.5, 13.3, 3.587, 13.75896], "rotation": 180, "texture": "#0"},
				"east": {"uv": [0.4625, 14.4, 0.75004, 14.85896], "rotation": 180, "texture": "#0"},
				"south": {"uv": [1.5, 14, 1.587, 14.45896], "rotation": 180, "texture": "#0"},
				"west": {"uv": [0, 13.5, 0.28754, 13.95896], "rotation": 180, "texture": "#0"},
				"down": {"uv": [2.5, 14.5, 2.587, 14.78754], "texture": "#0"}
			}
		},
		{
			"from": [7.8695, 8.21964, 8.73572],
			"to": [8.1305, 8.6536, 8.94823],
			"rotation": {"angle": 0, "axis": "y", "origin": [8.48846, 9.2415, 11.26571]},
			"faces": {
				"east": {"uv": [1.9625, 6.4, 2.17501, 6.83396], "rotation": 180, "texture": "#0"},
				"south": {"uv": [3, 6, 3.261, 6.43396], "rotation": 180, "texture": "#0"},
				"west": {"uv": [1.5, 5.5, 1.71251, 5.93396], "rotation": 180, "texture": "#0"},
				"down": {"uv": [1, 0, 1.261, 0.21251], "texture": "#0"}
			}
		},
		{
			"from": [7.8695, 8.21964, 8.94823],
			"to": [8.1305, 8.43215, 9.20819],
			"rotation": {"angle": 0, "axis": "y", "origin": [8.48846, 5.90216, 9.97009]},
			"faces": {
				"east": {"uv": [1.9625, 6.4, 2.17501, 6.65996], "rotation": 90, "texture": "#0"},
				"south": {"uv": [1, 0, 1.261, 0.21251], "texture": "#0"},
				"west": {"uv": [1.5, 5.5, 1.71251, 5.75996], "rotation": 270, "texture": "#0"},
				"down": {"uv": [3, 6, 3.261, 6.25996], "rotation": 180, "texture": "#0"}
			}
		},
		{
			"from": [7.8695, 8.20766, 7.87855],
			"to": [8.1305, 8.33317, 8.182],
			"rotation": {"angle": 22.5, "axis": "x", "origin": [8.48846, 5.80318, 8.9439]},
			"faces": {
				"east": {"uv": [1.9625, 6.4, 2.08801, 6.70346], "rotation": 90, "texture": "#0"},
				"west": {"uv": [1.5, 5.5, 1.62551, 5.80346], "rotation": 270, "texture": "#0"},
				"up": {"uv": [2, 5.3, 2.261, 5.60346], "texture": "#0"}
			}
		},
		{
			"from": [7.9565, 8.41738, 9.83142],
			"to": [8.0435, 8.65919, 9.90554],
			"rotation": {"angle": 0, "axis": "y", "origin": [8.48846, 9.02432, 12.20197]},
			"faces": {
				"north": {"uv": [0.5, 14.2, 0.587, 14.44181], "rotation": 180, "texture": "#0"},
				"east": {"uv": [0.4625, 14.4, 0.53662, 14.64181], "rotation": 180, "texture": "#0"},
				"south": {"uv": [1.5, 14, 1.587, 14.24181], "rotation": 180, "texture": "#0"},
				"west": {"uv": [0, 13.5, 0.07412, 13.74181], "rotation": 180, "texture": "#0"}
			}
		},
		{
			"from": [7.95737, 7.36356, 9.83439],
			"to": [8.04437, 7.51291, 9.90461],
			"rotation": {"angle": 22.5, "axis": "x", "origin": [8.48846, 7.96282, 12.17858]},
			"faces": {
				"north": {"uv": [0.5, 14.2, 0.587, 14.34935], "rotation": 180, "texture": "#0"},
				"east": {"uv": [0.4625, 14.4, 0.53272, 14.54935], "rotation": 180, "texture": "#0"},
				"south": {"uv": [1.5, 14, 1.587, 14.14935], "rotation": 180, "texture": "#0"},
				"west": {"uv": [0, 13.5, 0.07022, 13.64935], "rotation": 180, "texture": "#0"}
			}
		},
		{
			"from": [7.9565, 6.41207, 9.43026],
			"to": [8.0435, 6.53967, 9.50048],
			"rotation": {"angle": 45, "axis": "x", "origin": [8.48846, 6.98958, 11.77445]},
			"faces": {
				"north": {"uv": [0.5, 14.2, 0.587, 14.3276], "rotation": 180, "texture": "#0"},
				"east": {"uv": [0.4625, 14.4, 0.53272, 14.5276], "rotation": 180, "texture": "#0"},
				"south": {"uv": [1.5, 14, 1.587, 14.1276], "rotation": 180, "texture": "#0"},
				"west": {"uv": [0, 13.5, 0.07022, 13.6276], "rotation": 180, "texture": "#0"},
				"down": {"uv": [0.07022, 14.437, 0, 14.35], "rotation": 90, "texture": "#0"}
			}
		},
		{
			"from": [8, 9.56337, 8.19324],
			"to": [8.23925, 9.71563, 9.37812],
			"rotation": {"angle": 0, "axis": "y", "origin": [8.29532, 8.0629, 7.51849]},
			"faces": {
				"east": {"uv": [1.8588, 12.775, 3.04368, 12.92727], "texture": "#0"},
				"up": {"uv": [3.24249, 12.28925, 2.05761, 12.05], "rotation": 90, "texture": "#0"},
				"down": {"uv": [2.5, 13.73925, 3.68488, 13.5], "rotation": 90, "texture": "#0"}
			}
		},
		{
			"from": [8.1544, 9.29343, 8.19324],
			"to": [8.15443, 9.56337, 9.37812],
			"rotation": {"angle": 0, "axis": "y", "origin": [8.07337, 9.54528, 8.36897]},
			"faces": {
				"east": {"uv": [5.65, 14.2, 6.83488, 14.46993], "texture": "#0"}
			}
		},
		{
			"from": [8.15442, 9.24993, 8.19324],
			"to": [8.50242, 9.39783, 8.25849],
			"rotation": {"angle": 0, "axis": "y", "origin": [8.37469, 9.54528, 8.77119]},
			"faces": {
				"north": {"uv": [5.6, 14.2, 5.948, 14.3479], "texture": "#0"},
				"east": {"uv": [5.55, 14.2, 5.61525, 14.3479], "texture": "#0"},
				"south": {"uv": [5.6, 14.2, 5.948, 14.3479], "texture": "#0"},
				"up": {"uv": [5.55, 14.2, 5.898, 14.26525], "texture": "#0"},
				"down": {"uv": [5.55, 14.2, 5.898, 14.26525], "texture": "#0"}
			}
		},
		{
			"from": [7.75901, 9.29343, 6.93554],
			"to": [8, 9.71562, 9.37812],
			"rotation": {"angle": 0, "axis": "y", "origin": [8.24197, 8.21431, 7.51849]},
			"faces": {
				"west": {"uv": [4.30138, 11.22168, 1.8588, 10.7995], "texture": "#0"},
				"up": {"uv": [4.50019, 11.84099, 2.05761, 11.6], "rotation": 90, "texture": "#0"}
			}
		},
		{
			"from": [7.76075, 9.29343, 9.37812],
			"to": [8.23925, 9.71563, 10.81477],
			"rotation": {"angle": 0, "axis": "y", "origin": [8.31751, 8.21431, 7.51849]},
			"faces": {
				"north": {"uv": [1, 0, 1.4785, 0.4222], "texture": "#0"},
				"east": {"uv": [0.4222, 12.775, 1.85885, 13.1972], "texture": "#0"},
				"west": {"uv": [1.85885, 11.2222, 0.4222, 10.8], "texture": "#0"},
				"up": {"uv": [0.055, 12.191, 1.49165, 11.7125], "rotation": 90, "texture": "#0"}
			}
		},
		{
			"from": [7.826, 9.71562, 6.93551],
			"to": [8.174, 9.8768, 10.68426],
			"rotation": {"angle": 0, "axis": "y", "origin": [8.29532, 8.6365, 7.51849]},
			"faces": {
				"north": {"uv": [3.6, 10.1, 3.948, 10.26118], "texture": "#0"},
				"east": {"uv": [0, 10.05, 3.74874, 10.21118], "texture": "#0"},
				"south": {"uv": [0, 10.25, 0.348, 10.41118], "texture": "#0"},
				"west": {"uv": [0, 10.05, 3.74874, 10.21118], "rotation": 180, "texture": "#0"},
				"up": {"uv": [0, 10.398, 3.74874, 10.05], "rotation": 270, "texture": "#0"}
			}
		},
		{
			"from": [8.1544, 10.82336, 8.64906],
			"to": [8.2382, 10.96693, 9.1493],
			"rotation": {"angle": 22.5, "axis": "x", "origin": [9.29706, 9.52674, 5.63668]},
			"faces": {
				"east": {"uv": [2.555, 13.85, 3.05524, 13.99357], "texture": "#0"},
				"down": {"uv": [6, 12.95, 6.0838, 13.45024], "texture": "#0"}
			}
		},
		{
			"from": [8.1544, 9.52857, 9.29112],
			"to": [8.2392, 9.56338, 9.37812],
			"rotation": {"angle": 0, "axis": "y", "origin": [9.29706, 8.12319, 5.86549]},
			"faces": {
				"east": {"uv": [3.555, 14.35, 3.642, 14.38482], "texture": "#0"}
			}
		},
		{
			"from": [8, 9.29343, 6.93554],
			"to": [8.23925, 9.71563, 8.19324],
			"rotation": {"angle": 0, "axis": "y", "origin": [8.29532, 8.21431, 3.9182]},
			"faces": {
				"east": {"uv": [3.0437, 12.775, 4.3014, 13.1972], "texture": "#0"},
				"south": {"uv": [2, 14, 2.23925, 14.4222], "texture": "#0"},
				"up": {"uv": [3.055, 12.25175, 4.3127, 12.0125], "rotation": 90, "texture": "#0"}
			}
		},
		{
			"from": [7.7618, 7.78208, 10.00414],
			"to": [8.2383, 8.37916, 10.4604],
			"rotation": {"angle": -45, "axis": "x", "origin": [8.31934, 9.47516, 9.02432]},
			"faces": {
				"east": {"uv": [0, 12.845, 0.45625, 13.44208], "texture": "#0"},
				"south": {"uv": [3.525, 12.845, 4.0015, 13.44208], "texture": "#0"},
				"west": {"uv": [3.025, 12.845, 3.48125, 13.44208], "texture": "#0"}
			}
		},
		{
			"from": [7.95495, 9.06681, 2.54941],
			"to": [8.04508, 9.28431, 5.13536],
			"rotation": {"angle": -22.5, "axis": "z", "origin": [8, 9.17555, 3.65751]},
			"faces": {
				"up": {"uv": [2.58595, 15.3, 0, 15.39013], "rotation": 90, "texture": "#0"},
				"down": {"uv": [0, 15.7, 2.58595, 15.79013], "rotation": 90, "texture": "#0"}
			}
		},
		{
			"from": [7.93237, 9.01237, 1.83396],
			"to": [8.06749, 9.33862, 2.54941],
			"rotation": {"angle": 0, "axis": "y", "origin": [7.99994, 9.17551, 2.19169]},
			"faces": {
				"north": {"uv": [0, 0, 0.13511, 0.32625], "texture": "#0"},
				"south": {"uv": [1, 14, 1.13511, 14.32625], "texture": "#0"},
				"up": {"uv": [2.5859, 15.3, 1.87045, 15.43511], "rotation": 90, "texture": "#0"},
				"down": {"uv": [1.8734, 15.7, 2.58885, 15.83511], "rotation": 90, "texture": "#0"}
			}
		},
		{
			"from": [7.83679, 9.10797, 1.837],
			"to": [8.16304, 9.24308, 2.55245],
			"rotation": {"angle": 45, "axis": "z", "origin": [7.99994, 9.17551, 2.19169]},
			"faces": {
				"north": {"uv": [0, 0, 0.13511, 0.32625], "rotation": 270, "texture": "#0"},
				"east": {"uv": [4.0859, 15.3, 3.37045, 15.43511], "rotation": 180, "texture": "#0"},
				"south": {"uv": [1, 14, 1.13511, 14.32625], "rotation": 90, "texture": "#0"},
				"west": {"uv": [3.3734, 15.7, 4.08885, 15.83511], "rotation": 180, "texture": "#0"}
			}
		},
		{
			"from": [7.83684, 9.10797, 1.836],
			"to": [8.16309, 9.24308, 2.55145],
			"rotation": {"angle": 0, "axis": "y", "origin": [7.99994, 9.17551, 2.19169]},
			"faces": {
				"north": {"uv": [0, 0, 0.13511, 0.32625], "rotation": 270, "texture": "#0"},
				"east": {"uv": [2.5859, 15.8, 1.87045, 15.93511], "rotation": 180, "texture": "#0"},
				"south": {"uv": [1, 14, 1.13511, 14.32625], "rotation": 90, "texture": "#0"},
				"west": {"uv": [1.8734, 15.59705, 2.58885, 15.73216], "rotation": 180, "texture": "#0"}
			}
		},
		{
			"from": [7.93239, 9.01237, 1.835],
			"to": [8.0675, 9.33862, 2.55045],
			"rotation": {"angle": 45, "axis": "z", "origin": [7.99994, 9.17551, 2.19169]},
			"faces": {
				"north": {"uv": [0, 0, 0.13511, 0.32625], "texture": "#0"},
				"south": {"uv": [1, 14, 1.13511, 14.32625], "texture": "#0"},
				"up": {"uv": [4.0859, 15.3, 3.37045, 15.43511], "rotation": 90, "texture": "#0"},
				"down": {"uv": [3.3734, 15.7, 4.08885, 15.83511], "rotation": 90, "texture": "#0"}
			}
		},
		{
			"from": [7.89124, 9.13047, 2.54941],
			"to": [8.10874, 9.2206, 5.13536],
			"rotation": {"angle": 22.5, "axis": "z", "origin": [8, 9.17555, 3.65751]},
			"faces": {
				"east": {"uv": [0, 15.7, 2.58595, 15.79013], "texture": "#0"},
				"west": {"uv": [2.58595, 15.8, 0, 15.89013], "texture": "#0"}
			}
		},
		{
			"from": [7.89124, 9.13051, 2.54941],
			"to": [8.10874, 9.22064, 5.13536],
			"rotation": {"angle": -22.5, "axis": "z", "origin": [8, 9.17555, 3.65751]},
			"faces": {
				"east": {"uv": [0, 15.7, 2.58595, 15.79013], "texture": "#0"},
				"west": {"uv": [2.58595, 15.8, 0, 15.89013], "texture": "#0"}
			}
		},
		{
			"from": [7.95492, 9.06681, 2.54941],
			"to": [8.04505, 9.28431, 5.13536],
			"rotation": {"angle": 22.5, "axis": "z", "origin": [8, 9.17555, 3.65751]},
			"faces": {
				"up": {"uv": [2.58595, 15.3, 0, 15.39013], "rotation": 90, "texture": "#0"},
				"down": {"uv": [0, 15.7, 2.58595, 15.79013], "rotation": 90, "texture": "#0"}
			}
		}
	],
	"display": {
		"thirdperson_righthand": {
			"rotation": [15.75, 11.82, 12.86],
			"translation": [-1, -0.5, -1.5]
		},
		"thirdperson_lefthand": {
			"rotation": [15.75, 11.82, 12.86],
			"translation": [-1, -0.5, -1.5]
		},
		"firstperson_righthand": {
			"rotation": [-19.2, 74.36, 32.81],
			"translation": [-8.25, 3.5, 5.25]
		},
		"firstperson_lefthand": {
			"rotation": [-19.2, 74.36, 32.81],
			"translation": [-8.25, 3.5, 5.25]
		},
		"ground": {
			"rotation": [0, 0, 90],
			"translation": [0, -2, 0]
		},
		"gui": {
			"rotation": [105.54, -71.74, 104.49],
			"translation": [1, -1.25, 0],
			"scale": [1.25, 1.25, 1.25]
		}
	}
}