{
	"credit": "Made with Blockbench",
	"textures": {
		"0": "f_model/tigr",
		"particle": "f_model/tigr"
	},
	"elements": [
		{
			"from": [7.85, 7.15496, 12.01174],
			"to": [8.15, 8.58774, 12.57067],
			"rotation": {"angle": 0, "axis": "y", "origin": [8.30081, 9.56688, 11.13594]},
			"faces": {
				"north": {"uv": [6.3, 4, 6, 5.43278], "rotation": 180, "texture": "#0"},
				"east": {"uv": [12.75996, 13.01302, 14.19274, 13.57195], "rotation": 270, "texture": "#0"},
				"west": {"uv": [14.19274, 13.01302, 12.75996, 13.57195], "rotation": 90, "texture": "#0"},
				"down": {"uv": [1, 0, 1.3, 0.55893], "texture": "#0"}
			}
		},
		{
			"from": [7.85, 7.15, 15.775],
			"to": [8.15, 9.275, 16.075],
			"rotation": {"angle": 0, "axis": "y", "origin": [8.30581, 10.22331, 14.70161]},
			"faces": {
				"east": {"uv": [12.75996, 13.01302, 14.88496, 13.31302], "rotation": 270, "texture": "#0"},
				"south": {"uv": [1, 0, 1.3, 2.125], "texture": "#0"},
				"west": {"uv": [14.88496, 13.01302, 12.75996, 13.31302], "rotation": 90, "texture": "#0"},
				"up": {"uv": [1, 0, 1.3, 0.3], "rotation": 180, "texture": "#0"},
				"down": {"uv": [1, 0, 1.3, 0.3], "texture": "#0"}
			}
		},
		{
			"from": [7.851, 7.44163, 16.34788],
			"to": [8.151, 8.09163, 17.05565],
			"rotation": {"angle": 22.5, "axis": "x", "origin": [8.30581, 10.51495, 15.68226]},
			"faces": {
				"north": {"uv": [6.3, 4, 6, 4.65], "rotation": 180, "texture": "#0"},
				"east": {"uv": [12.75996, 13.01302, 13.40996, 13.72079], "rotation": 270, "texture": "#0"},
				"west": {"uv": [13.40996, 13.01302, 12.75996, 13.72079], "rotation": 90, "texture": "#0"},
				"down": {"uv": [1, 0, 1.3, 0.70777], "texture": "#0"}
			}
		},
		{
			"from": [7.851, 8.01496, 14.01941],
			"to": [8.151, 8.56496, 14.95218],
			"rotation": {"angle": -22.5, "axis": "x", "origin": [8.30581, 10.98828, 13.57879]},
			"faces": {
				"north": {"uv": [6.3, 4, 6, 4.55], "rotation": 180, "texture": "#0"},
				"east": {"uv": [12.75996, 13.01302, 13.30996, 13.94579], "rotation": 270, "texture": "#0"},
				"west": {"uv": [13.30996, 13.01302, 12.75996, 13.94579], "rotation": 90, "texture": "#0"},
				"up": {"uv": [1, 0, 1.3, 0.93277], "rotation": 180, "texture": "#0"},
				"down": {"uv": [1, 0, 1.3, 0.93277], "texture": "#0"}
			}
		},
		{
			"from": [7.85, 7.75, 15.31723],
			"to": [8.15, 9, 15.775],
			"rotation": {"angle": 0, "axis": "y", "origin": [8.30581, 11.02331, 14.3658]},
			"faces": {
				"north": {"uv": [6.3, 4, 6, 5.25], "rotation": 180, "texture": "#0"},
				"east": {"uv": [12.75996, 13.01302, 14.00996, 13.47079], "rotation": 270, "texture": "#0"},
				"west": {"uv": [14.00996, 13.01302, 12.75996, 13.47079], "rotation": 90, "texture": "#0"}
			}
		},
		{
			"from": [7.95, 7.55, 15.125],
			"to": [8.05, 8.5, 15.225],
			"rotation": {"angle": 0, "axis": "y", "origin": [8.30581, 10.43323, 13.79728]},
			"faces": {
				"north": {"uv": [6.1, 4, 6, 4.95], "rotation": 180, "texture": "#0"},
				"east": {"uv": [12.75996, 13.01302, 13.70996, 13.11302], "rotation": 270, "texture": "#0"},
				"south": {"uv": [1, 0, 1.1, 0.95], "texture": "#0"},
				"west": {"uv": [13.70996, 13.01302, 12.75996, 13.11302], "rotation": 90, "texture": "#0"}
			}
		},
		{
			"from": [7.85, 7.36151, 12.89946],
			"to": [8.15, 7.675, 15.4],
			"rotation": {"angle": 0, "axis": "y", "origin": [8.30081, 9.61653, 11.13594]},
			"faces": {
				"east": {"uv": [12.75996, 11.99946, 13.07345, 14.5], "rotation": 270, "texture": "#0"},
				"west": {"uv": [13.07345, 11.99946, 12.75996, 14.5], "rotation": 90, "texture": "#0"},
				"up": {"uv": [1, 0, 1.3, 2.50054], "rotation": 180, "texture": "#0"},
				"down": {"uv": [1, 0, 1.3, 2.50054], "texture": "#0"}
			}
		},
		{
			"from": [7.85, 8.58774, 12.37067],
			"to": [8.15, 8.90415, 15.12111],
			"rotation": {"angle": 0, "axis": "y", "origin": [8.30081, 10.81653, 11.13594]},
			"faces": {
				"east": {"uv": [12.75996, 11.74956, 13.07637, 14.5], "rotation": 270, "texture": "#0"},
				"west": {"uv": [13.07637, 11.74956, 12.75996, 14.5], "rotation": 90, "texture": "#0"},
				"up": {"uv": [1, 0, 1.3, 2.75044], "rotation": 180, "texture": "#0"},
				"down": {"uv": [1, 0, 1.3, 2.75044], "texture": "#0"}
			}
		},
		{
			"from": [7.7, 8.43651, 13.19946],
			"to": [8.3, 9.03651, 15.02111],
			"rotation": {"angle": -22.5, "axis": "z", "origin": [8, 8.73651, 14.11029]},
			"faces": {
				"north": {"uv": [6.6, 4, 6, 4.6], "rotation": 180, "texture": "#0"},
				"east": {"uv": [12.75996, 12.67836, 13.35996, 14.5], "rotation": 270, "texture": "#0"},
				"south": {"uv": [1, 0, 1.6, 0.6], "texture": "#0"},
				"west": {"uv": [13.35996, 12.67836, 12.75996, 14.5], "rotation": 90, "texture": "#0"},
				"up": {"uv": [1, 0, 1.6, 1.82164], "rotation": 180, "texture": "#0"},
				"down": {"uv": [1, 0, 1.6, 1.82164], "texture": "#0"}
			}
		},
		{
			"from": [7.851, 6.63621, 11.71434],
			"to": [8.151, 7.95993, 12.26264],
			"rotation": {"angle": -22.5, "axis": "x", "origin": [8.30081, 9.04813, 10.83853]},
			"faces": {
				"east": {"uv": [12.75996, 13.01302, 14.08368, 13.56133], "rotation": 270, "texture": "#0"},
				"south": {"uv": [1, 0, 1.3, 1.32372], "texture": "#0"},
				"west": {"uv": [14.08368, 13.01302, 12.75996, 13.56133], "rotation": 90, "texture": "#0"},
				"down": {"uv": [1, 0, 1.3, 0.5483], "texture": "#0"}
			}
		},
		{
			"from": [7.75, 8.58775, 8.12692],
			"to": [8.25, 8.98925, 12.44817],
			"rotation": {"angle": 0, "axis": "y", "origin": [8.30581, 8.14504, 9.29718]},
			"faces": {
				"north": {"uv": [1.5, 14, 2, 14.4015], "texture": "#0"},
				"east": {"uv": [0, 12.2, 4.32125, 12.6015], "texture": "#0"},
				"west": {"uv": [4.32125, 13.05, 0, 13.4515], "texture": "#0"},
				"up": {"uv": [4.32125, 14.85, 0, 14.35], "rotation": 90, "texture": "#0"},
				"down": {"uv": [0, 13.65, 4.32125, 13.15], "rotation": 90, "texture": "#0"}
			}
		},
		{
			"from": [7.7, 8.66275, 4.10567],
			"to": [8.3, 9.48925, 8.12692],
			"rotation": {"angle": 0, "axis": "y", "origin": [8.30581, 8.14504, 4.97593]},
			"faces": {
				"north": {"uv": [5.5, 8, 6.1, 8.8265], "texture": "#0"},
				"east": {"uv": [11.77875, 15.1735, 15.8, 16], "texture": "#0"},
				"south": {"uv": [4.5, 5.8, 5.1, 6.6265], "texture": "#0"},
				"west": {"uv": [15.8, 15.1735, 11.77875, 16], "texture": "#0"},
				"up": {"uv": [15.8, 14.9, 11.77875, 14.3], "rotation": 90, "texture": "#0"},
				"down": {"uv": [11.77875, 13.85, 15.8, 13.25], "rotation": 90, "texture": "#0"}
			}
		},
		{
			"from": [7.9, 9.4893, 7.23067],
			"to": [8.1, 9.56425, 8.23067],
			"rotation": {"angle": 0, "axis": "y", "origin": [8.30581, 8.97154, 5.02593]},
			"faces": {
				"north": {"uv": [1.5, 14, 1.7, 14.07495], "texture": "#0"},
				"east": {"uv": [0.4625, 14.4, 1.4625, 14.47495], "texture": "#0"},
				"south": {"uv": [0.5, 13.3, 0.7, 13.37495], "texture": "#0"},
				"west": {"uv": [0, 13, 1, 13.07495], "texture": "#0"},
				"up": {"uv": [1, 14.55, 0, 14.35], "rotation": 90, "texture": "#0"},
				"down": {"uv": [0, 13.35, 1, 13.15], "rotation": 90, "texture": "#0"}
			}
		},
		{
			"from": [7.8, 8.76275, 3.88442],
			"to": [8.2, 9.48925, 4.10567],
			"rotation": {"angle": 0, "axis": "y", "origin": [8.30581, 8.14504, 0.95468]},
			"faces": {
				"north": {"uv": [1.5, 14, 1.9, 14.7265], "texture": "#0"},
				"east": {"uv": [0.4625, 13.9, 0.68375, 14.6265], "texture": "#0"},
				"west": {"uv": [0, 13, 0.22125, 13.7265], "texture": "#0"},
				"up": {"uv": [0.22125, 14.75, 0, 14.35], "rotation": 90, "texture": "#0"},
				"down": {"uv": [0, 13.55, 0.22125, 13.15], "rotation": 90, "texture": "#0"}
			}
		},
		{
			"from": [7.85, 8.4116, 9.97692],
			"to": [8.15, 8.58774, 12.01174],
			"rotation": {"angle": 0, "axis": "y", "origin": [8.30581, 7.84354, 9.29718]},
			"faces": {
				"east": {"uv": [0.4625, 14.4, 2.49732, 14.57614], "texture": "#0"},
				"west": {"uv": [0, 13, 2.03482, 13.17614], "texture": "#0"},
				"down": {"uv": [0, 13.45, 2.03482, 13.15], "rotation": 90, "texture": "#0"}
			}
		},
		{
			"from": [7.925, 8.0616, 11.63674],
			"to": [8.075, 8.4116, 12.01174],
			"rotation": {"angle": 0, "axis": "y", "origin": [8.30581, 7.64354, 9.28199]},
			"faces": {
				"north": {"uv": [1.5, 14, 1.65, 14.35], "texture": "#0"},
				"east": {"uv": [0.4625, 14.4, 0.8375, 14.75], "texture": "#0"},
				"west": {"uv": [0, 13, 0.375, 13.35], "texture": "#0"},
				"down": {"uv": [0, 13.3, 0.375, 13.15], "rotation": 90, "texture": "#0"}
			}
		},
		{
			"from": [7.951, 9.75162, 11.78333],
			"to": [8.051, 10.05162, 11.83333],
			"rotation": {"angle": 45, "axis": "x", "origin": [8.30581, 9.18355, 9.42858]},
			"faces": {
				"north": {"uv": [1.5, 14, 1.6, 14.3], "texture": "#0"},
				"east": {"uv": [0.4625, 14.4, 0.5125, 14.7], "texture": "#0"},
				"south": {"uv": [0.5, 13.3, 0.6, 13.6], "texture": "#0"},
				"west": {"uv": [0, 13, 0.05, 13.3], "texture": "#0"}
			}
		},
		{
			"from": [7.95, 7.88482, 10.98068],
			"to": [8.05, 7.93482, 11.53068],
			"rotation": {"angle": 0, "axis": "y", "origin": [8.30581, 10.28957, 10.66261]},
			"faces": {
				"east": {"uv": [0.4625, 14.4, 0.5125, 14.95], "rotation": 270, "texture": "#0"},
				"west": {"uv": [0, 13, 0.05, 13.55], "rotation": 90, "texture": "#0"},
				"up": {"uv": [1.5, 14, 1.6, 14.55], "rotation": 180, "texture": "#0"},
				"down": {"uv": [0.5, 13.3, 0.6, 13.85], "texture": "#0"}
			}
		},
		{
			"from": [7.951, 7.7943, 12.80176],
			"to": [8.051, 7.8443, 12.93534],
			"rotation": {"angle": 45, "axis": "x", "origin": [8.30581, 10.19905, 12.06727]},
			"faces": {
				"east": {"uv": [0.4625, 14.4, 0.5125, 14.53358], "rotation": 270, "texture": "#0"},
				"west": {"uv": [0, 13, 0.05, 13.13358], "rotation": 90, "texture": "#0"},
				"up": {"uv": [1.5, 14, 1.6, 14.13358], "rotation": 180, "texture": "#0"},
				"down": {"uv": [0.5, 13.3, 0.6, 13.43358], "texture": "#0"}
			}
		},
		{
			"from": [7.95, 7.97928, 10.88622],
			"to": [8.05, 8.41158, 10.93622],
			"rotation": {"angle": 0, "axis": "y", "origin": [8.30581, 8.94734, 13.29097]},
			"faces": {
				"north": {"uv": [0.5, 13.3, 0.6, 13.7323], "rotation": 180, "texture": "#0"},
				"east": {"uv": [0.4625, 14.4, 0.5125, 14.8323], "rotation": 180, "texture": "#0"},
				"south": {"uv": [1.5, 14, 1.6, 14.4323], "rotation": 180, "texture": "#0"},
				"west": {"uv": [0, 13, 0.05, 13.4323], "rotation": 180, "texture": "#0"}
			}
		},
		{
			"from": [7.95, 9.11243, 10.83622],
			"to": [8.05, 9.31158, 10.91654],
			"rotation": {"angle": -22.5, "axis": "x", "origin": [8.30581, 9.84734, 13.29097]},
			"faces": {
				"north": {"uv": [0.5, 13.3, 0.6, 13.49915], "rotation": 180, "texture": "#0"},
				"east": {"uv": [0.4625, 14.4, 0.54282, 14.59915], "rotation": 180, "texture": "#0"},
				"south": {"uv": [1.5, 14, 1.6, 14.19915], "rotation": 180, "texture": "#0"},
				"west": {"uv": [0, 13, 0.08032, 13.19915], "rotation": 180, "texture": "#0"}
			}
		},
		{
			"from": [7.951, 8.16698, 11.29982],
			"to": [8.051, 8.25972, 11.37657],
			"rotation": {"angle": 0, "axis": "y", "origin": [8.30581, 8.79548, 13.75457]},
			"faces": {
				"north": {"uv": [0.5, 13.3, 0.6, 13.39274], "rotation": 180, "texture": "#0"},
				"east": {"uv": [0.4625, 14.4, 0.53924, 14.49274], "rotation": 180, "texture": "#0"},
				"south": {"uv": [1.5, 14, 1.6, 14.09274], "rotation": 180, "texture": "#0"},
				"west": {"uv": [0, 13, 0.07674, 13.09274], "rotation": 180, "texture": "#0"}
			}
		},
		{
			"from": [7.95, 7.05321, 11.3029],
			"to": [8.05, 7.23039, 11.37561],
			"rotation": {"angle": 22.5, "axis": "x", "origin": [8.30581, 7.69628, 13.73035]},
			"faces": {
				"north": {"uv": [0.5, 13.3, 0.6, 13.47718], "rotation": 180, "texture": "#0"},
				"east": {"uv": [0.4625, 14.4, 0.53521, 14.57718], "rotation": 180, "texture": "#0"},
				"south": {"uv": [1.5, 14, 1.6, 14.17718], "rotation": 180, "texture": "#0"},
				"west": {"uv": [0, 13, 0.07271, 13.17718], "rotation": 180, "texture": "#0"},
				"down": {"uv": [0.07271, 14.45, 0, 14.35], "rotation": 90, "texture": "#0"}
			}
		},
		{
			"from": [7.9, 8.0616, 9.96174],
			"to": [8.1, 8.4116, 10.28674],
			"rotation": {"angle": 0, "axis": "y", "origin": [8.30581, 7.64354, 7.58199]},
			"faces": {
				"east": {"uv": [0.4625, 14.4, 0.7875, 14.75], "texture": "#0"},
				"south": {"uv": [0.5, 13.3, 0.7, 13.65], "texture": "#0"},
				"west": {"uv": [0, 13, 0.325, 13.35], "texture": "#0"},
				"down": {"uv": [0, 13.35, 0.325, 13.15], "rotation": 90, "texture": "#0"}
			}
		},
		{
			"from": [7.825, 7.66275, 8.67692],
			"to": [8.175, 8.58774, 9.97692],
			"rotation": {"angle": 0, "axis": "y", "origin": [8.31081, 7.71969, 7.34718]},
			"faces": {
				"north": {"uv": [6.55, 15.07501, 6.9, 16], "texture": "#0"},
				"east": {"uv": [5.1625, 15.07501, 6.4625, 16], "texture": "#0"},
				"south": {"uv": [6.55, 15.07501, 6.9, 16], "texture": "#0"},
				"west": {"uv": [5.1625, 15.07501, 6.4625, 16], "texture": "#0"},
				"down": {"uv": [5.55, 16, 6.85, 15.65], "rotation": 90, "texture": "#0"}
			}
		},
		{
			"from": [8, 9.37175, 8.30317],
			"to": [8.25, 9.43975, 9.84545],
			"rotation": {"angle": 0, "axis": "y", "origin": [8.30581, 7.84051, 8.86571]},
			"faces": {
				"east": {"uv": [2.6, 11.75, 4.14228, 11.818], "texture": "#0"},
				"up": {"uv": [4.09989, 11.5, 2.55761, 11.25], "rotation": 90, "texture": "#0"},
				"down": {"uv": [2.5, 13.75, 4.04228, 13.5], "rotation": 90, "texture": "#0"}
			}
		},
		{
			"from": [8.2125, 9.1125, 8.30317],
			"to": [8.2125, 9.28854, 9.84545],
			"rotation": {"angle": 22.5, "axis": "z", "origin": [8.18151, 9.20052, 9.11181]},
			"faces": {
				"east": {"uv": [5.15, 14.2, 6.69228, 14.37604], "texture": "#0"}
			}
		},
		{
			"from": [8.26541, 8.98488, 8.12695],
			"to": [8.26541, 9.16091, 9.84545],
			"rotation": {"angle": -22.5, "axis": "z", "origin": [8.18151, 9.20063, 8.93559]},
			"faces": {
				"east": {"uv": [5.15, 14.2, 6.8685, 14.37604], "texture": "#0"}
			}
		},
		{
			"from": [7.89041, 8.9893, 8.10195],
			"to": [8.09041, 9.06533, 8.29545],
			"rotation": {"angle": -22.5, "axis": "y", "origin": [8.00651, 9.20063, 8.71059]},
			"faces": {
				"north": {"uv": [5.2, 14.2, 5.27603, 14.4], "rotation": 90, "texture": "#0"},
				"east": {"uv": [5.15, 14.2, 5.3435, 14.27603], "texture": "#0"},
				"south": {"uv": [5.2, 14.2, 5.27603, 14.4], "rotation": 90, "texture": "#0"},
				"up": {"uv": [5.15, 14.2, 5.3435, 14.4], "rotation": 90, "texture": "#0"},
				"down": {"uv": [5.15, 14.2, 5.3435, 14.4], "rotation": 90, "texture": "#0"}
			}
		},
		{
			"from": [8.26694, 8.9893, 8.18039],
			"to": [8.51694, 9.06533, 8.24889],
			"rotation": {"angle": 0, "axis": "y", "origin": [8.43304, 9.20505, 8.78903]},
			"faces": {
				"north": {"uv": [5.2, 14.2, 5.45, 14.27603], "texture": "#0"},
				"east": {"uv": [5.15, 14.2, 5.2185, 14.27603], "texture": "#0"},
				"south": {"uv": [5.2, 14.2, 5.45, 14.27603], "texture": "#0"},
				"up": {"uv": [5.15, 14.2, 5.4, 14.2685], "texture": "#0"},
				"down": {"uv": [5.15, 14.2, 5.4, 14.2685], "texture": "#0"}
			}
		},
		{
			"from": [7.96575, 9.28442, 8.30317],
			"to": [8.14179, 9.28442, 9.84545],
			"rotation": {"angle": -22.5, "axis": "z", "origin": [8.18151, 9.20052, 9.11181]},
			"faces": {
				"up": {"uv": [5.15, 14.2, 6.69228, 14.37604], "rotation": 270, "texture": "#0"}
			}
		},
		{
			"from": [7.75, 8.98925, 8.12817],
			"to": [8, 9.43975, 9.84545],
			"rotation": {"angle": 0, "axis": "y", "origin": [8.25056, 7.77251, 8.86571]},
			"faces": {
				"east": {"uv": [0.8, 13.4, 2.51728, 13.8505], "texture": "#0"},
				"west": {"uv": [2.6, 10.7995, 4.31728, 11.25], "rotation": 180, "texture": "#0"},
				"up": {"uv": [4.27489, 11.25, 2.55761, 11], "rotation": 90, "texture": "#0"}
			}
		},
		{
			"from": [8, 9.08863, 8.12817],
			"to": [8.25, 9.43975, 8.30317],
			"rotation": {"angle": 0, "axis": "y", "origin": [8.30581, 7.77251, 8.87218]},
			"faces": {
				"east": {"uv": [4.1375, 11.75, 4.3125, 12.10112], "texture": "#0"},
				"up": {"uv": [4.275, 11.5, 4.1, 11.25], "rotation": 90, "texture": "#0"},
				"down": {"uv": [0.5, 13.3, 0.75, 13.475], "texture": "#0"}
			}
		},
		{
			"from": [7.998, 8.64737, 8.63225],
			"to": [8.248, 8.91237, 8.90225],
			"rotation": {"angle": -22.5, "axis": "x", "origin": [8.16081, 8.04082, 7.35853]},
			"faces": {
				"east": {"uv": [3.65, 11.825, 3.92, 12.09], "texture": "#0"},
				"up": {"uv": [3.05, 14.225, 3.3, 14.495], "rotation": 180, "texture": "#0"},
				"down": {"uv": [1.5, 13, 1.75, 13.27], "texture": "#0"}
			}
		},
		{
			"from": [7.999, 8.49408, 9.35913],
			"to": [8.249, 8.58208, 9.61913],
			"rotation": {"angle": -45, "axis": "x", "origin": [8.16081, 7.86947, 8.11347]},
			"faces": {
				"east": {"uv": [3.15, 12.325, 3.238, 12.585], "rotation": 270, "texture": "#0"},
				"up": {"uv": [3.05, 14.225, 3.3, 14.485], "rotation": 180, "texture": "#0"},
				"down": {"uv": [1.5, 13, 1.75, 13.26], "texture": "#0"}
			}
		},
		{
			"from": [7.997, 9.28, 8.46327],
			"to": [8.247, 9.395, 8.63327],
			"rotation": {"angle": 0, "axis": "y", "origin": [8.16081, 8.66552, 7.14653]},
			"faces": {
				"north": {"uv": [0.5, 13.3, 0.75, 13.415], "rotation": 180, "texture": "#0"},
				"east": {"uv": [3.15, 11.325, 3.265, 11.495], "rotation": 270, "texture": "#0"},
				"south": {"uv": [4.265, 13.525, 4.15, 13.275], "rotation": 90, "texture": "#0"},
				"west": {"uv": [4.1625, 13.645, 4.2775, 13.815], "rotation": 270, "texture": "#0"},
				"up": {"uv": [3.05, 14.225, 3.3, 14.395], "rotation": 180, "texture": "#0"},
				"down": {"uv": [1.5, 13, 1.75, 13.17], "texture": "#0"}
			}
		},
		{
			"from": [7.75, 8.98925, 9.84545],
			"to": [8.25, 9.43975, 12.3917],
			"rotation": {"angle": 0, "axis": "y", "origin": [8.30581, 7.77251, 8.86571]},
			"faces": {
				"north": {"uv": [1.55, 13.4, 2.05, 13.8505], "texture": "#0"},
				"east": {"uv": [0.055, 11.75, 2.60125, 12.2005], "texture": "#0"},
				"west": {"uv": [0.055, 10.7995, 2.60125, 11.25], "rotation": 180, "texture": "#0"},
				"up": {"uv": [0.055, 11.5125, 2.60125, 11.0125], "rotation": 90, "texture": "#0"}
			}
		},
		{
			"from": [7.751, 7.92029, 11.87937],
			"to": [8.249, 8.72905, 12.15325],
			"rotation": {"angle": -22.5, "axis": "x", "origin": [8.30581, 9.6838, 10.48601]},
			"faces": {
				"east": {"uv": [3.425, 11.77, 3.69887, 12.57876], "texture": "#0"},
				"south": {"uv": [4.5, 12.58376, 4, 11.775], "rotation": 180, "texture": "#0"},
				"west": {"uv": [3.425, 11.77, 3.69887, 12.57876], "texture": "#0"},
				"up": {"uv": [1.55, 13.4, 2.05, 13.67387], "rotation": 180, "texture": "#0"},
				"down": {"uv": [0.5, 13.3, 1, 13.57387], "texture": "#0"}
			}
		},
		{
			"from": [7.94821, 8.92057, -0.3156],
			"to": [8.05181, 9.17057, 3.8844],
			"rotation": {"angle": -22.5, "axis": "z", "origin": [8, 9.04554, 0.68532]},
			"faces": {
				"north": {"uv": [0, 0, 0.1036, 0.25], "texture": "#0"},
				"up": {"uv": [4.4, 15.3, 0.2, 15.4036], "rotation": 90, "texture": "#0"},
				"down": {"uv": [0.2, 14.3, 4.4, 14.4036], "rotation": 90, "texture": "#0"}
			}
		},
		{
			"from": [7.9586, 9.22057, 2.8344],
			"to": [8.0414, 9.42057, 3.8844],
			"rotation": {"angle": 0, "axis": "y", "origin": [7.98963, 9.32057, 1.7844]},
			"faces": {
				"up": {"uv": [1.65, 15.25, 2.7, 15.3328], "rotation": 90, "texture": "#0"},
				"down": {"uv": [0.5, 13.3, 0.5828, 14.35], "texture": "#0"}
			}
		},
		{
			"from": [7.9586, 9.75696, 3.09194],
			"to": [8.0414, 10.17161, 3.33159],
			"rotation": {"angle": 45, "axis": "x", "origin": [7.98963, 10.10697, 2.05659]},
			"faces": {
				"north": {"uv": [2, 15.58536, 2.0828, 16], "texture": "#0"},
				"east": {"uv": [0.5, 13.3, 0.73964, 13.71464], "texture": "#0"},
				"south": {"uv": [0.5, 13.3, 0.5828, 13.71464], "texture": "#0"},
				"west": {"uv": [0.5, 13.3, 0.73964, 13.71464], "texture": "#0"}
			}
		},
		{
			"from": [7.95, 9.15696, 0.95659],
			"to": [8.05, 9.38196, 1.05659],
			"rotation": {"angle": 0, "axis": "y", "origin": [7.995, 9.38196, 1.06909]},
			"faces": {
				"north": {"uv": [0.5, 13.3, 0.6, 13.525], "texture": "#0"},
				"east": {"uv": [0.5, 13.3, 0.6, 13.525], "texture": "#0"},
				"south": {"uv": [0.5, 13.3, 0.6, 13.525], "texture": "#0"},
				"west": {"uv": [0.5, 13.3, 0.6, 13.525], "texture": "#0"}
			}
		},
		{
			"from": [7.95, 9.13674, 1.13064],
			"to": [8.05, 9.51174, 1.23064],
			"rotation": {"angle": -22.5, "axis": "x", "origin": [8.045, 9.51174, 1.24314]},
			"faces": {
				"north": {"uv": [0.5, 13.3, 0.6, 13.675], "texture": "#0"},
				"east": {"uv": [0.5, 13.3, 0.6, 13.675], "texture": "#0"},
				"south": {"uv": [0.5, 13.3, 0.6, 13.675], "texture": "#0"},
				"west": {"uv": [0.5, 13.3, 0.6, 13.675], "texture": "#0"}
			}
		},
		{
			"from": [7.9, 9.38196, 0.95659],
			"to": [8.1, 9.50696, 1.28159],
			"rotation": {"angle": 0, "axis": "y", "origin": [7.995, 9.65696, 1.06909]},
			"faces": {
				"north": {"uv": [0.5, 13.3, 0.7, 13.425], "texture": "#0"},
				"east": {"uv": [0.5, 13.3, 0.825, 13.425], "texture": "#0"},
				"south": {"uv": [0.5, 13.3, 0.7, 13.425], "texture": "#0"},
				"west": {"uv": [0.5, 13.3, 0.825, 13.425], "texture": "#0"},
				"up": {"uv": [0.5, 13.3, 0.7, 13.625], "texture": "#0"},
				"down": {"uv": [0.5, 13.3, 0.7, 13.625], "texture": "#0"}
			}
		},
		{
			"from": [7.9336, 9.50696, 0.95659],
			"to": [8.0664, 9.55696, 1.28159],
			"rotation": {"angle": 0, "axis": "y", "origin": [8.045, 9.78196, 1.06909]},
			"faces": {
				"north": {"uv": [0.5, 13.3, 0.6328, 13.35], "texture": "#0"},
				"east": {"uv": [0.5, 13.3, 0.825, 13.35], "texture": "#0"},
				"south": {"uv": [0.5, 13.3, 0.6328, 13.35], "texture": "#0"},
				"west": {"uv": [0.5, 13.3, 0.825, 13.35], "texture": "#0"},
				"up": {"uv": [0.5, 13.3, 0.6328, 13.625], "texture": "#0"}
			}
		},
		{
			"from": [7.87819, 9.56334, 0.9576],
			"to": [7.90319, 9.64614, 1.2826],
			"rotation": {"angle": 45, "axis": "z", "origin": [7.95628, 9.64472, 1.09409]},
			"faces": {
				"north": {"uv": [0.5, 13.3, 0.5828, 13.325], "rotation": 270, "texture": "#0"},
				"east": {"uv": [0.5, 13.3, 0.5828, 13.625], "rotation": 90, "texture": "#0"},
				"south": {"uv": [0.5, 13.3, 0.5828, 13.325], "rotation": 90, "texture": "#0"},
				"west": {"uv": [0.5, 13.3, 0.5828, 13.625], "rotation": 90, "texture": "#0"}
			}
		},
		{
			"from": [7.90005, 9.59051, 0.95659],
			"to": [7.92505, 9.67331, 1.28159],
			"rotation": {"angle": 0, "axis": "y", "origin": [7.95628, 9.64472, 1.09409]},
			"faces": {
				"north": {"uv": [0.5, 13.3, 0.5828, 13.325], "rotation": 270, "texture": "#0"},
				"east": {"uv": [0.5, 13.3, 0.5828, 13.625], "rotation": 90, "texture": "#0"},
				"south": {"uv": [0.5, 13.3, 0.5828, 13.325], "rotation": 90, "texture": "#0"},
				"west": {"uv": [0.5, 13.3, 0.5828, 13.625], "rotation": 90, "texture": "#0"},
				"up": {"uv": [0.5, 13.3, 0.825, 13.325], "rotation": 90, "texture": "#0"},
				"down": {"uv": [0.5, 13.3, 0.825, 13.325], "rotation": 90, "texture": "#0"}
			}
		},
		{
			"from": [7.93674, 9.67969, 0.9576],
			"to": [8.01954, 9.70469, 1.2826],
			"rotation": {"angle": 45, "axis": "z", "origin": [7.95628, 9.64472, 1.09409]},
			"faces": {
				"north": {"uv": [0.5, 13.3, 0.5828, 13.325], "rotation": 180, "texture": "#0"},
				"south": {"uv": [0.5, 13.3, 0.5828, 13.325], "rotation": 180, "texture": "#0"},
				"up": {"uv": [0.5, 13.3, 0.5828, 13.625], "rotation": 180, "texture": "#0"},
				"down": {"uv": [0.5, 13.3, 0.5828, 13.625], "rotation": 180, "texture": "#0"}
			}
		},
		{
			"from": [7.9586, 9.70686, 0.95659],
			"to": [8.0414, 9.73186, 1.28159],
			"rotation": {"angle": 0, "axis": "y", "origin": [7.95628, 9.64472, 1.09409]},
			"faces": {
				"north": {"uv": [0.5, 13.3, 0.5828, 13.325], "rotation": 180, "texture": "#0"},
				"south": {"uv": [0.5, 13.3, 0.5828, 13.325], "rotation": 180, "texture": "#0"},
				"up": {"uv": [0.5, 13.3, 0.5828, 13.625], "rotation": 180, "texture": "#0"},
				"down": {"uv": [0.5, 13.3, 0.5828, 13.625], "rotation": 180, "texture": "#0"}
			}
		},
		{
			"from": [7.9836, 9.557, 1.08159],
			"to": [8.0164, 9.632, 1.13159],
			"rotation": {"angle": 0, "axis": "y", "origin": [7.95628, 9.49472, 1.06909]},
			"faces": {
				"north": {"uv": [0.5, 13.3, 0.5328, 13.375], "rotation": 180, "texture": "#0"},
				"east": {"uv": [0.5, 13.3, 0.55, 13.375], "rotation": 180, "texture": "#0"},
				"south": {"uv": [0.5, 13.3, 0.5328, 13.375], "rotation": 180, "texture": "#0"},
				"west": {"uv": [0.5, 13.3, 0.55, 13.375], "rotation": 180, "texture": "#0"},
				"up": {"uv": [0.5, 13.3, 0.5328, 13.35], "rotation": 180, "texture": "#0"}
			}
		},
		{
			"from": [8.07495, 9.59051, 0.95659],
			"to": [8.09995, 9.67331, 1.28159],
			"rotation": {"angle": 0, "axis": "y", "origin": [7.82495, 9.67691, 1.06909]},
			"faces": {
				"north": {"uv": [0.5, 13.3, 0.5828, 13.325], "rotation": 90, "texture": "#0"},
				"east": {"uv": [0.5, 13.3, 0.5828, 13.625], "rotation": 270, "texture": "#0"},
				"south": {"uv": [0.5, 13.3, 0.5828, 13.325], "rotation": 270, "texture": "#0"},
				"west": {"uv": [0.5, 13.3, 0.5828, 13.625], "rotation": 270, "texture": "#0"},
				"up": {"uv": [0.5, 13.3, 0.825, 13.325], "rotation": 270, "texture": "#0"},
				"down": {"uv": [0.5, 13.3, 0.825, 13.325], "rotation": 270, "texture": "#0"}
			}
		},
		{
			"from": [7.82164, 9.51251, 0.9576],
			"to": [7.90444, 9.53751, 1.2826],
			"rotation": {"angle": 45, "axis": "z", "origin": [7.90804, 9.78751, 1.06909]},
			"faces": {
				"north": {"uv": [0.5, 13.3, 0.5828, 13.325], "texture": "#0"},
				"south": {"uv": [0.5, 13.3, 0.5828, 13.325], "texture": "#0"},
				"up": {"uv": [0.5, 13.3, 0.5828, 13.625], "texture": "#0"},
				"down": {"uv": [0.5, 13.3, 0.5828, 13.625], "texture": "#0"}
			}
		},
		{
			"from": [8.0944, 9.45355, 0.9576],
			"to": [8.1194, 9.53635, 1.2826],
			"rotation": {"angle": 45, "axis": "z", "origin": [7.8444, 9.53995, 1.06909]},
			"faces": {
				"north": {"uv": [0.5, 13.3, 0.5828, 13.325], "rotation": 90, "texture": "#0"},
				"east": {"uv": [0.5, 13.3, 0.5828, 13.625], "rotation": 270, "texture": "#0"},
				"south": {"uv": [0.5, 13.3, 0.5828, 13.325], "rotation": 270, "texture": "#0"},
				"west": {"uv": [0.5, 13.3, 0.5828, 13.625], "rotation": 270, "texture": "#0"}
			}
		},
		{
			"from": [7.95856, 9.22054, 2.8354],
			"to": [8.04136, 9.42054, 3.8854],
			"rotation": {"angle": 45, "axis": "z", "origin": [7.99995, 9.32054, 1.7844]},
			"faces": {
				"north": {"uv": [0.5, 13.3, 0.5828, 13.5], "texture": "#0"},
				"up": {"uv": [1.65, 15.25, 2.7, 15.3328], "rotation": 90, "texture": "#0"},
				"down": {"uv": [0.5, 13.3, 0.5828, 14.35], "texture": "#0"}
			}
		},
		{
			"from": [7.89995, 9.27916, 2.8364],
			"to": [8.09995, 9.36196, 3.8864],
			"rotation": {"angle": 0, "axis": "y", "origin": [7.99995, 9.32054, 1.7844]},
			"faces": {
				"north": {"uv": [0.5, 13.3, 0.5828, 13.5], "rotation": 90, "texture": "#0"},
				"east": {"uv": [0.5, 13.3, 0.5828, 14.35], "rotation": 270, "texture": "#0"},
				"west": {"uv": [0.5, 13.3, 0.5828, 14.35], "rotation": 270, "texture": "#0"}
			}
		},
		{
			"from": [7.89995, 9.27916, 2.8374],
			"to": [8.09995, 9.36196, 3.8874],
			"rotation": {"angle": 45, "axis": "z", "origin": [7.99995, 9.32054, 1.7844]},
			"faces": {
				"north": {"uv": [0.5, 13.3, 0.5828, 13.5], "rotation": 90, "texture": "#0"},
				"east": {"uv": [1.5, 15.2, 2.55, 15.2828], "texture": "#0"},
				"west": {"uv": [0.5, 13.3, 0.5828, 14.35], "rotation": 270, "texture": "#0"}
			}
		},
		{
			"from": [7.87495, 8.99371, -0.3176],
			"to": [8.12495, 9.09731, 3.8824],
			"rotation": {"angle": -22.5, "axis": "z", "origin": [8, 9.04554, 0.68532]},
			"faces": {
				"north": {"uv": [0, 0, 0.1036, 0.25], "rotation": 270, "texture": "#0"},
				"east": {"uv": [0.2, 13.3, 4.4, 13.4036], "texture": "#0"},
				"west": {"uv": [4.4, 15.8, 0.2, 15.9036], "texture": "#0"}
			}
		},
		{
			"from": [7.87504, 8.99371, -0.3186],
			"to": [8.12504, 9.09731, 3.8814],
			"rotation": {"angle": 22.5, "axis": "z", "origin": [8, 9.04554, 0.68532]},
			"faces": {
				"north": {"uv": [0, 0, 0.1036, 0.25], "rotation": 270, "texture": "#0"},
				"east": {"uv": [0.2, 15.8, 4.4, 15.9036], "texture": "#0"},
				"west": {"uv": [0.2, 13.8, 4.4, 13.9036], "texture": "#0"}
			}
		},
		{
			"from": [7.94819, 8.92057, -0.3166],
			"to": [8.05179, 9.17057, 3.8834],
			"rotation": {"angle": 22.5, "axis": "z", "origin": [8, 9.04554, 0.68532]},
			"faces": {
				"north": {"uv": [0, 0, 0.1036, 0.25], "texture": "#0"},
				"up": {"uv": [4.4, 15.3, 0.2, 15.4036], "rotation": 90, "texture": "#0"},
				"down": {"uv": [0.2, 14.3, 4.4, 14.4036], "rotation": 90, "texture": "#0"}
			}
		}
	],
	"display": {
		"thirdperson_righthand": {
			"rotation": [11.7, 8.75, 14.6],
			"translation": [-1, -0.25, -3]
		},
		"thirdperson_lefthand": {
			"rotation": [11.7, 8.75, 14.6],
			"translation": [-1, -0.25, -3]
		},
		"firstperson_righthand": {
			"rotation": [-20, 68.1, 37.34],
			"translation": [-9.5, 4.25, 6]
		},
		"firstperson_lefthand": {
			"rotation": [-20, 68.1, 37.34],
			"translation": [-9.5, 4.25, 6]
		},
		"ground": {
			"rotation": [0, 0, 90],
			"translation": [1, -2, 0]
		},
		"gui": {
			"rotation": [129.78, -66.24, 108.8],
			"translation": [0.25, -1.25, 0]
		}
	}
}