{
	"credit": "Made with Blockbench",
	"textures": {
		"0": "f_model/axe",
		"particle": "f_model/axe"
	},
	"elements": [
		{
			"from": [7.7, 7.3, 4.15],
			"to": [8.3, 8.7, 5.2],
			"rotation": {"angle": 0, "axis": "y", "origin": [7, 7, 7]},
			"faces": {
				"north": {"uv": [10.5, 5, 11.1, 6.4], "texture": "#0"},
				"east": {"uv": [7.5, 9, 8.55, 10.4], "texture": "#0"},
				"south": {"uv": [4.5, 8.5, 5.1, 9.9], "texture": "#0"},
				"west": {"uv": [8.5, 9, 9.55, 10.4], "texture": "#0"},
				"up": {"uv": [10.1, 14.55, 9.5, 13.5], "texture": "#0"},
				"down": {"uv": [11.1, 9, 10.5, 10.05], "texture": "#0"}
			}
		},
		{
			"from": [7.8, 7.3, 5.2],
			"to": [8.2, 7.475, 5.65],
			"rotation": {"angle": 0, "axis": "y", "origin": [7, 7, 8.05]},
			"faces": {
				"east": {"uv": [9, 9.5, 9.45, 9.675], "texture": "#0"},
				"south": {"uv": [5.5, 9.5, 5.9, 9.675], "texture": "#0"},
				"west": {"uv": [10, 9.5, 10.45, 9.675], "texture": "#0"},
				"down": {"uv": [8.4, 8, 8, 8.45], "texture": "#0"}
			}
		},
		{
			"from": [7.899, 5.3, 4.15],
			"to": [8.101, 7.3, 5.2],
			"rotation": {"angle": 0, "axis": "y", "origin": [7, 5.6, 7]},
			"faces": {
				"east": {"uv": [13.9625, 13.15, 15.0125, 15.15], "texture": "#0"},
				"west": {"uv": [13.4625, 13.15, 14.5125, 15.15], "texture": "#0"},
				"down": {"uv": [14.75, 15.11498, 13.7, 15.31698], "rotation": 90, "texture": "#0"}
			}
		},
		{
			"from": [7.9, 6.27048, 4.94818],
			"to": [8.1, 8.14323, 5.71355],
			"rotation": {"angle": -22.5, "axis": "x", "origin": [7, 6.41823, 7.51355]},
			"faces": {
				"east": {"uv": [14.7, 13.27724, 15.46537, 15.15], "texture": "#0"},
				"south": {"uv": [14.15, 13.27138, 14.35, 15.14413], "texture": "#0"},
				"west": {"uv": [12.05, 13.27724, 12.81537, 15.15], "texture": "#0"},
				"down": {"uv": [13.5, 15.41498, 14.26537, 15.21498], "rotation": 90, "texture": "#0"}
			}
		},
		{
			"from": [7.9, 4.51003, 3.18302],
			"to": [8.1, 6.38865, 3.94458],
			"rotation": {"angle": 22.5, "axis": "x", "origin": [7, 4.38865, 6.03302]},
			"faces": {
				"north": {"uv": [14.15, 13.27138, 14.35, 15.15], "texture": "#0"},
				"east": {"uv": [12.95, 13.27138, 13.71156, 15.15], "texture": "#0"},
				"west": {"uv": [13.95, 13.27138, 14.71156, 15.15], "texture": "#0"},
				"down": {"uv": [13.76156, 15.21498, 13, 15.41498], "rotation": 90, "texture": "#0"}
			}
		},
		{
			"from": [7.749, 7.7, 4],
			"to": [8.251, 8.35, 9],
			"rotation": {"angle": 0, "axis": "y", "origin": [7, 7, 7]},
			"faces": {
				"north": {"uv": [1, 14.225, 1.502, 14.875], "texture": "#0"},
				"east": {"uv": [0.5, 14.225, 5.5, 14.875], "texture": "#0"},
				"west": {"uv": [0.5, 14.725, 5.5, 15.375], "texture": "#0"},
				"up": {"uv": [5.5, 14.727, 0.5, 14.225], "rotation": 90, "texture": "#0"},
				"down": {"uv": [0.5, 15.227, 5.5, 14.725], "rotation": 90, "texture": "#0"}
			}
		},
		{
			"from": [7.749, 7.6, 11],
			"to": [8.251, 8.35, 12],
			"rotation": {"angle": 0, "axis": "y", "origin": [7, 7, 7]},
			"faces": {
				"east": {"uv": [2, 14.725, 3, 15.475], "texture": "#0"},
				"south": {"uv": [2.5, 14.225, 3.002, 14.975], "texture": "#0"},
				"west": {"uv": [3, 14.725, 4, 15.475], "texture": "#0"},
				"up": {"uv": [1.502, 15.225, 1, 14.225], "texture": "#0"},
				"down": {"uv": [4.502, 14.225, 4, 15.225], "texture": "#0"}
			}
		},
		{
			"from": [7.7501, 7.775, 9],
			"to": [8.2481, 8.45, 11],
			"rotation": {"angle": 0, "axis": "y", "origin": [7, 7, 7]},
			"faces": {
				"east": {"uv": [2.5, 14.225, 4.5, 14.9], "texture": "#0"},
				"west": {"uv": [2.5, 14.725, 4.5, 15.4], "texture": "#0"},
				"up": {"uv": [4, 15.223, 2, 14.725], "rotation": 90, "texture": "#0"},
				"down": {"uv": [4.5, 14.725, 2.5, 15.223], "rotation": 90, "texture": "#0"}
			}
		},
		{
			"from": [7.7501, 7.475, 5.2],
			"to": [8.2481, 8.6, 6.45],
			"rotation": {"angle": 0, "axis": "y", "origin": [7, 7, 7]},
			"faces": {
				"east": {"uv": [3.5, 14.225, 4.75, 15.35], "texture": "#0"},
				"west": {"uv": [2.5, 14.225, 3.75, 15.35], "texture": "#0"},
				"up": {"uv": [1.998, 15.475, 1.5, 14.225], "texture": "#0"},
				"down": {"uv": [4.498, 14.225, 4, 15.475], "texture": "#0"}
			}
		},
		{
			"from": [7.75, 7.78296, 5.70069],
			"to": [8.25, 8.03296, 6.37569],
			"rotation": {"angle": 22.5, "axis": "x", "origin": [7, 6.43296, 7.50069]},
			"faces": {
				"east": {"uv": [4, 14.225, 4.675, 14.475], "texture": "#0"},
				"west": {"uv": [4, 15.225, 4.675, 15.475], "texture": "#0"},
				"up": {"uv": [5.5, 14.9, 5, 14.225], "texture": "#0"},
				"down": {"uv": [1.5, 14.725, 1, 15.4], "texture": "#0"}
			}
		},
		{
			"from": [7.75, 8.19398, 8.92271],
			"to": [8.25, 8.31898, 9.19771],
			"rotation": {"angle": -22.5, "axis": "x", "origin": [8, 7.8875, 8.76951]},
			"faces": {
				"east": {"uv": [5, 14.725, 5.275, 14.85], "texture": "#0"},
				"west": {"uv": [4, 15.225, 4.275, 15.35], "texture": "#0"},
				"up": {"uv": [4.5, 14.5, 4, 14.225], "texture": "#0"}
			}
		},
		{
			"from": [7.75, 7.54925, 10.66156],
			"to": [8.25, 7.77425, 11.16156],
			"rotation": {"angle": 22.5, "axis": "x", "origin": [8, 7.98073, 11.20835]},
			"faces": {
				"east": {"uv": [3, 14.725, 3.5, 14.95], "texture": "#0"},
				"west": {"uv": [2, 14.725, 2.5, 14.95], "texture": "#0"},
				"down": {"uv": [4, 14.225, 3.5, 14.725], "texture": "#0"}
			}
		},
		{
			"from": [7.75, 8.41647, 10.84654],
			"to": [8.25, 8.54147, 11.12154],
			"rotation": {"angle": 22.5, "axis": "x", "origin": [8, 8.10999, 10.69334]},
			"faces": {
				"east": {"uv": [2, 14.725, 2.275, 14.85], "texture": "#0"},
				"west": {"uv": [3, 14.225, 3.275, 14.35], "texture": "#0"},
				"up": {"uv": [3.5, 15, 3, 14.725], "texture": "#0"},
				"down": {"uv": [1.5, 14.725, 1, 15], "texture": "#0"}
			}
		},
		{
			"from": [7.75, 7.7616, 8.81609],
			"to": [8.25, 7.8866, 9.01609],
			"rotation": {"angle": -22.5, "axis": "x", "origin": [8, 8.19308, 9.06289]},
			"faces": {
				"east": {"uv": [4.5, 14.725, 4.7, 14.85], "texture": "#0"},
				"west": {"uv": [5, 14.725, 5.2, 14.85], "texture": "#0"},
				"up": {"uv": [2.5, 14.925, 2, 14.725], "texture": "#0"},
				"down": {"uv": [3.5, 15.225, 3, 15.425], "texture": "#0"}
			}
		},
		{
			"from": [7.75, 8.25327, 6.76264],
			"to": [8.25, 8.50327, 7.43764],
			"rotation": {"angle": -22.5, "axis": "x", "origin": [7, 7.07827, 8.56264]},
			"faces": {
				"east": {"uv": [3, 14.225, 3.675, 14.475], "texture": "#0"},
				"west": {"uv": [4, 14.725, 4.675, 14.975], "texture": "#0"},
				"up": {"uv": [4.5, 14.9, 4, 14.225], "texture": "#0"},
				"down": {"uv": [3.5, 14.225, 3, 14.9], "texture": "#0"}
			}
		}
	],
	"display": {
		"thirdperson_righthand": {
			"rotation": [98.7, -5, -25.64],
			"translation": [-0.5, 2.25, 1.25]
		},
		"thirdperson_lefthand": {
			"rotation": [98.7, -5, -25.64],
			"translation": [-0.5, 2.25, 1.25]
		},
		"firstperson_righthand": {
			"rotation": [97.82, -9.71, -13.54],
			"translation": [-4.75, 4.5, 5.5]
		},
		"firstperson_lefthand": {
			"rotation": [97.82, -9.71, -13.54],
			"translation": [-4.75, 4.5, 5.5]
		},
		"ground": {
			"rotation": [0, 0, 90]
		},
		"gui": {
			"rotation": [57.45, -36.35, 96],
			"translation": [-1.75, 0, 0],
			"scale": [2, 2, 2]
		}
	}
}