{
	"credit": "Made with Blockbench",
	"textures": {
		"0": "f_model/kitchen_knife",
		"particle": "f_model/kitchen_knife"
	},
	"elements": [
		{
			"from": [7.875, 8.14148, 9.95],
			"to": [8.125, 8.2, 10.07074],
			"rotation": {"angle": 0, "axis": "y", "origin": [7, -1.00178, -0.85]},
			"faces": {
				"east": {"uv": [1, 15.3845, 1.12074, 15.44302], "texture": "#0"},
				"south": {"uv": [0, 15.6845, 0.25, 15.74302], "texture": "#0"},
				"west": {"uv": [1, 15.3845, 1.12074, 15.44302], "texture": "#0"},
				"up": {"uv": [1.25, 15.80524, 1, 15.6845], "texture": "#0"}
			}
		},
		{
			"from": [7.875, 7.85, 8.3],
			"to": [8.125, 8.2, 9.95],
			"rotation": {"angle": 0, "axis": "y", "origin": [7, -1, -1.1]},
			"faces": {
				"north": {"uv": [2.5, 14.65, 2.75, 15], "texture": "#0"},
				"east": {"uv": [0, 14.65, 1.65, 15], "texture": "#0"},
				"south": {"uv": [1, 15.1845, 1.25, 15.5345], "texture": "#0"},
				"west": {"uv": [0, 15.65, 1.65, 16], "rotation": 180, "texture": "#0"},
				"up": {"uv": [1.65, 14.6, 0, 14.35], "rotation": 90, "texture": "#0"},
				"down": {"uv": [0, 14.6, 1.65, 14.35], "rotation": 90, "texture": "#0"}
			}
		},
		{
			"from": [7.876, 5.21705, 5.53292],
			"to": [8.126, 5.53255, 5.67911],
			"rotation": {"angle": 22.5, "axis": "x", "origin": [7, -4.20208, 14.43292]},
			"faces": {
				"east": {"uv": [1, 14.6845, 1.14619, 15], "texture": "#0"},
				"south": {"uv": [1, 15.6845, 1.25, 16], "texture": "#0"},
				"west": {"uv": [1, 14.1845, 1.14619, 14.5], "texture": "#0"}
			}
		},
		{
			"from": [7.984, 7.7, 6.05],
			"to": [8.016, 7.875, 8.2],
			"rotation": {"angle": 0, "axis": "y", "origin": [7, -0.95, -2.8]},
			"faces": {
				"east": {"uv": [13.85, 15.375, 16, 15.55], "texture": "#0"},
				"west": {"uv": [16, 15.375, 13.85, 15.55], "texture": "#0"},
				"down": {"uv": [0.032, 4, 0, 6.15], "texture": "#0"}
			}
		},
		{
			"from": [7.985, 7.70576, 8.07104],
			"to": [8.015, 7.93076, 8.22104],
			"rotation": {"angle": 22.5, "axis": "x", "origin": [7.984, 7.75576, 8.19604]},
			"faces": {
				"east": {"uv": [13, 15.321, 13.15, 15.546], "texture": "#0"},
				"south": {"uv": [5, 2, 5.03, 2.225], "texture": "#0"},
				"west": {"uv": [13, 15.321, 13.15, 15.546], "texture": "#0"}
			}
		},
		{
			"from": [7.984, 7.875, 6.6],
			"to": [8.016, 8.2, 8.3],
			"rotation": {"angle": 0, "axis": "y", "origin": [7, -0.85, -2.7]},
			"faces": {
				"east": {"uv": [13.75, 15.05, 15.45, 15.375], "texture": "#0"},
				"west": {"uv": [13.75, 15.05, 15.45, 15.375], "rotation": 180, "texture": "#0"},
				"up": {"uv": [1.032, 4.7, 1, 3], "texture": "#0"},
				"down": {"uv": [0, 0, 0.032, 1.7], "texture": "#0"}
			}
		},
		{
			"from": [7.986, 7.54349, 6.16432],
			"to": [8.014, 7.84349, 6.28932],
			"rotation": {"angle": -45, "axis": "x", "origin": [7.984, 7.74349, 6.01432]},
			"faces": {
				"east": {"uv": [6, 4, 6.125, 4.3], "texture": "#0"},
				"west": {"uv": [5, 6, 5.125, 6.3], "texture": "#0"},
				"up": {"uv": [6.028, 5.125, 6, 5], "texture": "#0"},
				"down": {"uv": [6.028, 6, 6, 6.125], "texture": "#0"}
			}
		},
		{
			"from": [7.985, 7.70717, 5.89855],
			"to": [8.015, 7.91055, 5.98315],
			"rotation": {"angle": 22.5, "axis": "x", "origin": [7.984, 7.53555, 5.99855]},
			"faces": {
				"north": {"uv": [6, 2, 6.029, 2.20338], "texture": "#0"},
				"east": {"uv": [12.845, 15.7091, 13.04838, 15.7937], "rotation": 90, "texture": "#0"},
				"west": {"uv": [12.845, 15.70912, 13.04838, 15.79372], "rotation": 90, "texture": "#0"},
				"down": {"uv": [4.029, 6, 4, 6.0846], "texture": "#0"}
			}
		},
		{
			"from": [7.985, 7.78694, 6.1573],
			"to": [8.015, 8.11194, 6.6573],
			"rotation": {"angle": -22.5, "axis": "x", "origin": [7.984, 8.01194, 6.4073]},
			"faces": {
				"east": {"uv": [11.5, 4, 12, 4.325], "texture": "#0"},
				"west": {"uv": [15.5, 5.5, 16, 5.825], "texture": "#0"},
				"up": {"uv": [6.03, 0.5, 6, 0], "texture": "#0"}
			}
		}
	],
	"display": {
		"thirdperson_righthand": {
			"rotation": [101, -17.8, -33],
			"translation": [0, 0.5, 1]
		},
		"thirdperson_lefthand": {
			"rotation": [101, -17.8, -33],
			"translation": [0, 0.5, 1]
		},
		"firstperson_righthand": {
			"rotation": [90.64, -17.89, -36.99],
			"translation": [-6, 6, 7.5]
		},
		"firstperson_lefthand": {
			"rotation": [90.64, -17.89, -36.99],
			"translation": [-6, 6, 7.5]
		},
		"ground": {
			"rotation": [0, 0, 90],
			"translation": [0, -2.25, 0]
		},
		"gui": {
			"rotation": [68.09, -66.01, 88.98],
			"translation": [0, -0.75, 0],
			"scale": [3, 3, 3]
		}
	}
}