{
	"credit": "Made with Blockbench",
	"textures": {
		"0": "f_model/ram",
		"particle": "f_model/ram"
	},
	"elements": [
		{
			"from": [7.77997, 7.17383, 5.67766],
			"to": [8.22003, 8.23623, 10.32234],
			"rotation": {"angle": -22.5, "axis": "z", "origin": [8, 7.70503, 8]},
			"faces": {
				"north": {"uv": [4, 4, 4.44007, 5.0624], "texture": "#0"},
				"south": {"uv": [0, 5, 0.44007, 6.0624], "texture": "#0"},
				"up": {"uv": [0.44007, 4.64468, 0, 0], "texture": "#0"},
				"down": {"uv": [1.44007, 0, 1, 4.64468], "texture": "#0"}
			}
		},
		{
			"from": [7.77764, 7.47664, 5.012],
			"to": [8.22233, 7.92133, 10.988],
			"rotation": {"angle": 0, "axis": "z", "origin": [8, 7.699, 5.344]},
			"faces": {
				"east": {"uv": [4, 6, 9.976, 6.44469], "texture": "#0"},
				"west": {"uv": [6, 4, 11.976, 4.44469], "texture": "#0"},
				"up": {"uv": [5.44469, 11.976, 5, 6], "texture": "#0"},
				"down": {"uv": [6.44469, 5, 6, 10.976], "texture": "#0"}
			}
		},
		{
			"from": [7.87965, 7.4085, 10.98966],
			"to": [8.12035, 7.9895, 11.98234],
			"rotation": {"angle": 22.5, "axis": "z", "origin": [8, 7.699, 11.486]},
			"faces": {
				"north": {"uv": [9, 1, 9.2407, 1.581], "texture": "#0"},
				"south": {"uv": [2, 9, 2.2407, 9.581], "texture": "#0"},
				"up": {"uv": [15.5, 1.29268, 15.2593, 0.3], "texture": "#0"},
				"down": {"uv": [15.2407, 0.3, 15, 1.29268], "texture": "#0"}
			}
		},
		{
			"from": [7.87965, 7.4085, 10.988],
			"to": [8.12035, 7.9895, 11.984],
			"rotation": {"angle": -22.5, "axis": "z", "origin": [8, 7.699, 11.486]},
			"faces": {
				"north": {"uv": [8, 8, 8.2407, 8.581], "texture": "#0"},
				"south": {"uv": [0, 9, 0.2407, 9.581], "texture": "#0"},
				"up": {"uv": [15.2407, 1.296, 15, 0.3], "texture": "#0"},
				"down": {"uv": [15.5, 0.3, 15.2593, 1.296], "texture": "#0"}
			}
		},
		{
			"from": [7.7095, 7.57865, 10.99298],
			"to": [8.2905, 7.81935, 11.97902],
			"rotation": {"angle": 22.5, "axis": "z", "origin": [8, 7.699, 11.486]},
			"faces": {
				"north": {"uv": [6, 8, 6.581, 8.2407], "texture": "#0"},
				"east": {"uv": [14.8, 0.5, 15.78604, 0.7407], "texture": "#0"},
				"south": {"uv": [7, 8, 7.581, 8.2407], "texture": "#0"},
				"west": {"uv": [14.7093, 0.75, 15.69534, 0.9907], "texture": "#0"}
			}
		},
		{
			"from": [7.7095, 7.57865, 10.99132],
			"to": [8.2905, 7.81935, 11.98068],
			"rotation": {"angle": -22.5, "axis": "z", "origin": [8, 7.699, 11.486]},
			"faces": {
				"north": {"uv": [4, 8, 4.581, 8.2407], "texture": "#0"},
				"east": {"uv": [14.8, 0.5, 15.78936, 0.7407], "texture": "#0"},
				"south": {"uv": [5, 8, 5.581, 8.2407], "texture": "#0"},
				"west": {"uv": [14.7093, 0.75, 15.69866, 0.9907], "texture": "#0"}
			}
		},
		{
			"from": [7.7095, 7.57865, 4.01932],
			"to": [8.2905, 7.81935, 5.00868],
			"rotation": {"angle": -22.5, "axis": "z", "origin": [8, 7.699, 4.514]},
			"faces": {
				"north": {"uv": [6, 6, 6.581, 6.2407], "texture": "#0"},
				"east": {"uv": [14.7, 0.5, 15.68936, 0.7407], "texture": "#0"},
				"south": {"uv": [7, 0, 7.581, 0.2407], "texture": "#0"},
				"west": {"uv": [14.81064, 0.5, 15.8, 0.7407], "texture": "#0"}
			}
		},
		{
			"from": [7.7095, 7.57865, 4.02098],
			"to": [8.2905, 7.81935, 5.00702],
			"rotation": {"angle": 22.5, "axis": "z", "origin": [8, 7.699, 4.514]},
			"faces": {
				"north": {"uv": [7, 1, 7.581, 1.2407], "texture": "#0"},
				"east": {"uv": [14.7, 0.5, 15.68604, 0.7407], "texture": "#0"},
				"south": {"uv": [7, 3, 7.581, 3.2407], "texture": "#0"},
				"west": {"uv": [14.8, 0.5, 15.78604, 0.7407], "texture": "#0"}
			}
		},
		{
			"from": [7.87965, 7.4085, 4.016],
			"to": [8.12035, 7.9895, 5.012],
			"rotation": {"angle": -22.5, "axis": "z", "origin": [8, 7.699, 4.514]},
			"faces": {
				"north": {"uv": [7, 4, 7.2407, 4.581], "texture": "#0"},
				"south": {"uv": [5, 7, 5.2407, 7.581], "texture": "#0"},
				"up": {"uv": [15.4907, 1.196, 15.25, 0.2], "texture": "#0"},
				"down": {"uv": [15.4907, 0.2, 15.25, 1.196], "texture": "#0"}
			}
		},
		{
			"from": [7.87965, 7.4085, 4.01766],
			"to": [8.12035, 7.9895, 5.01034],
			"rotation": {"angle": 22.5, "axis": "z", "origin": [8, 7.699, 4.514]},
			"faces": {
				"north": {"uv": [7, 6, 7.2407, 6.581], "texture": "#0"},
				"south": {"uv": [7, 7, 7.2407, 7.581], "texture": "#0"},
				"up": {"uv": [15.2407, 1.19268, 15, 0.2], "texture": "#0"},
				"down": {"uv": [15.2407, 0.2, 15, 1.19268], "texture": "#0"}
			}
		},
		{
			"from": [7.77997, 7.17383, 5.676],
			"to": [8.22003, 8.23623, 10.324],
			"rotation": {"angle": 22.5, "axis": "z", "origin": [8, 7.70503, 8]},
			"faces": {
				"north": {"uv": [0, 6, 0.44007, 7.0624], "texture": "#0"},
				"south": {"uv": [1, 6, 1.44007, 7.0624], "texture": "#0"},
				"up": {"uv": [2.44007, 8.648, 2, 4], "texture": "#0"},
				"down": {"uv": [3.44007, 4, 3, 8.648], "texture": "#0"}
			}
		},
		{
			"from": [7.46879, 7.48499, 5.68098],
			"to": [8.53119, 7.92506, 10.31902],
			"rotation": {"angle": -22.5, "axis": "z", "origin": [8, 7.70503, 8]},
			"faces": {
				"north": {"uv": [5, 4, 6.0624, 4.44007], "texture": "#0"},
				"east": {"uv": [2, 2, 6.63804, 2.44007], "texture": "#0"},
				"south": {"uv": [5, 5, 6.0624, 5.44007], "texture": "#0"},
				"west": {"uv": [2, 3, 6.63804, 3.44007], "texture": "#0"}
			}
		},
		{
			"from": [7.46881, 7.48499, 5.67932],
			"to": [8.53121, 7.92506, 10.32068],
			"rotation": {"angle": 22.5, "axis": "z", "origin": [8, 7.70503, 8]},
			"faces": {
				"north": {"uv": [1, 5, 2.0624, 5.44007], "texture": "#0"},
				"east": {"uv": [2, 0, 6.64136, 0.44007], "texture": "#0"},
				"south": {"uv": [4, 5, 5.0624, 5.44007], "texture": "#0"},
				"west": {"uv": [2, 1, 6.64136, 1.44007], "texture": "#0"}
			}
		}
	],
	"display": {
		"thirdperson_righthand": {
			"rotation": [101.64, -6.21, -16.76],
			"translation": [0, 3, 2]
		},
		"thirdperson_lefthand": {
			"rotation": [101.64, -6.21, -16.76],
			"translation": [0, 3, 2]
		},
		"firstperson_righthand": {
			"rotation": [102.71, -7.74, 120.71],
			"translation": [-4.75, 4, 4.5]
		},
		"firstperson_lefthand": {
			"rotation": [102.71, -7.74, 120.71],
			"translation": [-4.75, 4, 4.5]
		},
		"gui": {
			"rotation": [106.47, -35.47, 0.64],
			"scale": [2, 2, 2]
		}
	}
}