{
	"credit": "Made with Blockbench",
	"textures": {
		"0": "f_model/sledgehammer",
		"particle": "f_model/sledgehammer"
	},
	"elements": [
		{
			"from": [7.88344, 8.26651, -0.25],
			"to": [8.11646, 8.43129, 15.75],
			"rotation": {"angle": 0, "axis": "y", "origin": [7.99997, 8.3257, 7.75]},
			"faces": {
				"up": {"uv": [0, 15.76697, 16, 16], "rotation": 270, "texture": "#0"},
				"down": {"uv": [0, 15.76697, 16, 16], "rotation": 90, "texture": "#0"}
			}
		},
		{
			"from": [7.71871, 7.73349, -0.25],
			"to": [8.28121, 8.26651, 15.75],
			"rotation": {"angle": 0, "axis": "y", "origin": [7.99996, 8, 7.75]},
			"faces": {
				"east": {"uv": [0, 14, 16, 14.53303], "texture": "#0"},
				"west": {"uv": [0, 14, 16, 14.53303], "texture": "#0"}
			}
		},
		{
			"from": [7.66871, 7.53349, 15.75],
			"to": [8.33121, 8.46651, 16],
			"rotation": {"angle": 0, "axis": "y", "origin": [7.99996, 8, 23.75]},
			"faces": {
				"north": {"uv": [15.06698, 15.3375, 16, 16], "rotation": 270, "texture": "#0"},
				"east": {"uv": [15.06698, 15.75, 16, 16], "rotation": 90, "texture": "#0"},
				"south": {"uv": [15.06698, 15.3375, 16, 16], "rotation": 90, "texture": "#0"},
				"west": {"uv": [15.06698, 15.75, 16, 16], "rotation": 90, "texture": "#0"},
				"up": {"uv": [15.75, 15.3375, 16, 16], "rotation": 90, "texture": "#0"},
				"down": {"uv": [15.75, 15.3375, 16, 16], "rotation": 90, "texture": "#0"}
			}
		},
		{
			"from": [8.02575, 8.08497, -0.25],
			"to": [8.157, 8.31799, 15.75],
			"rotation": {"angle": 45, "axis": "z", "origin": [7.99997, 8.3257, 7.75]},
			"faces": {
				"east": {"uv": [0, 15.26697, 16, 15.5], "texture": "#0"},
				"west": {"uv": [0, 15.46697, 16, 15.7], "texture": "#0"}
			}
		},
		{
			"from": [7.75924, 8.35148, -0.25],
			"to": [7.99227, 8.48273, 15.75],
			"rotation": {"angle": 45, "axis": "z", "origin": [7.99997, 8.3257, 7.75]},
			"faces": {
				"up": {"uv": [0, 15.26698, 16, 15.5], "rotation": 270, "texture": "#0"},
				"down": {"uv": [0, 15.46697, 16, 15.7], "rotation": 90, "texture": "#0"}
			}
		},
		{
			"from": [7.88346, 7.56871, -0.25],
			"to": [8.11649, 7.73349, 15.75],
			"rotation": {"angle": 0, "axis": "y", "origin": [7.99995, 7.6743, 7.75]},
			"faces": {
				"up": {"uv": [0, 15.46697, 16, 15.7], "rotation": 90, "texture": "#0"},
				"down": {"uv": [16, 15.76697, 0, 16], "rotation": 90, "texture": "#0"}
			}
		},
		{
			"from": [7.75922, 7.51727, -0.25],
			"to": [7.99225, 7.64852, 15.75],
			"rotation": {"angle": -45, "axis": "z", "origin": [7.99995, 7.6743, 7.75]},
			"faces": {
				"up": {"uv": [0, 15.46697, 16, 15.7], "rotation": 90, "texture": "#0"},
				"down": {"uv": [16, 15.26697, 0, 15.5], "rotation": 90, "texture": "#0"}
			}
		},
		{
			"from": [8.02573, 7.68201, -0.25],
			"to": [8.15698, 7.91503, 15.75],
			"rotation": {"angle": -45, "axis": "z", "origin": [7.99995, 7.6743, 7.75]},
			"faces": {
				"east": {"uv": [16, 15.26698, 0, 15.5], "texture": "#0"},
				"west": {"uv": [0, 15.46697, 16, 15.7], "texture": "#0"}
			}
		},
		{
			"from": [7.399, 7.1, -1.451],
			"to": [8.601, 8.9, -0.249],
			"rotation": {"angle": 0, "axis": "y", "origin": [8, 8, -0.85]},
			"faces": {
				"north": {"uv": [14.2, 0, 16, 1.202], "rotation": 90, "texture": "#0"},
				"east": {"uv": [0, 0, 1.8, 1.202], "rotation": 270, "texture": "#0"},
				"south": {"uv": [0, 0, 1.8, 1.202], "rotation": 270, "texture": "#0"},
				"west": {"uv": [0, 0, 1.8, 1.202], "rotation": 270, "texture": "#0"},
				"up": {"uv": [14.798, 1, 16, 2.202], "texture": "#0"},
				"down": {"uv": [14.798, 1, 16, 2.202], "rotation": 180, "texture": "#0"}
			}
		},
		{
			"from": [7.75143, 6.2, -1.45004],
			"to": [8.24853, 9.8, -0.25004],
			"rotation": {"angle": 0, "axis": "y", "origin": [7.99998, 9.6, -0.85004]},
			"faces": {
				"north": {"uv": [12.4, 0, 16, 0.4971], "rotation": 90, "texture": "#0"},
				"south": {"uv": [0, 0, 3.6, 0.4971], "rotation": 270, "texture": "#0"},
				"up": {"uv": [0, 0, 1.2, 0.4971], "rotation": 270, "texture": "#0"},
				"down": {"uv": [0, 0, 1.2, 0.4971], "rotation": 270, "texture": "#0"}
			}
		},
		{
			"from": [7.75143, 6.203, -1.45004],
			"to": [8.24853, 9.803, -0.25004],
			"rotation": {"angle": -45, "axis": "y", "origin": [7.99998, 9.6, -0.85004]},
			"faces": {
				"north": {"uv": [12.4, 0, 16, 0.4971], "rotation": 90, "texture": "#0"},
				"south": {"uv": [0, 0, 3.6, 0.4971], "rotation": 270, "texture": "#0"},
				"up": {"uv": [0, 0, 1.2, 0.4971], "rotation": 270, "texture": "#0"},
				"down": {"uv": [0, 0, 1.2, 0.4971], "rotation": 270, "texture": "#0"}
			}
		},
		{
			"from": [7.4, 6.202, -1.09855],
			"to": [8.6, 9.802, -0.60145],
			"rotation": {"angle": 0, "axis": "y", "origin": [7.99855, 9.6, -0.85]},
			"faces": {
				"east": {"uv": [0, 0, 3.6, 0.4971], "rotation": 270, "texture": "#0"},
				"west": {"uv": [0, 0, 3.6, 0.4971], "rotation": 90, "texture": "#0"},
				"up": {"uv": [0, 0, 1.2, 0.4971], "rotation": 180, "texture": "#0"},
				"down": {"uv": [0, 0, 1.2, 0.4971], "texture": "#0"}
			}
		},
		{
			"from": [7.75143, 6.201, -1.45004],
			"to": [8.24853, 9.801, -0.25004],
			"rotation": {"angle": 45, "axis": "y", "origin": [7.99998, 9.6, -0.85004]},
			"faces": {
				"north": {"uv": [12.4, 0, 16, 0.4971], "rotation": 90, "texture": "#0"},
				"south": {"uv": [0, 0, 3.6, 0.4971], "rotation": 270, "texture": "#0"},
				"up": {"uv": [0, 0, 1.2, 0.4971], "rotation": 270, "texture": "#0"},
				"down": {"uv": [0, 0, 1.2, 0.4971], "rotation": 270, "texture": "#0"}
			}
		}
	],
	"display": {
		"thirdperson_righthand": {
			"rotation": [82.87, 5.38, -16.51],
			"translation": [0, -0.25, 0.75]
		},
		"thirdperson_lefthand": {
			"rotation": [82.87, 5.38, -16.51],
			"translation": [0, -0.25, 0.75]
		},
		"firstperson_righthand": {
			"rotation": [62.4, -46.83, -39.4],
			"translation": [-8.25, 4, 6.25]
		},
		"firstperson_lefthand": {
			"rotation": [62.4, -46.83, -39.4],
			"translation": [-8.25, 4, 6.25]
		},
		"ground": {
			"rotation": [0, 0, 90],
			"translation": [0, 0, 1.5]
		},
		"gui": {
			"rotation": [71.85, -51.17, 49.07],
			"translation": [-0.75, -1.25, 0]
		}
	}
}