{
	"format_version": "1.21.6",
	"credit": "Made with Blockbench",
	"textures": {
		"0": "f_model/canned_fish",
		"particle": "f_model/canned_fish"
	},
	"elements": [
		{
			"from": [7.4201, 6.002, 6.6],
			"to": [8.5799, 7.602, 6.65],
			"rotation": {"angle": 0, "axis": "y", "origin": [8, 8, 8]},
			"faces": {
				"north": {"uv": [2.175, 15.0125, 2.7549, 15.8125], "texture": "#0"},
				"east": {"uv": [0, 1, 0.025, 1.8], "texture": "#0"},
				"south": {"uv": [1, 0, 1.5799, 0.8], "texture": "#0"},
				"west": {"uv": [1, 1, 1.025, 1.8], "texture": "#0"},
				"up": {"uv": [0.5799, 2.025, 0, 2], "texture": "#0"},
				"down": {"uv": [2.5799, 0, 2, 0.025], "texture": "#0"}
			}
		},
		{
			"from": [7.4201, 6, 6.6],
			"to": [8.5799, 7.6, 6.65],
			"rotation": {"angle": -45, "axis": "y", "origin": [8, 8, 8]},
			"faces": {
				"north": {"uv": [1.725, 15.0125, 2.3049, 15.8125], "texture": "#0"},
				"south": {"uv": [6, 0, 6.5799, 0.8], "texture": "#0"},
				"up": {"uv": [1.5799, 6.025, 1, 6], "texture": "#0"},
				"down": {"uv": [6.5799, 1, 6, 1.025], "texture": "#0"}
			}
		},
		{
			"from": [9.35, 6.002, 7.4201],
			"to": [9.4, 7.602, 8.5799],
			"rotation": {"angle": 0, "axis": "y", "origin": [8, 8, 8]},
			"faces": {
				"east": {"uv": [1.15, 15.0125, 1.7299, 15.8125], "texture": "#0"},
				"west": {"uv": [4, 5, 4.5799, 5.8], "texture": "#0"},
				"up": {"uv": [5.025, 4.5799, 5, 4], "texture": "#0"},
				"down": {"uv": [5.025, 5, 5, 5.5799], "texture": "#0"}
			}
		},
		{
			"from": [7.4201, 6, 9.35],
			"to": [8.5799, 7.6, 9.4],
			"rotation": {"angle": 45, "axis": "y", "origin": [8, 8, 8]},
			"faces": {
				"north": {"uv": [5, 1, 5.5799, 1.8], "texture": "#0"},
				"south": {"uv": [0.575, 15.0125, 1.1549, 15.8125], "texture": "#0"},
				"up": {"uv": [5.5799, 2.025, 5, 2], "texture": "#0"},
				"down": {"uv": [3.5799, 5, 3, 5.025], "texture": "#0"}
			}
		},
		{
			"from": [7.4201, 6.002, 9.35],
			"to": [8.5799, 7.602, 9.4],
			"rotation": {"angle": 0, "axis": "y", "origin": [8, 8, 8]},
			"faces": {
				"north": {"uv": [4, 4, 4.5799, 4.8], "texture": "#0"},
				"south": {"uv": [0, 15.0125, 0.5799, 15.8125], "texture": "#0"},
				"up": {"uv": [5.5799, 0.025, 5, 0], "texture": "#0"},
				"down": {"uv": [1.5799, 5, 1, 5.025], "texture": "#0"}
			}
		},
		{
			"from": [7.4408, 6.1, 6.65],
			"to": [8.5592, 7.45, 9.35],
			"rotation": {"angle": 0, "axis": "y", "origin": [8, 6.8, 8]},
			"faces": {
				"up": {"uv": [15.425, 14.2092, 14.075, 13.65], "rotation": 90, "texture": "#0"},
				"down": {"uv": [15.425, 14.65, 14.075, 15.2092], "rotation": 90, "texture": "#0"}
			}
		},
		{
			"from": [8.2, 7.45, 7.35],
			"to": [8.7, 7.5, 7.85],
			"rotation": {"angle": -22.5, "axis": "y", "origin": [9.85, 7.475, 7.3]},
			"faces": {
				"north": {"uv": [15.05, 0.55, 15.3, 0.575], "texture": "#0"},
				"east": {"uv": [15.1, 0.65, 15.35, 0.675], "texture": "#0"},
				"south": {"uv": [15.1, 0.7, 15.35, 0.725], "texture": "#0"},
				"west": {"uv": [15.05, 0.7, 15.3, 0.725], "texture": "#0"},
				"up": {"uv": [15.4, 0.85, 15.15, 0.6], "texture": "#0"}
			}
		},
		{
			"from": [8.2, 7.45, 8.25],
			"to": [8.7, 7.5, 8.35],
			"rotation": {"angle": -22.5, "axis": "y", "origin": [9.85, 7.475, 7.3]},
			"faces": {
				"north": {"uv": [14.6, 1.25, 14.85, 1.275], "texture": "#0"},
				"east": {"uv": [14.8, 1.4, 14.85, 1.425], "texture": "#0"},
				"south": {"uv": [14.55, 1.3, 14.8, 1.325], "texture": "#0"},
				"west": {"uv": [14.65, 1.3, 14.7, 1.325], "texture": "#0"},
				"up": {"uv": [14.95, 1.3, 14.7, 1.25], "texture": "#0"}
			}
		},
		{
			"from": [8.1, 7.45, 7.7],
			"to": [8.2, 7.5, 8.3],
			"rotation": {"angle": -22.5, "axis": "y", "origin": [9.85, 7.475, 7.3]},
			"faces": {
				"north": {"uv": [14.65, 0.7, 14.7, 0.725], "texture": "#0"},
				"east": {"uv": [14.65, 0.7, 14.95, 0.725], "texture": "#0"},
				"south": {"uv": [14.7, 0.75, 14.75, 0.775], "texture": "#0"},
				"west": {"uv": [14.55, 0.7, 14.85, 0.725], "texture": "#0"},
				"up": {"uv": [14.8, 0.9, 14.75, 0.6], "texture": "#0"}
			}
		},
		{
			"from": [8.7, 7.45, 7.7],
			"to": [8.8, 7.5, 8.3],
			"rotation": {"angle": -22.5, "axis": "y", "origin": [9.85, 7.475, 7.3]},
			"faces": {
				"north": {"uv": [15.25, 1.3, 15.3, 1.325], "texture": "#0"},
				"east": {"uv": [15.1, 1.3, 15.4, 1.325], "texture": "#0"},
				"south": {"uv": [15.15, 1.2, 15.2, 1.225], "texture": "#0"},
				"west": {"uv": [15.05, 1.2, 15.35, 1.225], "texture": "#0"},
				"up": {"uv": [15.25, 1.4, 15.2, 1.1], "texture": "#0"}
			}
		},
		{
			"from": [7.4408, 6.106, 6.65],
			"to": [8.5592, 7.456, 9.35],
			"rotation": {"angle": 45, "axis": "y", "origin": [8, 6.8, 8]},
			"faces": {
				"up": {"uv": [15.425, 15.2092, 14.075, 14.65], "rotation": 90, "texture": "#0"},
				"down": {"uv": [15.425, 14.65, 14.075, 15.2092], "rotation": 90, "texture": "#0"}
			}
		},
		{
			"from": [6.65, 6.102, 7.4408],
			"to": [9.35, 7.452, 8.5592],
			"rotation": {"angle": 45, "axis": "y", "origin": [8, 6.8, 8]},
			"faces": {
				"up": {"uv": [15.425, 14.2092, 14.075, 13.65], "texture": "#0"},
				"down": {"uv": [15.425, 13.65, 14.075, 14.2092], "texture": "#0"}
			}
		},
		{
			"from": [6.65, 6.104, 7.4408],
			"to": [9.35, 7.454, 8.5592],
			"rotation": {"angle": 0, "axis": "y", "origin": [8, 6.8, 8]},
			"faces": {
				"up": {"uv": [15.425, 14.2092, 14.075, 13.65], "texture": "#0"},
				"down": {"uv": [15.425, 13.65, 14.075, 14.2092], "texture": "#0"}
			}
		},
		{
			"from": [7.4201, 6, 6.6],
			"to": [8.5799, 7.6, 6.65],
			"rotation": {"angle": 45, "axis": "y", "origin": [8, 8, 8]},
			"faces": {
				"north": {"uv": [2.75, 15.0125, 3.3299, 15.8125], "texture": "#0"},
				"east": {"uv": [2, 1, 2.025, 1.8], "texture": "#0"},
				"south": {"uv": [2, 2, 2.5799, 2.8], "texture": "#0"},
				"west": {"uv": [0, 3, 0.025, 3.8], "texture": "#0"},
				"up": {"uv": [3.5799, 0.025, 3, 0], "texture": "#0"},
				"down": {"uv": [1.5799, 3, 1, 3.025], "texture": "#0"}
			}
		},
		{
			"from": [6.6, 6.002, 7.4201],
			"to": [6.65, 7.602, 8.5799],
			"rotation": {"angle": 0, "axis": "y", "origin": [8, 8, 8]},
			"faces": {
				"north": {"uv": [3, 1, 3.025, 1.8], "texture": "#0"},
				"east": {"uv": [2, 3, 2.5799, 3.8], "texture": "#0"},
				"south": {"uv": [3, 2, 3.025, 2.8], "texture": "#0"},
				"west": {"uv": [3.325, 15.0125, 3.9049, 15.8125], "texture": "#0"},
				"up": {"uv": [0.025, 4.5799, 0, 4], "texture": "#0"},
				"down": {"uv": [4.025, 0, 4, 0.5799], "texture": "#0"}
			}
		},
		{
			"from": [7.4201, 6, 9.35],
			"to": [8.5799, 7.6, 9.4],
			"rotation": {"angle": -45, "axis": "y", "origin": [8, 8, 8]},
			"faces": {
				"north": {"uv": [1, 4, 1.5799, 4.8], "texture": "#0"},
				"east": {"uv": [4, 1, 4.025, 1.8], "texture": "#0"},
				"south": {"uv": [3.9, 15.0125, 4.4799, 15.8125], "texture": "#0"},
				"west": {"uv": [4, 2, 4.025, 2.8], "texture": "#0"},
				"up": {"uv": [3.5799, 4.025, 3, 4], "texture": "#0"},
				"down": {"uv": [4.5799, 3, 4, 3.025], "texture": "#0"}
			}
		}
	],
	"display": {
		"thirdperson_righthand": {
			"rotation": [42.4, 64.23, -42.2],
			"translation": [-0.25, 0.5, 1],
			"scale": [0.5, 0.5, 0.5]
		},
		"thirdperson_lefthand": {
			"rotation": [42.4, 64.23, -42.2],
			"translation": [-0.25, 0.5, 1],
			"scale": [0.5, 0.5, 0.5]
		},
		"firstperson_righthand": {
			"rotation": [-18.83, 52.59, 5.07],
			"translation": [-5, 5.5, 6.75],
			"scale": [0.5, 0.5, 0.5]
		},
		"firstperson_lefthand": {
			"rotation": [-18.83, 52.59, 5.07],
			"translation": [-5, 5.5, 6.75],
			"scale": [0.5, 0.5, 0.5]
		},
		"ground": {
			"translation": [0, -2, 0],
			"scale": [0.5, 0.5, 0.5]
		},
		"gui": {
			"rotation": [-173.15, 74.66, -168.95],
			"translation": [0.25, 1.75, 0],
			"scale": [3, 3, 3]
		}
	}
}