{
	"format_version": "1.21.6",
	"credit": "Made with Blockbench",
	"textures": {
		"0": "f_model/chocolate",
		"particle": "f_model/chocolate"
	},
	"elements": [
		{
			"from": [7.375, 7.925, 6.5],
			"to": [8.625, 8.075, 9.5],
			"rotation": {"angle": 0, "axis": "y", "origin": [7.125, 7.025, 8.5]},
			"faces": {
				"east": {"uv": [9.5, 5.5, 6.5, 5.65], "texture": "#0"},
				"west": {"uv": [9.5, 6.5, 6.5, 6.65], "texture": "#0"},
				"up": {"uv": [2.125, 0.75, 0.875, 3.75], "texture": "#0"},
				"down": {"uv": [2.125, 15.25, 0.875, 12.25], "texture": "#0"}
			}
		},
		{
			"from": [7.376, 7.56937, 7.42929],
			"to": [8.624, 7.67543, 7.53536],
			"rotation": {"angle": -45, "axis": "x", "origin": [7.125, 6.62543, 6.53536]},
			"faces": {
				"north": {"uv": [0.875, 11.5, 2.123, 11.60607], "texture": "#0"},
				"east": {"uv": [8.60607, 7.5, 8.5, 7.60607], "texture": "#0"},
				"west": {"uv": [9.60607, 6.5, 9.5, 6.60607], "texture": "#0"},
				"up": {"uv": [9.748, 8.5, 8.5, 8.60607], "texture": "#0"}
			}
		},
		{
			"from": [7.375, 7.975, 9.55],
			"to": [8.625, 8, 9.65],
			"rotation": {"angle": 0, "axis": "y", "origin": [7.124, 7.025, 10.5]},
			"faces": {
				"east": {"uv": [11.6, 5.5, 11.5, 5.525], "texture": "#0"},
				"south": {"uv": [7.75, 10.5, 6.5, 10.525], "texture": "#0"},
				"west": {"uv": [7.6, 10.5, 7.5, 10.525], "texture": "#0"},
				"up": {"uv": [12.75, 6.5, 11.5, 6.6], "texture": "#0"},
				"down": {"uv": [2.125, 11.6, 0.875, 11.5], "texture": "#0"}
			}
		},
		{
			"from": [7.376, 7.56937, 8.46464],
			"to": [8.624, 7.67543, 8.57071],
			"rotation": {"angle": 45, "axis": "x", "origin": [7.124, 6.62543, 9.46464]},
			"faces": {
				"east": {"uv": [9.60607, 9.5, 9.5, 9.60607], "texture": "#0"},
				"south": {"uv": [2.123, 11.5, 0.875, 11.60607], "texture": "#0"},
				"west": {"uv": [10.60607, 8.5, 10.5, 8.60607], "texture": "#0"},
				"up": {"uv": [11.748, 9.5, 10.5, 9.60607], "texture": "#0"}
			}
		},
		{
			"from": [7.375, 7.975, 6.35],
			"to": [8.625, 8, 6.45],
			"rotation": {"angle": 0, "axis": "x", "origin": [7.125, 7.025, 5.5]},
			"faces": {
				"north": {"uv": [10.75, 8.5, 9.5, 8.525], "texture": "#0"},
				"east": {"uv": [9.6, 7.5, 9.5, 7.525], "texture": "#0"},
				"west": {"uv": [10.6, 5.5, 10.5, 5.525], "texture": "#0"},
				"up": {"uv": [11.75, 6.5, 10.5, 6.6], "texture": "#0"},
				"down": {"uv": [2.125, 11.6, 0.875, 11.5], "texture": "#0"}
			}
		}
	],
	"display": {
		"thirdperson_righthand": {
			"rotation": [87.85, 2.18, 20.37],
			"translation": [-0.5, 1, 1]
		},
		"thirdperson_lefthand": {
			"rotation": [87.85, 2.18, 20.37],
			"translation": [-0.5, 1, 1]
		},
		"firstperson_righthand": {
			"rotation": [77.52, -5.42, 65.13],
			"translation": [-4.5, 4.5, 5.5]
		},
		"firstperson_lefthand": {
			"rotation": [77.52, -5.42, 65.13],
			"translation": [-4.5, 4.5, 5.5]
		},
		"ground": {
			"translation": [0, -2.5, 0]
		},
		"gui": {
			"rotation": [81.07, -47.32, 29.65],
			"scale": [4, 4, 4]
		}
	}
}