{
	"format_version": "1.21.6",
	"credit": "Made with Blockbench",
	"textures": {
		"0": "f_model/honey",
		"particle": "f_model/honey"
	},
	"elements": [
		{
			"from": [6.7, 7.4, 7.4615],
			"to": [9.3, 7.6, 8.5385],
			"rotation": {"angle": 0, "axis": "y", "origin": [8, 7.6, 8]},
			"faces": {
				"east": {"uv": [15.3885, 0.55, 14.85, 0.65], "texture": "#0"},
				"west": {"uv": [15.4385, 0.75, 14.9, 0.85], "texture": "#0"}
			}
		},
		{
			"from": [6.7, 7.4, 7.4615],
			"to": [9.3, 7.6, 8.5385],
			"rotation": {"angle": 45, "axis": "y", "origin": [8, 7.6, 8]},
			"faces": {
				"east": {"uv": [14.5, 0.4, 15.0385, 0.5], "texture": "#0"},
				"west": {"uv": [14.6, 0.25, 15.1385, 0.35], "texture": "#0"}
			}
		},
		{
			"from": [7.4615, 7.4, 6.7],
			"to": [8.5385, 7.6, 9.3],
			"rotation": {"angle": 0, "axis": "y", "origin": [8, 7.6, 8]},
			"faces": {
				"north": {"uv": [15.05, 0.4, 15.5885, 0.5], "texture": "#0"},
				"south": {"uv": [15.15, 0.25, 15.6885, 0.35], "texture": "#0"}
			}
		},
		{
			"from": [6.7, 7.4, 7.4615],
			"to": [9.3, 7.6, 8.5385],
			"rotation": {"angle": -45, "axis": "y", "origin": [8, 7.6, 8]},
			"faces": {
				"east": {"uv": [15.7885, 0.65, 15.25, 0.75], "texture": "#0"},
				"west": {"uv": [15.9885, 0.75, 15.45, 0.85], "texture": "#0"}
			}
		},
		{
			"from": [7.3373, 6.004, 6.5],
			"to": [8.5799, 7.404, 9.5],
			"rotation": {"angle": 0, "axis": "y", "origin": [7.9586, 6.7, 8]},
			"faces": {
				"north": {"uv": [9.5, 8.5, 10.1213, 9.2], "texture": "#0"},
				"south": {"uv": [12.5, 5.5, 13.1213, 6.2], "texture": "#0"},
				"up": {"uv": [11.5, 13.1213, 10, 12.5], "rotation": 90, "texture": "#0"},
				"down": {"uv": [2.1213, 5, 1.5, 6.5], "texture": "#0"}
			}
		},
		{
			"from": [7.3373, 7.606, 6.5],
			"to": [8.5799, 8.206, 9.5],
			"rotation": {"angle": -22.5, "axis": "y", "origin": [7.9586, 7.903, 8]},
			"faces": {
				"north": {"uv": [14.6287, 14.7, 15.25, 15], "texture": "#0"},
				"south": {"uv": [14.8787, 15.1, 15.5, 15.4], "texture": "#0"},
				"up": {"uv": [15.5, 14.6213, 14, 14], "rotation": 90, "texture": "#0"},
				"down": {"uv": [13.5, 14.5, 12, 15.1213], "rotation": 90, "texture": "#0"}
			}
		},
		{
			"from": [6.4586, 7.6, 7.3787],
			"to": [9.4586, 8.2, 8.6213],
			"rotation": {"angle": 22.5, "axis": "y", "origin": [7.9586, 7.903, 8]},
			"faces": {
				"east": {"uv": [14, 14.7, 14.6213, 15], "texture": "#0"},
				"west": {"uv": [14.25, 15.1, 14.8713, 15.4], "texture": "#0"},
				"up": {"uv": [15.5, 15.1213, 14, 14.5], "texture": "#0"},
				"down": {"uv": [13.5, 14.5, 12, 15.1213], "texture": "#0"}
			}
		},
		{
			"from": [6.4586, 7.602, 7.3787],
			"to": [9.4586, 8.202, 8.6213],
			"rotation": {"angle": -22.5, "axis": "y", "origin": [7.9586, 7.903, 8]},
			"faces": {
				"east": {"uv": [14.8713, 14.7, 14.25, 15], "texture": "#0"},
				"west": {"uv": [14.8713, 15.1, 14.25, 15.4], "texture": "#0"},
				"up": {"uv": [15.5, 14.85, 14, 15.4713], "texture": "#0"},
				"down": {"uv": [13.5, 14.5, 12, 15.1213], "rotation": 180, "texture": "#0"}
			}
		},
		{
			"from": [7.3373, 7.604, 6.5],
			"to": [8.5799, 8.204, 9.5],
			"rotation": {"angle": 22.5, "axis": "y", "origin": [7.9586, 7.903, 8]},
			"faces": {
				"north": {"uv": [15.4713, 14.7, 14.85, 15], "texture": "#0"},
				"south": {"uv": [14.5, 14.7, 15.1213, 15], "texture": "#0"},
				"up": {"uv": [15.5, 15.2713, 14, 14.65], "rotation": 90, "texture": "#0"},
				"down": {"uv": [12, 15.1213, 13.5, 14.5], "rotation": 90, "texture": "#0"}
			}
		},
		{
			"from": [7.3373, 6.002, 6.5],
			"to": [8.5799, 7.402, 9.5],
			"rotation": {"angle": 45, "axis": "y", "origin": [7.9586, 6.7, 8]},
			"faces": {
				"north": {"uv": [0.25, 14.9, 0.8713, 15.6], "texture": "#0"},
				"south": {"uv": [13.5, 6.5, 14.1213, 7.2], "texture": "#0"},
				"up": {"uv": [11.5, 13.1213, 10, 12.5], "rotation": 90, "texture": "#0"},
				"down": {"uv": [5.6213, 10, 5, 11.5], "texture": "#0"}
			}
		},
		{
			"from": [6.4586, 6, 7.3787],
			"to": [9.4586, 7.4, 8.6213],
			"rotation": {"angle": 0, "axis": "y", "origin": [7.9586, 6.7, 8]},
			"faces": {
				"east": {"uv": [11.5, 9.5, 12.1213, 10.2], "texture": "#0"},
				"west": {"uv": [0.875, 14.9, 1.4963, 15.6], "texture": "#0"},
				"up": {"uv": [11.5, 13.1213, 10, 12.5], "texture": "#0"},
				"down": {"uv": [5, 5, 3.5, 5.6213], "texture": "#0"}
			}
		},
		{
			"from": [7.3373, 6.006, 6.5],
			"to": [8.5799, 7.406, 9.5],
			"rotation": {"angle": -45, "axis": "y", "origin": [7.9586, 6.7, 8]},
			"faces": {
				"north": {"uv": [12.5, 9.5, 13.1213, 10.2], "texture": "#0"},
				"south": {"uv": [1.5, 14.9, 2.1213, 15.6], "texture": "#0"},
				"up": {"uv": [11.5, 13.1213, 10, 12.5], "rotation": 90, "texture": "#0"},
				"down": {"uv": [4.1213, 6, 3.5, 7.5], "texture": "#0"}
			}
		}
	],
	"display": {
		"thirdperson_righthand": {
			"rotation": [28.78, 47.53, -26.94],
			"translation": [-0.5, 0.75, 0.75],
			"scale": [0.5, 0.5, 0.5]
		},
		"thirdperson_lefthand": {
			"rotation": [28.78, 47.53, -26.94],
			"translation": [-0.5, 0.75, 0.75],
			"scale": [0.5, 0.5, 0.5]
		},
		"firstperson_righthand": {
			"rotation": [-15.83, 28.76, 4.39],
			"translation": [-4, 4.5, 5.25],
			"scale": [0.5, 0.5, 0.5]
		},
		"firstperson_lefthand": {
			"rotation": [-15.83, 28.76, 4.39],
			"translation": [-4, 4.5, 5.25],
			"scale": [0.5, 0.5, 0.5]
		},
		"ground": {
			"translation": [0, -2.5, 0],
			"scale": [0.5, 0.5, 0.5]
		},
		"gui": {
			"rotation": [-10.54, 71.56, 20.24],
			"scale": [2.5, 2.5, 2.5]
		}
	}
}