{
	"format_version": "1.21.6",
	"credit": "Made with Blockbench",
	"textures": {
		"0": "f_model/pickled_mushrooms",
		"particle": "f_model/pickled_mushrooms"
	},
	"elements": [
		{
			"from": [6.85, 6.697, 7.52365],
			"to": [9.15, 6.9, 8.47635],
			"rotation": {"angle": -45, "axis": "y", "origin": [8, 8.49375, 8]},
			"faces": {
				"east": {"uv": [8, 14.5, 8.9527, 14.703], "texture": "#0"},
				"west": {"uv": [1.5, 14.5, 2.4527, 14.703], "texture": "#0"},
				"down": {"uv": [13.5, 15.4, 14.4527, 13.1], "rotation": 90, "texture": "#0"}
			}
		},
		{
			"from": [7.52365, 6.7, 6.85],
			"to": [8.47635, 6.9, 9.15],
			"rotation": {"angle": 0, "axis": "y", "origin": [8, 8.49375, 8]},
			"faces": {
				"north": {"uv": [7, 14.5, 7.9527, 14.7], "texture": "#0"},
				"south": {"uv": [8, 13.5, 8.9527, 13.7], "texture": "#0"},
				"down": {"uv": [13.5, 13.1, 14.4527, 15.4], "texture": "#0"}
			}
		},
		{
			"from": [7.52365, 6.699, 6.85],
			"to": [8.47635, 6.9, 9.15],
			"rotation": {"angle": -45, "axis": "y", "origin": [8, 8.49375, 8]},
			"faces": {
				"north": {"uv": [6, 14.5, 6.9527, 14.701], "texture": "#0"},
				"south": {"uv": [5.5, 13, 6.4527, 13.201], "texture": "#0"},
				"down": {"uv": [13.5, 15.4, 14.4527, 13.1], "texture": "#0"}
			}
		},
		{
			"from": [6.85, 6.698, 7.52365],
			"to": [9.15, 6.9, 8.47635],
			"rotation": {"angle": 0, "axis": "y", "origin": [8, 8.49375, 8]},
			"faces": {
				"east": {"uv": [5, 14.5, 5.9527, 14.702], "texture": "#0"},
				"west": {"uv": [6.5, 14, 7.4527, 14.202], "texture": "#0"},
				"down": {"uv": [14.5, 13.1, 15.4527, 15.4], "rotation": 90, "texture": "#0"}
			}
		},
		{
			"from": [7.5651, 9.5, 6.95],
			"to": [8.4349, 9.9, 9.05],
			"rotation": {"angle": 0, "axis": "y", "origin": [8, 8.49375, 8]},
			"faces": {
				"north": {"uv": [5.75, 11.5, 6.6198, 11.9], "texture": "#0"},
				"south": {"uv": [2.25, 11.5, 3.1198, 11.9], "texture": "#0"},
				"up": {"uv": [12.8698, 15.1, 12, 13], "texture": "#0"}
			}
		},
		{
			"from": [7.5651, 9.5, 6.95],
			"to": [8.4349, 9.903, 9.05],
			"rotation": {"angle": 45, "axis": "y", "origin": [8, 8.49375, 8]},
			"faces": {
				"north": {"uv": [6.6125, 11.5, 7.4823, 11.903], "texture": "#0"},
				"south": {"uv": [3.125, 11.5, 3.9948, 11.903], "texture": "#0"},
				"up": {"uv": [12.3698, 15.1, 11.5, 13], "texture": "#0"}
			}
		},
		{
			"from": [6.95, 9.5, 7.5651],
			"to": [9.05, 9.901, 8.4349],
			"rotation": {"angle": 45, "axis": "y", "origin": [8, 8.49375, 8]},
			"faces": {
				"east": {"uv": [4.875, 11.5, 5.7448, 11.901], "texture": "#0"},
				"west": {"uv": [1.375, 11.5, 2.2448, 11.901], "texture": "#0"},
				"up": {"uv": [11.8698, 13.35, 11, 15.45], "rotation": 90, "texture": "#0"}
			}
		},
		{
			"from": [6.95, 9.5, 7.5651],
			"to": [9.05, 9.902, 8.4349],
			"rotation": {"angle": 0, "axis": "y", "origin": [8, 8.49375, 8]},
			"faces": {
				"east": {"uv": [4, 11.5, 4.8698, 11.902], "texture": "#0"},
				"west": {"uv": [0.5, 11.5, 1.3698, 11.902], "texture": "#0"},
				"up": {"uv": [12.3698, 13.35, 11.5, 15.45], "rotation": 90, "texture": "#0"}
			}
		},
		{
			"from": [7.4, 9.9, 7.75145],
			"to": [8.6, 10.15, 8.24855],
			"rotation": {"angle": 0, "axis": "y", "origin": [8, 8.49375, 8]},
			"faces": {
				"east": {"uv": [2.5, 10.5, 2.9971, 10.75], "texture": "#0"},
				"west": {"uv": [0.5, 10.5, 0.9971, 10.75], "texture": "#0"}
			}
		},
		{
			"from": [7.3, 10.153, 7.71005],
			"to": [8.7, 10.228, 8.28995],
			"rotation": {"angle": -22.5, "axis": "y", "origin": [8, 8.49375, 8]},
			"faces": {
				"east": {"uv": [9, 0, 9.5799, 0.075], "texture": "#0"},
				"west": {"uv": [1, 9, 1.5799, 9.075], "texture": "#0"},
				"up": {"uv": [10.4, 1.5799, 9, 1], "texture": "#0"},
				"down": {"uv": [14.8201, 1.95, 15.4, 0.55], "rotation": 90, "texture": "#0"}
			}
		},
		{
			"from": [7.3, 10.152, 7.71005],
			"to": [8.7, 10.227, 8.28995],
			"rotation": {"angle": 22.5, "axis": "y", "origin": [8, 8.49375, 8]},
			"faces": {
				"east": {"uv": [9, 2, 9.5799, 2.075], "texture": "#0"},
				"west": {"uv": [3, 9, 3.5799, 9.075], "texture": "#0"},
				"up": {"uv": [10.4, 3.5799, 9, 3], "texture": "#0"},
				"down": {"uv": [14.8201, 1.95, 15.4, 0.55], "rotation": 90, "texture": "#0"}
			}
		},
		{
			"from": [7.71005, 10.151, 7.3],
			"to": [8.28995, 10.226, 8.7],
			"rotation": {"angle": -22.5, "axis": "y", "origin": [8, 8.49375, 8]},
			"faces": {
				"north": {"uv": [9, 4, 9.5799, 4.075], "texture": "#0"},
				"south": {"uv": [5, 9, 5.5799, 9.075], "texture": "#0"},
				"up": {"uv": [9.5799, 6.4, 9, 5], "texture": "#0"},
				"down": {"uv": [15.4, 0.55, 14.8201, 1.95], "texture": "#0"}
			}
		},
		{
			"from": [7.71005, 10.15, 7.3],
			"to": [8.28995, 10.225, 8.7],
			"rotation": {"angle": 22.5, "axis": "y", "origin": [8, 8.49375, 8]},
			"faces": {
				"north": {"uv": [9, 6, 9.5799, 6.075], "texture": "#0"},
				"south": {"uv": [7, 9, 7.5799, 9.075], "texture": "#0"},
				"up": {"uv": [9.5799, 8.4, 9, 7], "texture": "#0"},
				"down": {"uv": [15.4, 0.55, 14.8201, 1.95], "texture": "#0"}
			}
		},
		{
			"from": [7.4, 9.9, 7.75145],
			"to": [8.6, 10.15, 8.24855],
			"rotation": {"angle": 45, "axis": "y", "origin": [8, 8.49375, 8]},
			"faces": {
				"east": {"uv": [3, 10.5, 3.4971, 10.75], "texture": "#0"},
				"west": {"uv": [1, 10.5, 1.4971, 10.75], "texture": "#0"}
			}
		},
		{
			"from": [7.4, 9.9, 7.75145],
			"to": [8.6, 10.15, 8.24855],
			"rotation": {"angle": -45, "axis": "y", "origin": [8, 8.49375, 8]},
			"faces": {
				"east": {"uv": [2, 10.5, 2.4971, 10.75], "texture": "#0"},
				"west": {"uv": [4, 10.5, 4.4971, 10.75], "texture": "#0"}
			}
		},
		{
			"from": [7.75145, 9.9, 7.4],
			"to": [8.24855, 10.15, 8.6],
			"rotation": {"angle": 0, "axis": "y", "origin": [8, 8.49375, 8]},
			"faces": {
				"north": {"uv": [3.5, 10.5, 3.9971, 10.75], "texture": "#0"},
				"south": {"uv": [1.5, 10.5, 1.9971, 10.75], "texture": "#0"}
			}
		},
		{
			"from": [6.75, 6.877, 7.48225],
			"to": [9.25, 9.502, 8.51775],
			"rotation": {"angle": 0, "axis": "y", "origin": [8, 8.1875, 8]},
			"faces": {
				"east": {"uv": [4.65, 12.65, 5.6855, 15.275], "texture": "#0"},
				"west": {"uv": [0.5, 12.65, 1.5355, 15.275], "texture": "#0"},
				"up": {"uv": [6, 14.3355, 3.5, 13.3], "texture": "#0"},
				"down": {"uv": [6.1, 13.25, 3.6, 14.2855], "texture": "#0"}
			}
		},
		{
			"from": [6.75, 6.878, 7.48225],
			"to": [9.25, 9.503, 8.51775],
			"rotation": {"angle": -45, "axis": "y", "origin": [8, 8.1875, 8]},
			"faces": {
				"east": {"uv": [3.6125, 12.65, 4.648, 15.275], "texture": "#0"},
				"west": {"uv": [7.7625, 12.65, 8.798, 15.275], "texture": "#0"},
				"up": {"uv": [6.5, 14.3355, 4, 13.3], "texture": "#0"},
				"down": {"uv": [6.5, 14, 4, 15.0355], "texture": "#0"}
			}
		},
		{
			"from": [7.48225, 6.876, 6.75],
			"to": [8.51775, 9.501, 9.25],
			"rotation": {"angle": -45, "axis": "y", "origin": [8, 8.1875, 8]},
			"faces": {
				"north": {"uv": [5.6875, 12.65, 6.723, 15.275], "texture": "#0"},
				"south": {"uv": [1.5375, 12.65, 2.573, 15.275], "texture": "#0"},
				"up": {"uv": [5.2355, 15.2, 4.2, 12.7], "texture": "#0"},
				"down": {"uv": [3.6355, 12.75, 2.6, 15.25], "texture": "#0"}
			}
		},
		{
			"from": [7.48225, 6.875, 6.75],
			"to": [8.51775, 9.5, 9.25],
			"rotation": {"angle": 0, "axis": "y", "origin": [8, 8.1875, 8]},
			"faces": {
				"north": {"uv": [6.725, 12.65, 7.7605, 15.275], "texture": "#0"},
				"south": {"uv": [2.575, 12.65, 3.6105, 15.275], "texture": "#0"},
				"up": {"uv": [7.7355, 15.3, 6.7, 12.8], "texture": "#0"},
				"down": {"uv": [2.0355, 12.5, 1, 15], "texture": "#0"}
			}
		}
	],
	"display": {
		"thirdperson_righthand": {
			"rotation": [8.16, 32.5, 12.24],
			"translation": [-0.25, -0.5, 0.5]
		},
		"thirdperson_lefthand": {
			"rotation": [8.16, 32.5, 12.24],
			"translation": [-0.25, -0.5, 0.5]
		},
		"firstperson_righthand": {
			"rotation": [2.15, -19.9, -4.81],
			"translation": [-4.5, 4.5, 5.5]
		},
		"firstperson_lefthand": {
			"rotation": [2.15, -19.9, -4.81],
			"translation": [-4.5, 4.5, 5.5]
		},
		"ground": {
			"translation": [0, -1, 0]
		},
		"gui": {
			"rotation": [15.71, 14.32, -6.57],
			"translation": [0, -1.5, 0],
			"scale": [4, 4, 4]
		}
	}
}