{
	"format_version": "1.21.6",
	"credit": "Made with Blockbench",
	"textures": {
		"0": "f_model/cartridges",
		"particle": "f_model/cartridges"
	},
	"elements": [
		{
			"from": [7.7514, 5.804, 7.4],
			"to": [8.2486, 10.204, 8.6],
			"rotation": {"angle": 0, "axis": "y", "origin": [8, 8, 8]},
			"faces": {
				"north": {"uv": [0, 0.15, 0.1243, 1.25], "texture": "#0"},
				"south": {"uv": [0, 0.15, 0.1243, 1.25], "texture": "#0"},
				"up": {"uv": [1.6243, 1.8, 1.5, 1.5], "texture": "#0"},
				"down": {"uv": [1.6243, 0, 1.5, 0.3], "texture": "#0"}
			}
		},
		{
			"from": [7.7514, 5.808, 7.4],
			"to": [8.2486, 10.208, 8.6],
			"rotation": {"angle": 45, "axis": "y", "origin": [8, 8, 8]},
			"faces": {
				"north": {"uv": [0.5, 0.15, 0.6243, 1.25], "texture": "#0"},
				"south": {"uv": [0.5, 0.15, 0.6243, 1.25], "texture": "#0"},
				"up": {"uv": [2.1243, 1.8, 2, 1.5], "texture": "#0"},
				"down": {"uv": [2.1243, 0, 2, 0.3], "texture": "#0"}
			}
		},
		{
			"from": [7.4, 5.8, 7.7514],
			"to": [8.6, 10.2, 8.2486],
			"rotation": {"angle": 0, "axis": "y", "origin": [8, 8, 8]},
			"faces": {
				"east": {"uv": [0, 0.15, 0.1243, 1.25], "texture": "#0"},
				"west": {"uv": [0, 0.15, 0.1243, 1.25], "texture": "#0"},
				"up": {"uv": [1.8, 1.6243, 1.5, 1.5], "texture": "#0"},
				"down": {"uv": [1.8, 0.5, 1.5, 0.6243], "texture": "#0"}
			}
		},
		{
			"from": [7.7514, 5.812, 7.4],
			"to": [8.2486, 10.212, 8.6],
			"rotation": {"angle": -45, "axis": "y", "origin": [8, 8, 8]},
			"faces": {
				"north": {"uv": [0.5, 0.15, 0.6243, 1.25], "texture": "#0"},
				"south": {"uv": [0.5, 0.15, 0.6243, 1.25], "texture": "#0"},
				"up": {"uv": [2.1243, 1.8, 2, 1.5], "texture": "#0"},
				"down": {"uv": [2.1243, 0.5, 2, 0.8], "texture": "#0"}
			}
		}
	],
	"display": {
		"thirdperson_righthand": {
			"rotation": [38.36, 37.67, -22.38],
			"translation": [-0.5, 0.25, 0.5],
			"scale": [0.25, 0.25, 0.25]
		},
		"thirdperson_lefthand": {
			"rotation": [38.36, 37.67, -22.38],
			"translation": [-0.5, 0.25, 0.5],
			"scale": [0.25, 0.25, 0.25]
		},
		"firstperson_righthand": {
			"rotation": [-34.41, -15.84, -22.31],
			"translation": [-5.5, 5.25, 7],
			"scale": [0.25, 0.25, 0.25]
		},
		"firstperson_lefthand": {
			"rotation": [-34.41, -15.84, -22.31],
			"translation": [-5.5, 5.25, 7],
			"scale": [0.25, 0.25, 0.25]
		},
		"ground": {
			"rotation": [0, 0, 90],
			"translation": [0, -2, 0],
			"scale": [0.25, 0.25, 0.25]
		},
		"gui": {
			"rotation": [11.87, -2.79, -17.01],
			"scale": [2, 2, 2]
		}
	}
}