{
	"format_version": "1.21.6",
	"credit": "Made with Blockbench",
	"textures": {
		"0": "f_model/cartridges",
		"particle": "f_model/cartridges"
	},
	"elements": [
		{
			"from": [7.6, 5.808, 7.8344],
			"to": [8.4, 8.408, 8.1656],
			"rotation": {"angle": 0, "axis": "y", "origin": [8, 7.006, 8]},
			"faces": {
				"east": {"uv": [3.05, 0.4, 3.1328, 1.05], "texture": "#0"},
				"west": {"uv": [3.05, 0.4, 3.1328, 1.05], "texture": "#0"},
				"up": {"uv": [3.35, 0.7328, 3.15, 0.65], "texture": "#0"},
				"down": {"uv": [2.2, 0.5, 2, 0.5828], "texture": "#0"}
			}
		},
		{
			"from": [7.75, 8.4, 7.8964],
			"to": [8.25, 9.904, 8.1036],
			"rotation": {"angle": 0, "axis": "y", "origin": [8, 9.203, 8]},
			"faces": {
				"east": {"uv": [4.05, 0.35, 4.1018, 0.726], "texture": "#0"},
				"west": {"uv": [4.05, 0.35, 4.1018, 0.726], "texture": "#0"},
				"up": {"uv": [4.875, 0.0518, 4.75, 0], "texture": "#0"}
			}
		},
		{
			"from": [7.6, 5.804, 7.8344],
			"to": [8.4, 8.404, 8.1656],
			"rotation": {"angle": 45, "axis": "y", "origin": [8, 7.006, 8]},
			"faces": {
				"east": {"uv": [3.05, 0.4, 3.1328, 1.05], "texture": "#0"},
				"west": {"uv": [3.05, 0.4, 3.1328, 1.05], "texture": "#0"},
				"up": {"uv": [3.35, 0.7328, 3.15, 0.65], "texture": "#0"},
				"down": {"uv": [2.2, 0.5, 2, 0.5828], "texture": "#0"}
			}
		},
		{
			"from": [7.8964, 8.4, 7.75],
			"to": [8.1036, 9.9, 8.25],
			"rotation": {"angle": -45, "axis": "y", "origin": [8, 9.203, 8]},
			"faces": {
				"north": {"uv": [4.05, 0.35, 4.1018, 0.725], "texture": "#0"},
				"south": {"uv": [4.05, 0.35, 4.1018, 0.725], "texture": "#0"},
				"up": {"uv": [4.875, 0.0518, 4.75, 0], "rotation": 270, "texture": "#0"}
			}
		},
		{
			"from": [7.8344, 5.8, 7.6],
			"to": [8.1656, 8.4, 8.4],
			"rotation": {"angle": 0, "axis": "y", "origin": [8, 7.006, 8]},
			"faces": {
				"north": {"uv": [3.05, 0.4, 3.1328, 1.05], "texture": "#0"},
				"south": {"uv": [3.05, 0.4, 3.1328, 1.05], "texture": "#0"},
				"up": {"uv": [3.35, 0.7328, 3.15, 0.65], "rotation": 270, "texture": "#0"},
				"down": {"uv": [2.2, 0.5, 2, 0.5828], "rotation": 90, "texture": "#0"}
			}
		},
		{
			"from": [7.8964, 8.4, 7.75],
			"to": [8.1036, 9.912, 8.25],
			"rotation": {"angle": 0, "axis": "y", "origin": [8, 9.203, 8]},
			"faces": {
				"north": {"uv": [4.05, 0.35, 4.1018, 0.728], "texture": "#0"},
				"south": {"uv": [4.05, 0.35, 4.1018, 0.728], "texture": "#0"},
				"up": {"uv": [4.875, 0.0518, 4.75, 0], "rotation": 90, "texture": "#0"}
			}
		},
		{
			"from": [7.6, 5.812, 7.8344],
			"to": [8.4, 8.412, 8.1656],
			"rotation": {"angle": -45, "axis": "y", "origin": [8, 7.006, 8]},
			"faces": {
				"east": {"uv": [3.05, 0.4, 3.1328, 1.05], "texture": "#0"},
				"west": {"uv": [3.05, 0.4, 3.1328, 1.05], "texture": "#0"},
				"up": {"uv": [3.35, 0.7328, 3.15, 0.65], "texture": "#0"},
				"down": {"uv": [2.2, 0.5, 2, 0.5828], "texture": "#0"}
			}
		},
		{
			"from": [7.75, 8.4, 7.8964],
			"to": [8.25, 9.908, 8.1036],
			"rotation": {"angle": -45, "axis": "y", "origin": [8, 9.203, 8]},
			"faces": {
				"east": {"uv": [4.05, 0.35, 4.1018, 0.727], "texture": "#0"},
				"west": {"uv": [4.05, 0.35, 4.1018, 0.727], "texture": "#0"},
				"up": {"uv": [4.875, 0.0518, 4.75, 0], "texture": "#0"}
			}
		},
		{
			"from": [7.9378, 9.9, 7.85],
			"to": [8.0622, 10.308, 8.15],
			"rotation": {"angle": 0, "axis": "y", "origin": [8, 9.954, 8]},
			"faces": {
				"north": {"uv": [4.6, 0, 4.6311, 0.102], "texture": "#0"},
				"south": {"uv": [4.6, 0, 4.6311, 0.102], "texture": "#0"},
				"up": {"uv": [4.625, 0.0311, 4.55, 0], "rotation": 270, "texture": "#0"}
			}
		},
		{
			"from": [7.9378, 9.9, 7.85],
			"to": [8.0622, 10.312, 8.15],
			"rotation": {"angle": -45, "axis": "y", "origin": [8, 9.954, 8]},
			"faces": {
				"north": {"uv": [4.6, 0, 4.6311, 0.102], "texture": "#0"},
				"south": {"uv": [4.6, 0, 4.6311, 0.102], "texture": "#0"},
				"up": {"uv": [4.625, 0.0311, 4.55, 0], "rotation": 270, "texture": "#0"}
			}
		},
		{
			"from": [7.85, 9.9, 7.9378],
			"to": [8.15, 10.304, 8.0622],
			"rotation": {"angle": -45, "axis": "y", "origin": [8, 9.954, 8]},
			"faces": {
				"east": {"uv": [4.6, 0, 4.6311, 0.102], "texture": "#0"},
				"west": {"uv": [4.6, 0, 4.6311, 0.102], "texture": "#0"},
				"up": {"uv": [4.625, 0.0311, 4.55, 0], "rotation": 180, "texture": "#0"}
			}
		},
		{
			"from": [7.85, 9.9, 7.9378],
			"to": [8.15, 10.3, 8.0622],
			"rotation": {"angle": 0, "axis": "y", "origin": [8, 9.954, 8]},
			"faces": {
				"east": {"uv": [4.6, 0, 4.6311, 0.102], "texture": "#0"},
				"west": {"uv": [4.6, 0, 4.6311, 0.102], "texture": "#0"},
				"up": {"uv": [4.625, 0.0311, 4.55, 0], "texture": "#0"}
			}
		}
	],
	"display": {
		"thirdperson_righthand": {
			"rotation": [31.84, 33.65, -36.75],
			"translation": [-0.5, 0, 0.5],
			"scale": [0.25, 0.25, 0.25]
		},
		"thirdperson_lefthand": {
			"rotation": [31.84, 33.65, -36.75],
			"translation": [-0.5, 0, 0.5],
			"scale": [0.25, 0.25, 0.25]
		},
		"firstperson_righthand": {
			"rotation": [-77.4, -41.97, -51.91],
			"translation": [-5.5, 5.25, 7],
			"scale": [0.25, 0.25, 0.25]
		},
		"firstperson_lefthand": {
			"rotation": [-77.4, -41.97, -51.91],
			"translation": [-5.5, 5.25, 7],
			"scale": [0.25, 0.25, 0.25]
		},
		"ground": {
			"rotation": [0, 0, 90],
			"translation": [0, -2, 0],
			"scale": [0.25, 0.25, 0.25]
		},
		"gui": {
			"rotation": [15.79, 26.05, -12.99],
			"scale": [2, 2, 2]
		}
	}
}