{
	"format_version": "1.21.6",
	"credit": "Made with Blockbench",
	"textures": {
		"0": "f_model/cartridges",
		"particle": "f_model/cartridges"
	},
	"elements": [
		{
			"from": [7.625, 6.51, 7.84475],
			"to": [8.375, 8.01, 8.15525],
			"rotation": {"angle": 22.5, "axis": "y", "origin": [8, 7.8125, 8]},
			"faces": {
				"east": {"uv": [5.65, 0.75, 5.7121, 1.05], "texture": "#0"},
				"west": {"uv": [5.65, 0.75, 5.7121, 1.05], "texture": "#0"},
				"up": {"uv": [5.8, 0.7121, 5.65, 0.65], "texture": "#0"},
				"down": {"uv": [5.75, 1.15, 5.6, 1.2121], "texture": "#0"}
			}
		},
		{
			"from": [7.84475, 6.505, 7.625],
			"to": [8.15525, 8.005, 8.375],
			"rotation": {"angle": -22.5, "axis": "y", "origin": [8, 7.8125, 8]},
			"faces": {
				"north": {"uv": [5.65, 0.75, 5.7121, 1.05], "texture": "#0"},
				"south": {"uv": [5.65, 0.75, 5.7121, 1.05], "texture": "#0"},
				"up": {"uv": [5.8, 0.7121, 5.65, 0.65], "rotation": 270, "texture": "#0"},
				"down": {"uv": [5.75, 1.15, 5.6, 1.2121], "rotation": 90, "texture": "#0"}
			}
		},
		{
			"from": [7.625, 6.515, 7.84475],
			"to": [8.375, 8.015, 8.15525],
			"rotation": {"angle": -22.5, "axis": "y", "origin": [8, 7.8125, 8]},
			"faces": {
				"east": {"uv": [5.65, 0.75, 5.7121, 1.05], "texture": "#0"},
				"west": {"uv": [5.65, 0.75, 5.7121, 1.05], "texture": "#0"},
				"up": {"uv": [5.8, 0.7121, 5.65, 0.65], "texture": "#0"},
				"down": {"uv": [5.75, 1.15, 5.6, 1.2121], "texture": "#0"}
			}
		},
		{
			"from": [7.84475, 6.5, 7.625],
			"to": [8.15525, 8, 8.375],
			"rotation": {"angle": 22.5, "axis": "y", "origin": [8, 7.8125, 8]},
			"faces": {
				"north": {"uv": [5.65, 0.75, 5.7121, 1.05], "texture": "#0"},
				"south": {"uv": [5.65, 0.75, 5.7121, 1.05], "texture": "#0"},
				"up": {"uv": [5.8, 0.7121, 5.65, 0.65], "rotation": 90, "texture": "#0"},
				"down": {"uv": [5.75, 1.15, 5.6, 1.2121], "rotation": 270, "texture": "#0"}
			}
		},
		{
			"from": [7.8705, 8, 7.6875],
			"to": [8.1295, 8.75, 8.3125],
			"rotation": {"angle": 0, "axis": "y", "origin": [8, 8.375, 8]},
			"faces": {
				"north": {"uv": [5.65, 0.25, 5.6914, 0.4], "texture": "#0"},
				"south": {"uv": [5.65, 0.25, 5.6914, 0.4], "texture": "#0"},
				"up": {"uv": [5.75, 0.1914, 5.65, 0.15], "rotation": 270, "texture": "#0"}
			}
		},
		{
			"from": [7.8705, 8, 7.6875],
			"to": [8.1295, 8.765, 8.3125],
			"rotation": {"angle": 45, "axis": "y", "origin": [8, 8.375, 8]},
			"faces": {
				"north": {"uv": [5.65, 0.25, 5.6914, 0.4], "texture": "#0"},
				"south": {"uv": [5.65, 0.25, 5.6914, 0.4], "texture": "#0"},
				"up": {"uv": [5.75, 0.1914, 5.65, 0.15], "rotation": 270, "texture": "#0"}
			}
		},
		{
			"from": [7.6875, 8, 7.8705],
			"to": [8.3125, 8.76, 8.1295],
			"rotation": {"angle": 0, "axis": "y", "origin": [8, 8.375, 8]},
			"faces": {
				"east": {"uv": [5.65, 0.25, 5.6914, 0.4], "texture": "#0"},
				"west": {"uv": [5.65, 0.25, 5.6914, 0.4], "texture": "#0"},
				"up": {"uv": [5.75, 0.1914, 5.65, 0.15], "rotation": 180, "texture": "#0"}
			}
		},
		{
			"from": [7.8705, 8, 7.6875],
			"to": [8.1295, 8.755, 8.3125],
			"rotation": {"angle": -45, "axis": "y", "origin": [8, 8.375, 8]},
			"faces": {
				"north": {"uv": [5.65, 0.25, 5.6914, 0.4], "texture": "#0"},
				"south": {"uv": [5.65, 0.25, 5.6914, 0.4], "texture": "#0"},
				"up": {"uv": [5.75, 0.1914, 5.65, 0.15], "rotation": 270, "texture": "#0"}
			}
		}
	],
	"display": {
		"thirdperson_righthand": {
			"rotation": [11.39, 50.58, -15.93],
			"translation": [-0.5, 0.25, 0.25],
			"scale": [0.2, 0.2, 0.2]
		},
		"thirdperson_lefthand": {
			"rotation": [11.39, 50.58, -15.93],
			"translation": [-0.5, 0.25, 0.25],
			"scale": [0.2, 0.2, 0.2]
		},
		"firstperson_righthand": {
			"rotation": [-58.63, -75.65, -56.73],
			"translation": [-6.5, 6.25, 8.5],
			"scale": [0.2, 0.2, 0.2]
		},
		"firstperson_lefthand": {
			"rotation": [-58.63, -75.65, -56.73],
			"translation": [-6.5, 6.25, 8.5],
			"scale": [0.2, 0.2, 0.2]
		},
		"ground": {
			"rotation": [0, 0, 90],
			"translation": [0, -2, 0],
			"scale": [0.2, 0.2, 0.2]
		},
		"gui": {
			"rotation": [27.96, 16.35, -14.73],
			"translation": [0.25, 0, 0],
			"scale": [3, 3, 3]
		}
	}
}